tree_size	origin	root_b64	statement_sha256	rekor_uuid	rekor_logIndex	rekor_integratedTime
49	notbefore.net/log	oYuPzlExLfJ4T4zkg83duNtlinjefnsid8Hd28qcFUc=	32a63721d94d94c54c606d196be6eef91d2abcc3d5c553e2e97f4c2656c1e953	108e9186e8c5677ab14ee117e8cc73b11c578d5b7abf7f7bcbd9ab070f3d4f2f467fe508b637d600	2809557676	1789230363
50	notbefore.net/log	Pg0Uc2rkM+S466sScvefzCMj2PuumnqvRfrpzA6590c=	dc12183a2ab02ef0713e55572d71440921e5bd2f34a26056cc19ebc6bda04515	108e9186e8c5677a0674ca88477c8fc96e084f18bd46848043e5c99c9d0aec0bc6489084d488fefa	2809851286	1789232527
51	notbefore.net/log	Ewye22aks9CW8K2xA8p/xvSoTHE9Pp43xPjs2lu+NsA=	00f2121f2d9dd2e5d2be8b4c3cca90a6bdd6c065b179b1a212b6aaff90fb7aea	108e9186e8c5677a1b20af98db6ad9d0c30c301b04bc3b94ce4996346c92dcbd598244e22e10dcad	2809871212	1789232827
52	notbefore.net/log	ZjWLZu2zn4aw+6NiJzOh0nzrZB/gC7sLosae2/tnQKg=	b1d8a9c31757dd6fccdc4c579c49bfe60ca5cd909864eb2557d9d4975232b44d	108e9186e8c5677ac71bd373e069cddb52b1b6566c958c7c206451819161df9af562683e33a82ab8	2810322683	1789236124
53	notbefore.net/log	mvFOyEKIy72L6gzzbb4R6xUWIhOVSsdAk534JTYo7Iw=	74734c3d69e28b7916ee5b1295155fb95fa4786a98b48b502bcd5d3a3e70a753	108e9186e8c5677a6d1df131d26f80681c8abe406c67063c9c722484149fa53f3732ee0f45c65d51	2810334579	1789236428
54	notbefore.net/log	RvqqggAJibDkn84p8LjOv8houmResOWq/g6z15kv0Sw=	913dfaf71ff8651dd48d7ebf8869b70ec5d1186fd049b2715a8af08632b21c9e	108e9186e8c5677a2ec762d843003db9cde4db48576794205f4cc91dc75e10ac77b7c3ac19baf9f6	2810663853	1789239721
55	notbefore.net/log	YrILaPiBOq9zC42Pzvs+nTZnvLHSRuzP9r4B7Tqo4Ik=	752dd6fde778eaa8f7b153b7c8a3b44c219aecf92df29120f93b03c365da364b	108e9186e8c5677a54a9a8b0199d724afa2744e4ff684df54225531e4e391dc9c2476d90019cd7f8	2810677977	1789240033
56	notbefore.net/log	dtBLKRVkelSWwDbLZj+jFz3qBUJy66DeXRyKDc6flzU=	9db3e197e2f9571e0a64449fb7b84c0ed001d4f7e1a57020ec49b572b275ff78	108e9186e8c5677afaea006a95e3c8da0cd72881b16ea34bf65b5b430df9097969c42e53849ad41f	2810825371	1789243322
57	notbefore.net/log	K2fbemP4Q06gc7DAbQ3D2L44E6LbMsAkD/WfSWNx7fI=	a9015985be60453be1a03990e003d6b5ad237e5b4c4e35aaf02be6f96a97ad78	108e9186e8c5677ade7293dc5c99721993e054bda56eda6fa2c16b57ede84187d9a8dc0694cf3299	2810848603	1789243628
58	notbefore.net/log	u14PESJyLSCa5P4SMCp7zZy/gjT9qy6ARnmcY6USYRY=	86cf539e65029294006f235fcc61426c48d98bb5d032d7aa1940329f428be376	108e9186e8c5677a1210811f681ea89b977151e3d6eb8da3005fa10a5daa7af9ae631d02346b1726	2811237794	1789246922
59	notbefore.net/log	3qa+GHKd4DlairfxwwNnpiHLYr7odH/U383kj5l+kuM=	32f5cc59ecdaad09b2abddbc525d40c48b4f1115eeecc01855da80014885f910	108e9186e8c5677a65d9bf820182bfdbf847a8a4c40583f4ef91edf77ca21daa044286f676ddd030	2811281472	1789247228
60	notbefore.net/log	/7RimCPkn2fY4L1WMnnspm/i1RfKlXNW6pnsLcrH6Vc=	4dca9e785200c9b40a629b6cffd7a9d35bfb47fb56c1354dd99a77cb1781bb06	108e9186e8c5677afe693f482e2ee268bb6713dd874775e8745bfa30e1d55a82ea2ed9de25041512	2811647148	1789250527
61	notbefore.net/log	Tma36kZdapAXaMfo9nP9P8bqvFR/xWnMFEmUvz1ohos=	10b9f918d4db923bea6ec3d9a19489953e000b10c9c6cc9a127c5a1253c0ca85	108e9186e8c5677adbf6c46af1b627ffa8be1507d7d93cad8e86c2552237e8bbbe40e5147a56351c	2811660434	1789250832
62	notbefore.net/log	OWMLAkiBjuXAlZM8zbTHSz99DBtJqPeupk2RJ1+QgH0=	388698c81311e8afedffb0585667fa962b1ba65ffdf771c4b7c4e75827044151	108e9186e8c5677a884c99d1723bdbb4752a5a5b84edca7ce66e196300179849e5fa87ac3d7b663b	2812059264	1789254137
63	notbefore.net/log	1Rw7UQPYi7NZGsgcTg4OtEt91S/4WbSjNZjaDsNplk8=	fd5b800a66ab92545c4104e053113509421fcb0d3f46010515c7d1891258fdef	108e9186e8c5677a13bd2f8ebf26819268b786983b5cbe8d5e5d210e4cebec37ab381a38bd1e61c0	2812085991	1789254427
64	notbefore.net/log	Mwp/PCzTq8MOIn5lPo9grd00ZGIojsMYuJwoKrfHDD0=	5ad1940e475584642d3ce2a414f9e38e6231e8e17325ce907f55ea8d704da725	108e9186e8c5677a061163745ac79808b0aecf369aaa7ecf5cf5f7981a31e1fde98e96f67e1d6455	2812633222	1789257726
65	notbefore.net/log	a2O+83GZbbqiVIwK6njmK8iFxHQm4YfxGu8FITk+Ueo=	34311200ce67992f4deeff2dc4a57a1f9f4792e3d4ee16a7f6e776c3668b86fd	108e9186e8c5677a8650b057134d5074d26113029a55816d6ca37acc96a99c06d221d6cbdc6d9f31	2812652609	1789258027
66	notbefore.net/log	OR4lXHciEMVQYlUmsHB9dLgjf/GM+tKXxF1W12osC/A=	2d9c44a9371e544133ab403fbec0db6e64081819901a847d76a98af8f184c903	108e9186e8c5677afb9abb26862d4bb882db43cc61edf6e1b07ab7b2c08258994c1657c1ebc4acd7	2813168750	1789261327
67	notbefore.net/log	qWpfJCTKXyUqhEaNR/kZWOE0a+MwVb//xPIUj+rrojQ=	0aa351578454335debdc9c55b8c2b617f68a828f23840eab8e692b75e18b53c7	108e9186e8c5677aa35ba7e66154e554833f39f1135822b0813fd25feb5f038502f8834f77fbfa84	2813206977	1789261630
68	notbefore.net/log	HAS45gt4LT1HorLkLkaRgB5ZEc6YM99mX5ZtznUBNjc=	e59873b770d869d3343350d9e4e9a96418810d90642c4d01cb2af5a2f516e3e7	108e9186e8c5677a73667f495536814da73e81daa9fa6bbaf8911d1edbf8af819861a4d7423a363d	2813488073	1789264921
69	notbefore.net/log	odBLVfV8XVQza59fJWOksKBjB01IEky7/yAyvyGgfDw=	f3ef26a08484ebd8e92c20d51befbf8433f54827c13921d504229d8d421ddf20	108e9186e8c5677a5712a459213ecdf9fbfc4aefc7e00efce6204f2711c482139f4252fa5937148e	2813497495	1789265232
70	notbefore.net/log	g6QxMkZdGI2eGo79ajD/kQJGHrSstWQ6a6gfsND6ZRM=	f041bd11a316467dfe3f8196a2ddfe595f5337d4bf6859951df421d1483d3266	108e9186e8c5677a084bfb21cd0c256c4a1b5c6d0026112e4385dd77410a6e67eaead4a55d950460	2813641208	1789268523
71	notbefore.net/log	cMawSLhC72YJTaGOmTTNv2OGC/NJ5vg4xRjMLipHy2Q=	a4691ad6e19c274a659bf1df46fe2bf9659a1d85312745aa5fc48aa8db51dc8c	108e9186e8c5677af7ac3dbb8b428daf8f7555ec7e412f4d916083db9b441abcb1f5a67018dd1c66	2813648546	1789268828
72	notbefore.net/log	xixSkob9DMKnymIL9gciMeFdtfITU8eKZIGN9gIwI3Y=	d3107aba7ed48056ea799968ea6b0fda2b362703364eb75166dc3f99222ea655	108e9186e8c5677aec66d5d8d6ed595cddb5522211cae767d770bfb89bbb5676f44f9018e05e45ab	2813807813	1789272125
73	notbefore.net/log	/cOBSD6fF8s4d+vqIbe/KEX31T+bU9fZKlHuoQIk2TI=	ec578df5ec136e887ee40d2d9b0cc2e3dbde6f57a4d771db0fa28899312f057e	108e9186e8c5677a35d9652b861099cddd4b8c373f54dc6834aa51b05b8a8bff7abf9e91599a01ac	2813836991	1789273247
74	notbefore.net/log	dgZrJOFs1G9oK3DlNAOf7Sdg0DlH0I7d8spyuTcalb8=	1f26b58a953ea0e691fd2321227b8f384dfe01dbc991f170874f40824af22cbe	108e9186e8c5677a5a658044df0ad13ca7b2e7b12c6d6436132001fca5a8904d51426c1f2564bcac	2814048965	1789275723
75	notbefore.net/log	eG3AJV3KBa8nCGiVDvWJRCeKtwAYq6NEvv7naxbCv0o=	13e740c512c523d82f5264b0e6b4d68d8f859d6c6d0ed46520da0af53b7ae2c7	108e9186e8c5677acc9d5ab07d999a320bea2d34e75d80db6214f3d1cc79afda0666f394ca06e0ad	2814069211	1789276033
76	notbefore.net/log	h2/WG1Zio4NbIHpUmkszhQv/tA+xnIDgTsaWNGzqoHY=	bbdb4a2e594be26830476db7ff0ef0ee5ccfa33461f6ce450e07bd5b01df86e6	108e9186e8c5677af5bde3f82fd4f7b8f983341bc31f2c161880d59aa584c554319824325907820e	2814480611	1789279328
77	notbefore.net/log	MPnupO2HKq7WoRMFoXd09ngABLqozwinftSvUNlCtNk=	e5fdd6a07b5ebe31680ad5540d8b3c67e76590b70957bf6f4dfffb6df864e2b2	108e9186e8c5677afa5ad6c098673d07e87af46a8da3e1d2b95b2be25f0fcf1c76e285cbe508f27a	2814506623	1789279628
78	notbefore.net/log	x7bcBTRazhvnoSRNMen6LWZugmjllz2YPNpZlbmaVNM=	a08ea714c2e2ab15201e41a44793af45e98bf23bfd48d9145ea328eec1b790b7	108e9186e8c5677af22459804df8618abadc5adb755a5b8a46f34fcc24d6493f7aba3569444e0dfd	2815023858	1789282926
79	notbefore.net/log	Kn75YQI9glHuS73NybXTjjlPtHL517PW/GiTyNuU8oA=	2daaef50cb40f114c0d1e85de40a3bc32b01778411326a9566d6c5638336724d	108e9186e8c5677acbddab0c8280077c33f59ee850b446f17cc9a923c0a7c4bac06a6757b05c1be2	2815059120	1789283228
80	notbefore.net/log	qM15EpVMDwwsXAlBuf6LXfgu9lezYm/RIKJRuAJJmTo=	b0fe0c949b98bb2b19ad07bfe1ff34816c20583aa0366dd30a2960b2faaee836	108e9186e8c5677a879e7d9e489580b72a92575985822c054c16ca37d9420e112986eef474b7b61f	2815489719	1789286528
81	notbefore.net/log	lrn2XUZB7ripTrzKoXZuYlt7SinE89kGmrBW23i1XFg=	2fd59a71a15a9845ce954a559c83b78eeef8f8266a7b95c6f0e9182fa230665d	108e9186e8c5677ad007b619c3b9c3930af07053fc6faaa98c2c11748700da8cd4cea5150e3e4f4b	2815508163	1789286827
82	notbefore.net/log	NxAlolKzV0cMsbOUXxJlnNg8O2Qn46V+ip+14penjMY=	eb0177bd1ede166277711cc0d6c73f3d151cd8feb11deaa1de335edf70b0f64b	108e9186e8c5677a7352b54e96377faae0e71f4ab7a19b5edb90e1018255c5a3fe35e2f6c1652d4e	2815934137	1789290132
83	notbefore.net/log	yUSnAd/Fbe1HyaAxo9vDR6kq0SlF2EAOl2yvgzzs+qw=	e5c79a52a63bc1cbaa2523bb9390086e355a195f63977ecb55ae1cf8ebc4c8d4	108e9186e8c5677afca141231359175aac9ee4cc09491d87b7085a1ebc0b91845e77124b70acff9a	2816000003	1789290549
84	notbefore.net/log	sZ+6QZJKwdduYVXP9TuYIhdJy6bxAQS1T7FPGIXiOn8=	53f7bca968aef31b79d53a0d3174a0ddb2f819c3b4adc71b2da47eb5a32d14ac	108e9186e8c5677afb9f8a206d771df987bfdfc4edfacc399dce8ab341854c25a84d850750c940d3	2816530846	1789293726
85	notbefore.net/log	GmeCTnAGWpSMKHjUAEWf4RKwh8VArypFz+oDJMvEc68=	1ef40e94189bf56720f90c6c74152e7f16e73a5d6cdfb86ffb2937073fd658c3	108e9186e8c5677a7d6bc78a2aeeadf091e07591d69b021eaa2781fb6da78302ea35fdbca3bf469d	2816555697	1789294034
86	notbefore.net/log	wL7HBBa2RIxVLC5izbn4gopo0Goqhh1vf5zmaho0QQU=	cb789f6a409c5998163bb0371dcc8c590394b9de3576158a4b708a899d82a1f1	108e9186e8c5677a4bba2ce5e9c76c96a5fac403d3080612cff330061022b375d5b24fddcff16a73	2817170413	1789297328
87	notbefore.net/log	kzJ7I9Wlw9f8WyNisYnBbkX5my+OUSsj5pBEt6V5sxk=	d8673f8c209b28939419f581dbcd10208f75790449a25fc72a279b23631702d1	108e9186e8c5677a037db5164503a01ddd11baafa0aeb4ba86d328c6edf6db7c7554e121d84f850c	2817200657	1789297628
88	notbefore.net/log	Nzq2JilRLpmIFF+JtlT1QSXphvqKjwwS5Qi7qNKxU0k=	5697aa854e03652085a5692b5e593a2b6f459a4a061b1cb8e18213f135a457cc	108e9186e8c5677a8e7978cf3ef49624b90aeb643b7884a7bc9a14a16ad14e60b5132b6e5c4e94d0	2817654926	1789300922
89	notbefore.net/log	7ASnvI5q1Kmxp46J0xC3Pf1oXqvSCgo6tTSgtXy/tag=	6e8b07b9c267dc062aec2e980fa111fc61db344102d7925734cc6314c5d44bc5	108e9186e8c5677af58ab0e048396e42b4d3015691a60a7daf6982bbf99f382af985535cefe560ab	2817668238	1789301232
90	notbefore.net/log	SjkOfa2wG8GB4rGUnKamNQXscqc1W+J5ttRxcIPLoH4=	37c136fa0ea91ecc7bc322ab20886554257006412812752ccd7c0ad07aaed10c	108e9186e8c5677ac2557aabc1a41a1aa4b60e2d3339c2c501ec4de38b33cc3b3103b3e48edf113f	2817739070	1789302448
91	notbefore.net/log	tTXosjagbbpokMIG1srY0RkG55R2iWfmQIGxL6NygFQ=	fcc0080d56f85a6456ac32b82216027da76d8b330c32a707906019b3b8cd27ef	108e9186e8c5677a66b43be94a769f616ae428f3431d5a7cadad7245304c482f5e8d460d93eaa20b	2817766687	1789302759
92	notbefore.net/log	YK9ukeZLSlbay3GQks4pjLvxz+3xRv2ywvMqXDoygZI=	6e2c2a563c95cbdf60eeae0add86cc3d59e1859d0288d1979e76dec4c2e4f2cf	108e9186e8c5677ac1de94e53ab0099a066dd0776201a533f9946cd8543cf26954c806fa48a0eff6	2818026954	1789304440
93	notbefore.net/log	ARLbN8hYeVjqVkWH2OVpX4rG58o5K+XPndswXZFVY9w=	1390c22feebf4047fcf936f52de69645259e8947ddffc1c2bea6d0c1f8d43ab8	108e9186e8c5677a067001197644779723bc27ea19efd338b385710051cd5591c3729e6d8fdce675	2818059306	1789304739
94	notbefore.net/log	b7VfVuiqRJFbQeHvaTJ/q20GG1Q2TO/4Bza7hMFyD8E=	5f86e1bc7ffdd468add76c3877aa00839f94357c52ac664891832797b08729db	108e9186e8c5677a2b9315474eb8289451eaf2e09f524b5588477e80e0bc8ec1162e4c9a6c2e5dcc	2818412420	1789308038
95	notbefore.net/log	lbGXScxtRTkmpT7rUrFc+TlrkF8PQfXwEkGAWn8gIac=	fae3fe27a3267404092ff374c5f99915e8808f9fc65ecb05e7fe53b7db53fa7b	108e9186e8c5677ad842964a0db209f89fb3611b4017c10b9a279e4e992b4bd3b28e70a00bd921ae	2818444263	1789308339
96	notbefore.net/log	zxvthsG0PEgQrPU47B8Q/2dOhoz1tL/Pp+LV8pkWJxA=	00a2b31840e49ac17d124de1212c688e9883fed42eb997fc7b44777b7b43a5c3	108e9186e8c5677ac069ebffdb185166917f614cb2d405a0fc1b5b48b318b24d00908ad5b6078bf3	2818995627	1789311752
97	notbefore.net/log	io3AdZHC6lD8P6muz5vZp9GUdE+KieAB2G6ujngNUpM=	9a9844821f5f21aa1ca542980e646c20768ced31a762c0866be5417074d60d95	108e9186e8c5677a36874abba9e1758fa32a0eeaaa3c9cc2f0af43db9b189868466f9ca4c9592cec	2819021075	1789312213
98	notbefore.net/log	CV+1BuBuNolfRUglaurngPzcG/aHAXAOonI2DZqtIB0=	1f4acd58e986491a38baefb3ff3b6276b5c4987436294517f7afb0a76b981552	108e9186e8c5677a86aa54230d655af7a03bd49624c4e1442ecdace1bfa11c65f933e747307aec26	2819597996	1789315218
99	notbefore.net/log	+qhpDr+Ch4SzKTVltbkw/qCDx9fb74eQ1p/crLNrdmU=	a6e0914b999b775748378e82e630eb89cfcc4b838952b6d920101e45852d329c	108e9186e8c5677af2700b0855f208b07537f39038dfc685192d0c0f20a452c946acdb617375e6e6	2819650064	1789315518
100	notbefore.net/log	lYviYDhdGES3bPOHsCX0Y3r4p4i39jcbXJfSh9O2ehs=	c1a4e906a08f85c112627e897d4ad1e284decd3ca0ad219a9b463fe74a504bc8	108e9186e8c5677a976240ff95fcade2f2812704843d81773c30141fa909c9b4999390a95df2d713	2820162745	1789318822
101	notbefore.net/log	QNmJSczwfFHNK1bobE2KRqK5rP4pt0apJMC/wzCYrjc=	26fc2097409d35603f2567814a9bd8ce8339f7409f190e30e657ac1a8e9f192a	108e9186e8c5677abe827d3dedf988c5b5570805c1c4c7293bf996ecc5818cb95110109239cfdd50	2820198305	1789319125
102	notbefore.net/log	7L4Pa1xJS8XWUd1zK0r3Gmq0FxbSNQkiDL/1DSAg+jc=	eef9a6ed4a41c95a3c960c702812736e6f1368fa6a61908db3851d9e8c5a641f	108e9186e8c5677a7a714f3fbf617a02b781cedcdf3c7a3e735f70be8daa4adf54db2d64b7bd4a39	2820636976	1789322420
103	notbefore.net/log	969bD5DznhWVA46kfGqvlgZjRNMJ6WiJWGG+A/wyF2U=	6b73c20f12cb2a79faae781c4bdd7e05bac5db1ffc9b4b2e2f66a77f0daf3982	108e9186e8c5677a2d58067b71e9914b898d5f1dd6bfb09cfcb2a6cf79936068202459bcd623234c	2820649969	1789322487
104	notbefore.net/log	T1WwRzNMtSVN3JlxTDBXezZTnzaJj3ng3/HottihakI=	c10e83c207ed12c28f769af4eca2b04a8fa1e45a82c543b269f34f5d84473aec	108e9186e8c5677afc863dc17ec5c4b052d99eba10e3b47a90920d7ac8994b22ac7bdcf108299edd	2821163877	1789326057
105	notbefore.net/log	kZO4vl/n5WfjG6t9qoOBbatupjFAk6CCp36cGFJvotc=	74c1b25d98ec54a247139721ffde579f244a85bd702710c44804106ca73306a9	108e9186e8c5677ac03ac0270a6406443d734ebd1f44b34c0ecb199e764cd88c32b85e0fb0f84754	2821166004	1789326098
106	notbefore.net/log	dD0XwERSmruYY1MPFjPE/UDUJgEMArdIMfs2EYAyWKA=	fb82c1d0334cda6d60009e68b5cb3dacedfd7810f7985d5def6593c777a97814	108e9186e8c5677acabfd0e0350d5f4ed3f9d393ce3f19a6e10bf582cfe963184e8e42d7fde2a978	2821614509	1789329623
107	notbefore.net/log	Gc5P2Def+RSNDvoK+IrRQv/nxB4Bw/fRal5uaLncXpw=	508a48dceb0b1027334b575ed7ac754075f8df616502749969eed075cddab8df	108e9186e8c5677a434f5ecff3c94953992ba517306b62047245a4f0263973cb7c35b812362a9c72	2821618393	1789329680
108	notbefore.net/log	ovbYc2neoirGJKHBO/ohpu06pph7TSfCbnEPtBGFWzw=	d617414f084573a73290ca4c72d9a13b9134f49fb3e9b11c01aa6063ef1ec2ed	108e9186e8c5677a762f5676ebf9d889768855208f191c7e3ec8a8018920be81fc4a82ffb118e390	2822123792	1789333217
109	notbefore.net/log	FJcqxOP05pSM/P4Cd0iIP1Pheu20KAqvsofI8aKcq68=	36fab578484cc9eae3ee28982e75e724a1b2a6e21762a0bd4b7b2519034de9ed	108e9186e8c5677ad47c60750308efe55c3f4ae66996fdf56ef4078fa6ddc789d6e06870139e90dc	2822138106	1789333281
110	notbefore.net/log	4ODQMkVDgTBgTXqmVB2byRQ0KrR0Zj3eD0k5jAjzDWo=	a96d53dda57c942e78e89b94d3a8970de2bc06e8604b770d9ed70d83f97f013a	108e9186e8c5677a8388cd3836a9c576c88cbf0f487443fb4f1f177d63c1a35d0a52195672ce79aa	2822614186	1789336817
111	notbefore.net/log	yqlnENNwSKz6Ar3SWKy8XjXCjxWWJh2E77sc//esFrI=	d5edd4bc5f34ca96c52baa1a7cb7ea3289a65fc2a42378205a725cc416caffc1	108e9186e8c5677a98798df80ccd9d1b9a8f966fae8db0abbbf8d94ffee8ddb7b0a7957880ce2f81	2822616746	1789336882
112	notbefore.net/log	4xLRx+Oa0ePpe1w4pfgVbWCShV932tsAE2BpgdYR5lE=	158a7b67979a6ddd248c0e357429d4e0f688708511809e4d16ad0f8802142391	108e9186e8c5677aee77c4e85cb29187c59b1444c702f2e775b8dd1d6218645d885ffb606cfddeec	2822967121	1789340424
113	notbefore.net/log	8vnitAzAI+Loy97svjGAKM9ihGDa//uLpg2Q99bU0+w=	12083fc4ac5e8df42bd3070dfd0ddf162e6dd81374f09538c95956b539a10c80	108e9186e8c5677aaa190cd272e493cb590d42e742df3c44afb8da7708c2f2f8a59f1cf49da6cbbd	2822969848	1789340484
114	notbefore.net/log	poWwvEjZp8r4ZkukCoqc0RAQtAqfAzE40BMVJgGGJRs=	ad073fc4e0d16813424628507b9651fdd1cb5c7872acbbce4a444b5d0bb5dfa8	108e9186e8c5677abe56459958c897696e5bb29b7e4e984a3132c5b20cdf9f2f774741c9da16ecf6	2823398636	1789344017
115	notbefore.net/log	/XIuwPVbWG9eInRuEvDddAjQlxS9g5dgvPNwXxzgPFo=	46ad33fb8e35a610b29e4b10f0deb5cf2ab292c3dc78b0130e343bc110abe256	108e9186e8c5677a21aad760bea540ac1be18a9a0f5ec4404f3f4d7a63ecc8cc022687d2dca59503	2823407208	1789344079
116	notbefore.net/log	YkPrV6IqCZnWaZlhTONpnnAH5iarPZwLzKx7WpcYG+Q=	cab8aa11f4d464c6f07e049ba373ccfb7ab7c3b11422a8d8d9501a0d4721e9b6	108e9186e8c5677a8baa465c7fe8620a1ad9b9d99aa3f9f5a7fd038025399cdb7d339ff4869f7031	2824099656	1789347639
117	notbefore.net/log	IFxXamuQyZp9jpKcrma2r7HaasQOzsLM5drqleSYCPA=	a89a80641514c74ae005214752176bff5ed19b1f0d7b7e5423b2020a27a6a9cb	108e9186e8c5677ad5a437203af2f53a6779f2ee12e4891dd26a8345792df4f11466fce0f87bb06d	2824119392	1789347704
118	notbefore.net/log	JfXB4wD+27kbr2Gv0rf1Nxsbqm4mH0TPc8Fxfi+rgCA=	b903198a3858da1939e1bceb51cc24f62830c53b2cb50bd2eb86b59e85efaf80	108e9186e8c5677a240d95f8ac4d4a7d81e1f906256f8984f41b3fe83195b35b23d64a6cb3a1187c	2824678109	1789351227
119	notbefore.net/log	PTXLKMmr/zfg7gINcqa5mtiX4y/cAHcn6/JA87nsxGs=	1a1e90c80c00f5a08bad5854e0d8ef833dbaf18c07d76a216b3d5b44ec6e2dcf	108e9186e8c5677affa3dea01859a8c6560f50b6486d22b2dfbfdcfd64c49306b386f95d12c1d18a	2824688065	1789351290
120	notbefore.net/log	Jq0HZuSp1tiTXRWIUllzPSlpyHvXDJ9OAK1bLhkY96w=	7381dc23e4afac9bb96334f9782ba35b58832b299df5bbf47dff549dd01514e2	108e9186e8c5677a546b884a7d5af2024fc029371c75b3f2d638ec11a7925bafb58bbf9bcc379385	2825211990	1789354833
121	notbefore.net/log	Ni9lNjG+WK7WDcRk4aAnxsema5krHuMf23hoDNlfM9A=	b73af8aaef37f026a42a8f80db1f9e714e4dec3438c5dea6bc189e87c3bc38fb	108e9186e8c5677ab376d3186c0debc060aa03faec77382b36d95ddf46266b78f18cefe809b41ca5	2825216834	1789354890
122	notbefore.net/log	DjcP/JsXsyZobbN61C3Wqd2EOYBOs+VWG4/kkqg5Xoc=	bf67c2ed9ffd25b6ea0b2d957bb9fb76346dbea11937333ae3af3b31c7c85c42	108e9186e8c5677adb2a232440a4f887f04a3129f7754115d19e2e52aa03b61a5d69e1c6898c9bbc	2825786517	1789358431
123	notbefore.net/log	ymOmH1O3ApTFXtMfWwVRTKFc9Z90Pq/xSjdycwWKRjA=	a3c0b85cc5c17768ca7c50aed78ff035d2d1d04e1a0e132d72a9fbc5cdedae25	108e9186e8c5677a28201e5533bb320c8c6fb105c7f2cb6e6483aae6a94c006651e0107663eef6e5	2825796959	1789358495
124	notbefore.net/log	s/cfHjUoOKoGZF5UU0cdM0A8pqcJrM/+xiDzZ7B53KM=	2452638acbeec02265bb9122fa0b20ca5fb0373f31548521986bffabcb6401c9	108e9186e8c5677acfbe3188e76924346e564223f64d3c9d8ad6c0541102037476a4e6eba8f2c351	2826422707	1789362016
125	notbefore.net/log	QsX2sm5EfrTNsx1O4dzV4aS2f6nKV+8pAxHz+8iTWp0=	239aa83a0f2d219a16c01b7476bae9880366c640466b2bb86b801b1cd898e666	108e9186e8c5677a2adefe778f5f74999dc343ef059f43447c0ddb6ac1d950fa71c548bd663b065d	2826437462	1789362085
126	notbefore.net/log	RheZbNnu/vFoH9j6g2XyWCKX613xPhoQd97KP0GZh44=	4cd0209e6347d3d3bd786c59cc8e77ada89d67a10fe3234f50d9ab4634d91afc	108e9186e8c5677a86ec315bc7e077bd0a0ea71eeda08df4c359311cfd661ba2e9a262af1013946c	2826962945	1789365618
127	notbefore.net/log	2XklSBva+gZcKfuYFd1yfdzqffd8Mfvzz4oGNmKca6s=	1457a25dfb4ad54803b9f1b53d1feb0adecd4a1436dc70a919e6f02d95ef2282	108e9186e8c5677a02469b1d8fc005ba18cdc441315e90c72dd148978932b807836199bab3e8aa7e	2826975058	1789365686
128	notbefore.net/log	bcx8/sETi/hATfHSVZ1BrcWlrjMXEv8TfYtThZz1G6I=	2e4f55f1f9dba22d854c73b7c94c07865fc4210defdfb6e65e9b6da41e8c489d	108e9186e8c5677a6da65f36a6ec57a2a5d058c4edc3c8057e624e30bec33f6b87471fc4b011bc3a	2827586567	1789369221
129	notbefore.net/log	5oiGdVWfn+KYTj1nRfOBa6Q0IDjSGlA+316Pjm2wYR4=	2c345745d77d0ba506baa3275a2fe862d74aa6236793e5c7530be6e622f94f41	108e9186e8c5677a19661168934fba332475d308edfb1171b53526914d0e8041e52faef1e90e10fc	2827601203	1789369294
130	notbefore.net/log	Pz5kzIeBDtBemNtVogDE4im9pzxqsPVsemJDjFFmiwg=	c1459058574efa6c1d4cb4886dc0663f875ee66d4e379fa8d209ed61cce05805	108e9186e8c5677abf88e4aa5da8cd11fb8ba3c0cbe599ed41977906a37145004915b1545da42b59	2828237149	1789372823
131	notbefore.net/log	WqcmxtV49/k1KnOVPeWGXZ+CCCbCbbL67KqoxPf4M6Y=	eeeafb3c22092a3000cae3f404978198f5c0871d980cd1c8247911026727266c	108e9186e8c5677afba32244d31f881bfb5860a9727757528ea4eba47216978fc25a6406593294d1	2828251947	1789372886
132	notbefore.net/log	/VXPbjJ8TN3mc4X+zer3bhB1M5M6ifb0vUIYCBo4Rng=	9dbbf0f62df8efc4d23f164110d2b5979b5aab4c2b26480819f0cc0cc0466add	108e9186e8c5677a292dbd17626c44069ad4fe30714148272381a5fcc5376df7c3a5c82956b426e9	2828912118	1789376418
133	notbefore.net/log	KWFBocCRf87T6ApQWPEdWCvBuodQ9NTIT6EvL552xbU=	d09f4b7304c088c4e7bdba3a14efbd2f7b795b44784c274c94f34c1adc9c3032	108e9186e8c5677a0cfbe5d4f62c4f65e97af12a081ecbd25c24d29e0a24c97bf6f78f7898f2f213	2828916517	1789376480
134	notbefore.net/log	k9LLWM3q1HGa895ohnq5bdCeKFKZxcW7l7KZUx7lgcE=	a11ca72535b014e22cabe0e5c3b42160c1a0307020c00066a85a60e73f3d98f4	108e9186e8c5677a7d509bc5e928e9f53e1144ca3c6278023dfb80f5bd644622298336ea722ea96c	2829333506	1789380027
135	notbefore.net/log	lJ64l4O6WMy86g66FgPGubBGCeDdWFMz4l8GHu9CPdQ=	2dc42950f1c7420e61c210169cd1237b58aafe923c59c21a366d894d946662a1	108e9186e8c5677ae973a0710bbc03a4856aa9f1a27a938901e16a3bd06818d88e4bd541214373dd	2829344141	1789380089
136	notbefore.net/log	eRALnmTUX4s5V9ww32JJ4iHIDgR8fAT9xsf39VaF84Y=	76cbb413628419fc8b5af18f55b4a7e106411a49d9109cb5ff28cfddc4aa2cba	108e9186e8c5677acd32ac6bdc1723ecc3c881de12464b0e71967a2779a3ef238592c52c1554a155	2829974430	1789383654
137	notbefore.net/log	8Tx9qLFHLuicy127nh8hY8f30U4kwIF0U47reatclrA=	aa98f83cb5110bac0c27a2d1f7febd8fb8a42e731e8b637e1714de40275dc2bc	108e9186e8c5677a6a547f41b19ce2aecf5c567661fdad271293cced1729731c375be01f6f704aaa	2829976084	1789383678
138	notbefore.net/log	n2lTtJJ3vl2ODpti096NuywCblMe5zl/Zkg8JENrJjc=	06d45056606a825ca4c503910990a529652ef2e7158c4af94a4431e598afcad7	108e9186e8c5677a5fd1feab945846a2d5d2a3c19e42876fd051091f7459f318d4fe947657b909c4	2830473593	1789387218
139	notbefore.net/log	70Q58e0bmbPzVWzR/kD0VGANht2X9YatXYHE4NDBqAg=	08a358347c7d9996d06113c70a3bcc757f7bdb7b5512362b27b8cca5135877e1	108e9186e8c5677a9ccebf2b0b507bee82556e9b7306b70558edb6cc07be282977bc8a0d20d177d8	2831893288	1789396593
140	notbefore.net/log	eagEZSXeMJxB21SKddiOXYHrOp0LLEktJz3iZmFk5gE=	d258dc309c58bacb882e9ec08faf44e9c92beca6a4aaf97d48a9acd548444624	108e9186e8c5677a9c3e5d123479996fd1d99ba46575075cf7e1acd1e136e56f4e3b09c586f631f2	2832139757	1789398079
141	notbefore.net/log	m3Y0G0YkVlgL1fSqX/JU1bun/0C3qTHFF0gGI/HAik0=	359445925bd9048266a21decbfdefa8d2917a09bd27d89dff32ed3de226eef5a	108e9186e8c5677aeedae2ba45d22cfe01f53635d0c4d8b3486cfd2179ab92de2c8732eec422c93f	2832670898	1789401624
142	notbefore.net/log	bpU8NjqhpsbWqd9LsvwO3k2E34ptrkh8FlGUOARkYG4=	59bc776f7e8be349beae89e6634f192d45c21ec2f670939480512e971981829a	108e9186e8c5677ad396d335e6e6d5aa43d317bcf777c99ad51747d42aee0e0681d87412b05813e6	2832683431	1789401684
143	notbefore.net/log	2Yu0pzECAKzdIga5rGTafDgsKHa+vujxGT6JZZYsQlc=	2dd89588609e66405bc90f791188862b731b08b4eadcc0f0d4c9b0332d071345	108e9186e8c5677a622a0c365344d8c3e83426bee79201786d247d8b5d717f581c5ff6f4102874c8	2833268528	1789405217
144	notbefore.net/log	vgAu+FVX3X3V+vEU2c+nHg0FISz+GoJBBtkuQ8ZOEl4=	d97d5cf9b993a54e2ef610f2bba5ade426c98c182abfbd6dc0c5253d3c62c104	108e9186e8c5677ac8d70d24830c8a9f499012a06ff652f09151f17e08e5c70d1e4fc36697f56adb	2833277698	1789405279
145	notbefore.net/log	CBN6Pj2ry9kY7Z+reAoMpJ0gDZh2aIDmkEYNwhGOdRM=	0c0468c4cd03235b4d85cf13f0b99c3358bea9ef08d1a6c6afd27e9cddef026b	108e9186e8c5677aef4c2fc67cc8bafcf5ef329c3cb1b9c49ccac6e8e01e479ddd1803d68a2a30f8	2833561575	1789408824
146	notbefore.net/log	QJqoJL8eCw27ApNSton8T5lss55GhtSzpZO1PXF+638=	b7facbda1cb32f9125b493b07336e2d4ffad131d1f7964048fadc68954da7d75	108e9186e8c5677ab3cd9895c90473906f8f0a7494dbb2faafd3ebcf0b7051ea7dc041414377ed59	2833565470	1789408888
147	notbefore.net/log	VSsf3c6hl1rj/cv4srU1bzew/IoedvIbmRx+XoHtQoM=	ec2b2a7730cadd6ed4c111783ec0c121731002fa08873a0ea1b1a1a398f5e9cc	108e9186e8c5677a05d9d10301b7db175595fc04082455065615cf45f517ec16f54fb8df8c1a568a	2833947707	1789412422
148	notbefore.net/log	guKtRLhS1t+/JPFl5nToqzG/Ris2JkbGbB9/PyuvYt0=	142d0b8eaf5bc769fa23fffb04fbb2f9b1a07ee50442573eee46ea815dfde9b1	108e9186e8c5677ad080c4268e63ff75e3d449b7c2571543df72c492fd1422a47bfecd6ced7f9804	2834536697	1789416020
149	notbefore.net/log	M0Xv6Oz1FpY+IgX7ayAIQHkKFSDRi7sXJN6BPSLObY0=	40810c000e4e7bc69d07b1e32d7daa89fb68103c96f5c15600c474d265bd1249	108e9186e8c5677adaa5f551b181bbebab40f011f4513479fab51551f83c7f59da114f3dc08cb6aa	2834540342	1789416093
150	notbefore.net/log	zLVishyhU3esIQiVQVWoVDY3mUUUzXotmCf/HD8iP1A=	9b77257d677f4007ce939b33dce5a9d16e032a9fc86be1c857d342623a95534f	108e9186e8c5677a64cfc2f5b674a29db8a65f7bc64c987fc77ca33c9eafbaa89fd4bd210526546c	2835046338	1789419620
151	notbefore.net/log	PPhrA6YYWfNR7ndoqcZKS3NpRK2Jlt2jZ2vbvX02V5E=	e1d19d6b9bb99370df1939317c0be2693a10c82f46d7622721b7437072a53951	108e9186e8c5677a4033e759ba05339e921f09839add7cbfb168ea13004fd68a5cf551ac1e6196d4	2835061406	1789419693
152	notbefore.net/log	jALildTJtZLStugDZUm9J7IlnraZM3AkAgjgqd+M1vA=	b265f95dd3a3926526fa3f8482fe8431cc02ce90046c9414c04bf481e2c80dce	108e9186e8c5677a535ce17d5ed12378c2636cce437405cde683fd58b67367f69e58dc0439232675	2835568700	1789423232
153	notbefore.net/log	NVihCv5tdMoxYkJU6AP8F3g4vQGNiJFqk6lEKtHoD4k=	7739b691edcacbbd1f8da0a0cc5ea634d55193c5f7c2743ee62c4a90d359adc3	108e9186e8c5677a06eb912ca94d36ff6fab42e592f37d90941ce8744589ffeb41c05e1a10985fda	2835575504	1789423286
154	notbefore.net/log	OzsHCV3euDuiJp2OGeZ4GMmfH3gznGuhdNFrQ/8GCWY=	608d3c60cd9ee8a9412432635c50e35927aed8b67657aafc3fbb86a919cbadef	108e9186e8c5677a1524f6517f9e18fcd91ff1217c3f3754ecde5ace51397e052d97b4b887714a0d	2836038778	1789426821
155	notbefore.net/log	cedr8eXKDw0QzsLW/IK8IW/C2hYZBN6rThZnjfGP8W0=	7dad7e9d7ed3eaf73881fc3f8821cf4b7038c2471c6796d1e9a7abc9f1c535eb	108e9186e8c5677a7b46c7065176661eabd47e6388cc01acc4dea94755da601f1361e436898f18a5	2836055141	1789426884
156	notbefore.net/log	ULK79f8ck7nHE1bc6zXOgUBfFFOFnuRnebFvAfme6yU=	2f6ad8154fc86d7b559ecf9df82f49dffb6926fccf2786b4fe0e501bcc2603b2	108e9186e8c5677a12c9dc58295a297bbe674ab6a94958f546e95eb363bac54a095e1c50cc107576	2836705314	1789430425
157	notbefore.net/log	8cj+Ru4+NqlySnFpafQ6pJc6m9bRYC9Q7WLRN2hCVQQ=	a330865604dc41dd60d5f6c772901f88f9313a6fb1c0ad82467f3884f1c2cebc	108e9186e8c5677a51650bd3231b091ccda62a6f22d54e8faf7ff5d456af61840450a4dc74a590fe	2837626577	1789434032
158	notbefore.net/log	EohfyeDM52pwwuI5Z5LrnwtU9v3zKnORq5A196VOccA=	082daff980f631550b19f4d279c07a22b2185ae84ac2f2253115cfeb177ffe33	108e9186e8c5677ac8f930258c69208e52c5fa211b1464998cbc8cb59a11f481225430a49b61d07d	2838061223	1789437632
159	notbefore.net/log	dTPdpDpT0ur4cBBXgg6eGyaT/GqC4EcQsSjaA+CCawQ=	0609dff45392b1fc99b609732570bfe9f40fbfdb1770dbdd3d89f14028cb18ad	108e9186e8c5677abb3adea09564de2c856e2965ea613e38c53d68c8b15b624180ff67af67672ccf	2838497549	1789441237
160	notbefore.net/log	67s5AO/9dEljgDloK6iYir0Xs9nUNauW4/6OxgI+kxc=	9b8764d8741d2972d5c9ab37d1438664c6e395200f8fcc31abd730aad9711e06	108e9186e8c5677a671665798ebae75a02b5c566db4d3f6d3e5fd6937176d8918bb6da0a38d8364e	2839162743	1789444829
161	notbefore.net/log	b6OEIOsNonNb9oo4Rw6v5vagQ+fWZddXubtwG6TJSNQ=	0303fd4418f098a8063bd855899d0f0eb15bbb6c3e2639cd8d05f76cb53477e4	108e9186e8c5677a447e64ce278ed6342bf7d10570f15c279a259e9872a7440201ba7d6809557d6a	2839845820	1789448433
162	notbefore.net/log	hv/6QUfM/RkwqmISa02pv2U4GLB7zsyerSAhdGPRIlg=	0e456752b3e275c7331de98861da2d8f33f6bd7ffca8f965fe3f209c0598afaa	108e9186e8c5677ac0c315b4f62e2808355cb440e9c4060b4e8ea520f6c217491df992c943804983	2840752552	1789452031
163	notbefore.net/log	PPvaHNz/z+25q+ZJAGLzEvVCVx9pJRiN4W76c8HFRKw=	adbfcd4e6025607aae1b14b7169406dfb7bbb44c628556f87e0a2da5793330ee	108e9186e8c5677a4c952c205c09ef23f63258e7770f34e06afa839ea558598f7223ce4917a8b9ef	2841453579	1789455635
164	notbefore.net/log	vRCH5EvrEwSCuXodJXm5uWnvPu24o/yQNR3VHyBXduQ=	3d847504a9abeeee3c40a7aafa807c49e4a27bc9f2aba6eb33f2504b8baa9091	108e9186e8c5677a22f4ec8767a4edc1092cb92a8b4a2124d8cb693748a92a48fe440820c53e0f59	2842076531	1789459229
165	notbefore.net/log	C5erJDbQ9eDkqd7TlPQEI7ojuIe2B4vezlp8Cvi0jXI=	b897a2b50c0d16f5e21ca44bc29adfc46da7e63efa460c3f11989900fc6cb81c	108e9186e8c5677aef928bd43daeeb8d2f4ad1ad4dc7404758ddcde861ea759d2abd2b31bc98034a	2842721161	1789462834
166	notbefore.net/log	yrBSmVpte0ItZQ3cK2d1kmEc2w0m/N0DVBNUmSLAdO8=	3e252935604239ba9719b24e1c1f89e6f7471351375df32f6eddd7bd475a44a1	108e9186e8c5677a817a69f0d8e57389b917ff6cb46554f2975080844b4d1b17dbf1a3e3cffc2e5f	2843430959	1789466445
167	notbefore.net/log	CdtO6fUH2vMcCvaBm3Ip8uWylXd58aOl5HC51zLdJ3U=	25d2cf35baea82243891699291de8256aaa9f0286dc089ad11df0faed2f1338e	108e9186e8c5677a4e0f1d914511ed03ec6f3ff509bc8d228a9cf25e5e0efcd29e4b96b2143d972d	2844102613	1789470037
168	notbefore.net/log	K3vBkAvH32kWMNsMMkhvZAzQCn2PociO1ErzH76lVpM=	4ad808d15fa5ccb724052f82c1f0bd0fda704d1bbe2411a5b3051a42b1bdf1ba	108e9186e8c5677a74030d618aecb81785162d09f2241f973355157c9244cf6b4886096dbb0efa6d	2844825699	1789473636
169	notbefore.net/log	H6mT7LVjHwP2LV90rFqWjxTXj8TMWwk6kC1NBa3Rf1s=	8dfc9665e77a4ebf1a9fa2d1661d8316ab2465a2f72a435292adebbab09622d5	108e9186e8c5677ad6f204f75179e277c113f11b7af933eb2f878de9f1cf23943ed535a1382fb6aa	2845579643	1789477243
170	notbefore.net/log	4kJU/IY50WMGa1Yvyc13nsmzB+iIcazajiKRAOai9zM=	947eacda6117e70c6524c784c5a018a6dbfc48e16d10151c8899054d1904066b	108e9186e8c5677a7d806eca175de9732bc6e7e36b9a6d267e5d8816e96d03a0fccc1e39ecd0f81a	2846351306	1789480836
171	notbefore.net/log	ZzxETHGdXdWgVIBu5VODXAm7whkNvJe9z9Yu8Nvx1qE=	b1c0c24b02f09a3f17c13e19f3bf3877848d67a0eef4179fe2957ab4b62183cc	108e9186e8c5677aa37d6cfff936d78ddde2b874edd3ca9a716b73d0922123a46733e1c86ebdc5da	2847044500	1789484442
172	notbefore.net/log	O+aX3Bn9eIqnHZnfo741vVtE2qj5D/VZVE9hAFLBCfQ=	c14f15d99fa303d181a051818d5c2de90f65f669ea8b775b0d1e2d3d6f734266	108e9186e8c5677aff82a39e9a3128d30f050a17e3d601b48ee4ecd8517466a61410548a50487688	2847658291	1789488035
173	notbefore.net/log	cB31oF9/xeXmW/fwvdYo/Duyd0nqaENiMyEOG6ZujNI=	93b564a5c23904380652f02b07673da5eddae4d32e2e20889481d4a192981e41	108e9186e8c5677a89c7e15700e3e18f6c78cbaee9cdad4ec870f2ca62d03570c0846fdab2831071	2848604133	1789491634
174	notbefore.net/log	k9tvzuYWcJsV7HL0At7aktOnXz4m/Xe6/g+geprl+9c=	c5bf5699c028341eadf1571bd6f9162b9ed6d34d520ca355751c0e79bd383a32	108e9186e8c5677a1cab58179fdc454c98b0deb12fa752817fddde881be1716d71725dfcc1756a35	2849306236	1789495233
175	notbefore.net/log	LwWku6SPxzNO3wDfmo182TGGiLuM85z+7hfcaO92kvU=	65465f11dd55cfc6a57aec38dce3fc0223aa5ab3188475d6a0292567d5e994aa	108e9186e8c5677ae546754851125bfeac8809fd237687dd78510e5f4e716c947e74f3ca7116f83b	2850101382	1789498838
176	notbefore.net/log	NyRoszQfvAdOyDqY4HYfIzdHGoaWc3xjABVI+mfEMiI=	fc7bb9c6132d1ac7f215c70875cf582383b4a21c82d3de44bc80ef07fb38e124	108e9186e8c5677aaf6ae99e05a55cdabe5a021aac899d1c693264f467c2a6d209fcff7648d3329c	2850617515	1789502439
177	notbefore.net/log	RMirDh75fKemaFBrrZt5cZ6jv1xf/7IwoIo54kcCFx8=	b9109620ee407471e23701f68dde3a54d220e93f9f80c810509e3075f7483fc5	108e9186e8c5677ae4e5fc2f251255f1788c0f128ed2758270465273f12b86b8f3b7dcfbac6485b3	2851337060	1789506034
178	notbefore.net/log	MkBr0O3XToETx/yGFCalTw+uMITzBkBofl+IgwxAcpA=	2f3de810826ce576b6b86bcd97c3eb793acce62b4fa0b9a8be2e2a7bebf1b516	108e9186e8c5677af98ceadf586e53f2b45f1a56ea69eb2f9a12838d5a72806318dc2f40c3bf4227	2851828386	1789509643
179	notbefore.net/log	jfJoxw/MbmRPPXQKPfm0qVeDpNGcqVhpO7Stnp8GIcU=	be85a2329bd25ebb64ff309d96fe3df07585c211d8a59818fd75d6f05186a82d	108e9186e8c5677a3cd1d66dfe19516076fd21be4bd59d5bc81f5a4e58d41ea5984a0d85500e8eb9	2852328915	1789513239
180	notbefore.net/log	breF9tQb8YNreCAnTHHMOxlZgib/mBnqA9E3986/+as=	363ef67956c20425ca792a9794a2d4a521cf04894a6f4ffec323bb32fa3ef191	108e9186e8c5677a1cbcabeefe470fcb692f150ecd7b74b45a6dda6f53a8c4605cdb45b81ceed8b1	2852881004	1789516835
181	notbefore.net/log	F5mWEEUy0kcLoIMg+p2kgFtPR2THNTg5QXoyGwQTo/g=	bca011c221b5c36c4c5367c8216d29a0391670af9b1c522cd50bb1c2b2bafc4a	108e9186e8c5677a48f43b1f5692efd7ba9f803cd5d7da661e2a6b4001efe0f51879d9f0f5a6f24f	2853435532	1789520430
182	notbefore.net/log	NH4SzwiWV50xGEy5HECEOhaMdgKte+lYHoPzYGUR8/M=	73e7e970a6b3ab64ed1e59c1a999023129bb9a5ceb8726aa87366545fb9195a9	108e9186e8c5677a2ff33ca507dc95e8fd9a3777de330014c94d01083a7b686ccd57b6bd0b117ba2	2854148923	1789524035
183	notbefore.net/log	YRX7VotMo3a4CO/OrbddzTVGATOreAP8LERMSrh+s5M=	a8d2cc5524ce2acee96f17471e1dfae8617cbaaee7606bac6cd6a3ef85ef3231	108e9186e8c5677aa123b72595396cc4ab34a47daf20e04d9af9a5cbea3a818804c81b4b6eb99bfd	2854524277	1789527633
184	notbefore.net/log	oarpSiPD2eTfyR2UdlWbWj47JfbjH6+ZWZZcEksXOec=	fd39684ea0a4dba273dea1759d6affb33dd3bfccaa6e92356849d231137fceb9	108e9186e8c5677a46872567930da96d89d598681e63f4c11cfade5ee41af41f7ef8575b1538632f	2854984699	1789531235
185	notbefore.net/log	npgxZnMEiFUCKKqF5IXC91W6+Nq3Tp24V7SisSP0OpE=	81e18f0970884c8640468d563324b2e6110a90a2d7448c70fdc9048adf721b47	108e9186e8c5677a0a82d5ed4946821cf77213e2da3eeca20336f494e38bdeae0b2066d419221503	2855632549	1789534830
186	notbefore.net/log	d7wN33XIUPONwEm9qID9cddfCPJAFAeuoEzoYo1d5v4=	86565f023f75260355d1b1522f3927c03f1d3cbf9c6f735aad972434e0bce97e	108e9186e8c5677a7f07ca43df54335717bec3820a9932d48dc66e306ab7df34f6aa056cc3608566	2856059913	1789538432
187	notbefore.net/log	AvNaBiWOKD2BCRrMYu/9D5UIjoht+rv0uBL19VwOPpg=	8cc1d22f396679fdc153993573e5770068c036fe0f1d4541e5a59d810a9097f8	108e9186e8c5677a5f664b8194a364eb9fabb69e72d52124efd97ee33e806dc48d4b06500802f35d	2856854835	1789542035
188	notbefore.net/log	E3j7y96e3GciaTkgEh1ImlU4kYc8nsoClVfYv2r8lGc=	a7c952791b3ad1e1aec1009b752ef6b951f7f31af9e26a4c03121b8758304b05	108e9186e8c5677a08868479033704df79db4719bfa810a15c13efa3866320c5afa669a253c86528	2857595332	1789545631
189	notbefore.net/log	KHo6Kqcl34mVWEe7knngKMKBdBpw6am4sWEjXjdPlEo=	828fc8e534e733c6af6c0eabcaf9c4030333f7c21dd32ec281f4321735bae05f	108e9186e8c5677a7035a8ef23fe3a8fd9e717b09137dadfcb87b56f1fff5656dac624b38c0d4280	2858289681	1789549230
190	notbefore.net/log	I3/+BGqjwj5ZXGGsm2bLBXa7MlqdH2TCrVkSFTE7qZc=	7077b34e5fc8cd6cf5c9dbcd61109e65e5afbd967a52980c173463fc931b2c06	108e9186e8c5677aabd4de0a6eb56de79b00ffca58120258700b7c886c31418506a216129ab325e6	2859060766	1789552837
191	notbefore.net/log	MJoEHmvK+/qPLmdg3z6qPZPZKY7Zn7Di16zG5Dx4ZI4=	e88e40e2a2686c2110a7d8cdf0322ea243e492d6a9d2988cb95a289aa1e71f5d	108e9186e8c5677a134170d296295d8c65b28009791aac09b692e01961ea97e45a9a5ea9017df76b	2859877940	1789556570
192	notbefore.net/log	92G1e/zgYWFaeLMGdDP/QkLe6tfZGBmTT4UrI7GZ0Gw=	33b8e1a8c22b8ef8cd2e9f68688c07e3e65f04071417f42a25214dfbbb68eb50	108e9186e8c5677ad3d8953b9ad0be35584665c757f81a9b5ee1269ddd515c002b6b0b8b3ec4df37	2860659388	1789560031
193	notbefore.net/log	4slZkVoHGdwwTJAOZ1TeeA7WRkI1GK/39ej663pBo94=	d48f2548fa8e7b5758f7def5875f849f8e749a33a55b6152ae51b929e57d1c45	108e9186e8c5677a23d76baa2636d2ca6a844691dea858e352f202e9abfb81cfa466fb23fec03802	2861387736	1789563644
194	notbefore.net/log	b85VqTa6bQIpXY8pC2opkLqaJsCq9o//rbPzQS9kLZo=	0335ab0f9b03fcbadc68c3b00b3a826e438e33242275a3b7b1d2c2dee89e8c34	108e9186e8c5677a969bdd9fad001d14c541833ea217c5796018f21432b62dd8d1ae641e1ad722ad	2862241920	1789567238
195	notbefore.net/log	Cp+nFHSSACQTzfoQoxzFe5vWWLbHWUzJ76xuw8/fNnk=	a8fbb82a5d81e7fca81ab84e8122f07aeafbb575f30f0bafbc47ba2576891985	108e9186e8c5677aa36d738936c2f94938c9ec506e93a40f44e7c80a93a9085d891df70beecc1092	2863244515	1789570833
196	notbefore.net/log	9PMsYtEylPPIl1M1OtWYjjF85DGx2cPQ+xrJkRWUnew=	c10492dcd92e18c5698b88d5eff6da7fbed589c27e3914ff3cf6c0671c87077a	108e9186e8c5677af66fb2a75e98b2184bad1743da2c100e2623ae394fd399323129797d1bb8677b	2863866926	1789574437
197	notbefore.net/log	KAtEzOGJzmhZrNjX4Fm0tJrV+fYPUXlojXhTsSOvfPI=	9630edfc2dcf6d1e976c8d6f275549c91bd1bdf8eaceff7fc3f554da648f78da	108e9186e8c5677af10eaaab045c60a6be8dedf6b11e77d8d7ecc8a78f2863d101ed7171c126efca	2864606186	1789578035
198	notbefore.net/log	LVSFve7xbzWzzgLpviyLOxji/tzEk9mAw9UXWVOuXVk=	b3f07ee60578f68909e3948337abfe1505757597cee90b8dcc7c0ecc359d1241	108e9186e8c5677a194dc4864d4d024eb71e834b64b0463c66c1e097b1ac5512a6a846203f8d4b4a	2865261746	1789581647
199	notbefore.net/log	+xF5SWodFUSq391dtTkiuiKOBmcF4SdilT7xwCp3qGA=	8d911318567621cb27e4b6d54ee92e7ac2d8d53ae2f8d89047739d49577b8afc	108e9186e8c5677ab1defec4ddc23b46a8476572d9fb05a89041d7f483c969bdde10fa3edd5b51a5	2866099640	1789585235
200	notbefore.net/log	ddtY28ROEbWpxpRwB6pZaFvexJpE8x8Ih2KQPIECg1M=	adbfdbc2ab362d550bc23e733b73c2761a98b2d8518c5f53b80d04242ff99421	108e9186e8c5677ab5f9abfe86f06e50e41dc4f10864327dc3e6e37ac73796dcb91d1b7f91aee66d	2866785664	1789588831
201	notbefore.net/log	RX2OR4uOgxCx3cf+CjCD35I+uurbYpF4WZeWnSvKNXE=	1900df9f201071358864b737fb96a0b1dd985ca6f48bfa37cf28e9d52778d4f3	108e9186e8c5677a6b88d72e346f136c90b0426e31c613ebaf560fcdccfbda3db2f394a2350c7f4e	2867461191	1789592433
202	notbefore.net/log	ztqddz9LMMktDc7/72u6A4rTGjIW9ADB87G8/cu9YsQ=	e6fcea1859b65c9dbdbc5191bd6a8993173d90f753b0875bc7e82410c98fb635	108e9186e8c5677a71d0294c55b47d465d5e511d50192640ee0d5a7c1c78acd308d493fce75dbf16	2868152966	1789596030
203	notbefore.net/log	N12Kg1IxF7Q2iExz8lFWZntp2FT7aiI7EvXrwS0iKJU=	594888b7abd3214025b89a8d8e0a546cfca6a3f5f9b189b27f260e25c129ec57	108e9186e8c5677a140ffee2cb57a8d88013df2c26c9bff45411f2751fb76b4ad86fe7dc93f482f6	2868856555	1789599635
204	notbefore.net/log	JggkEx2eVjvRzuRm7jJ9GXazznahIzUsYcJCceZbqAs=	3a702af7a49c82fff811bec8d16fe9d91f71c7de4b061a0fa9da6b18771071ee	108e9186e8c5677a6c6c956fc6dcf3271df02dca752dd2e197c2765a5bf0b447ac3546a05660fdbc	2869428925	1789603231
205	notbefore.net/log	TJ4wBzeC/scsGheWql6ydCHRnZ5TJhDl3L6wxLslzoE=	54125bf6599bb0dfafd9df6b11d1eaa496948124380cbfe11dcd2516f655a650	108e9186e8c5677a1b9f58577f500f4fd6167c6a68e2c59e37277055c9457859b7830469cd1b6333	2870281868	1789606836
206	notbefore.net/log	g+Vf5FKSeZ55LZp9RmdjenBu4Zei8T+hXiJ9SBTFaGw=	3f0027769df4b732204985f4f5674fb6ab8f3e4df55c08eccf820d2f29b74f47	108e9186e8c5677a55ce8442948c76a2cb8523c13435a4d7fb01225593f2433afb430ccadbe3a21c	2871094789	1789610433
207	notbefore.net/log	ElSW2OP5s9ocRGKmDEXRSS/P0zW74pOIUqOtWjew8G4=	ba68308d271edbcc51d2caf3a328e0a61790346703b8232c2f9585c41f2b99fa	108e9186e8c5677ade5ed904807f062522da1d6e6e3d0a428db7ba26b2bff6398adc9f2d8f923f7c	2872044616	1789614032
208	notbefore.net/log	xyMq8c5w9hgXkJEo0NG7y7v+bFfMMj6YFJHwck1fvQc=	a874591f2899deaae5d1d75faec9a3e820c2107be36444e2a383e9461c246c3d	108e9186e8c5677acca583119e5570ff072b0369e81c4db0e95ec08f5422866dc542e6f198327e8c	2872597962	1789617638
209	notbefore.net/log	rGAQySzWArfDpeQAEPZOheG1ni64/wMTYu6ugeH1ETc=	67adf745b126b00079453196b80ccc8794d52c3785fbd9f0675b232fa62c0492	108e9186e8c5677a9caa1edb9de3b592fa7bb4065371e1ba1469e0f23b546717ea17b72bc17d8573	2873255419	1789621229
210	notbefore.net/log	GuDuOnmhzkZ7Q6KiDH6iltYJ8M84/u+Dr8XH6+wErBg=	b5d2bccc5311fe266b668861a414d59b7116ced46f6664c48a559e9085d0d9b6	108e9186e8c5677aa226035dfcc4513972063b515c479014b331eb6a94ae0ffb1438dc19f9d200ab	2873979352	1789624831
211	notbefore.net/log	LhSud2ZUJ1CDDH/aWNhYInGpzNY4sgkhvLE+YU7+2OY=	fd4de4726af6325ddbece474471c7a5074cf1cef9a43444fad9ff172f8ea63fe	108e9186e8c5677a55ae4a273e31a9cef0996e2f01c13dfb7952cc222f90174bb107c8416f982c4f	2874863308	1789628449
212	notbefore.net/log	d/s3XQ67BmElexyG7CUSMOgp6QnUvmo21KSUfM6SQWs=	3419292f3a3300979a2aa1bba9057f0380eefe722508bce004b7b7aaf95501ec	108e9186e8c5677acfedeccc4c48de3123cae751a3d894d3fbbe9ab63b576a208c27ac972fe6f7a0	2875725946	1789632031
213	notbefore.net/log	baf0pBLw1THRgzUBtDSItdEzD7dr+LqZZN7ZMpeMCUc=	7b5456634bac853c88bf367d0fe05d35a4fa888b01364256951b4949bc3c9514	108e9186e8c5677ae983213e8aa874ac2b76dc49d9cdda91c1d6bfde77902d296ae8e2f58b2c0a38	2876529740	1789635632
214	notbefore.net/log	p8hTCUKlM2QruB4jA7huTKvvAiXrkN07W6xRaX7oXug=	060b9b753a1744fbfa213d79bac693686826ba755e04bd0bcb0247faab7fa134	108e9186e8c5677ac33f7d5d29a9e1c174cd45c52964c06b478058ddab908b759f9888995c525e60	2876971057	1789639231
215	notbefore.net/log	1QqSci0u2GmGjjsj+AsCEJd14sgZmJlypfpZxVAuvbI=	0c1a9426f5427502803faa7b1a192ad252cf66ab4dad57797ee271b1f2445f70	108e9186e8c5677a784f32be2085b0054c7e4b4be8b4b2614bfc44305b9d6e098cdd8c48cf55ea61	2877334353	1789642834
216	notbefore.net/log	QKt8vEb9MWv2bWl2YvmIbkFcNUj3uJsV/5Wm8dquYNw=	15157fed738cee8f5f3789495dea124e5db17fdff6fc90b55a09147bf5cbecd6	108e9186e8c5677a7763908a28e720383813fa1d0d4ac357cc2f6e0b7b7cb4b12d7f037ab7f2c013	2877847460	1789646432
217	notbefore.net/log	fs8Hhk1SYl1zQ8djlcYEdb+/m1b70dNpc1zfapNEkQ8=	751c1d2dc869b9b2c144526f2287b7441fca804647f9d31535dfb3b805130432	108e9186e8c5677ad2c84ca18be6c80ab9d2ee8a87685704431432ff612c4560cb3a530b311a8028	2878295899	1789650030
218	notbefore.net/log	H7KZaQrDISYPbEUvceTNbn1AEhOXuDE9yhR8s6cTlh4=	1315ca30ff69eb4abe1e9c945908cb2c57303ec372efafaff716e2385a4595c9	108e9186e8c5677a0c1e381c0391a3882a66935784b956fea5ab7a4db1424af2b177b6a8b082e027	2878544606	1789653640
219	notbefore.net/log	qUGoS8mmm41DMW94DaLX5xCCQ6jjwCxvpSAuBICVOwQ=	58b81c1fa770b12929f806a3bd9abbd3c8ffe705604f9436d9b3ea039cf2f7a1	108e9186e8c5677a844b846809d5f31a18091e974c320044cf3930ccccbac9d9466e4c6c552b3b8c	2878823269	1789657236
220	notbefore.net/log	zbjDDG+QFcp7RKG/2GIB/As0t1PX3G2wUzohQiJX+Ac=	9bf7d687b0ac6d99c94ab6815c064fd454599c22417c7bf7fe53025f69e70f67	108e9186e8c5677a3768df6cfd3e8973b04e85c7589cd60ad4c146a4d1cef967c4f38292a31bbdb0	2879006188	1789660830
221	notbefore.net/log	SUwi6ex96qOkpx7+QhhHZXjYbeya9NLzeeHzIyJQiE4=	030ed6c6a107607219b17faddae3fd496566150b18a4b930f9aa57050b39d9b6	108e9186e8c5677a3b1d495164984989738ff7b5299fc09b8b79bf2379668d5228b8b8dcd9ab2820	2879230512	1789664436
222	notbefore.net/log	W/oAbfZuNRaWjQ35LjKKFDFpRvVY+anE5oGSMrD4cyk=	bc43b924e468b188b500f901cf6cb0f4968310f8df95988e51d30a9ff3081ffb	108e9186e8c5677a426c43d8869039f5a36c2b472c8e12268cde7f179b147d205d223783d5c198db	2879424769	1789668037
223	notbefore.net/log	W7Q8ctKxLq2PS2XRHLAM9fywVK1d0/DoRv7eyQHssQk=	6174761f9c1c10001b7e4a2aaddda619669f98e81abdb03046e12d17a685fbf4	108e9186e8c5677a4dacd1fda294d5f04eba75fafc54acd4a24612bc1218eacc6036da90ab6b79a3	2879619035	1789671632
224	notbefore.net/log	fiml0HTs+7UxG61EFcY6oBqaDXMrKIyCn2ZTZVDJrzA=	3f988f36cfe3f37016f0139af2f3cf09e05967c234ed97b1314d3aee53df8cca	108e9186e8c5677aeda2568fc2f33a06e31af23f8fbd56e091a1baa368bc1fcb04db2abbc93b8df5	2879904426	1789675231
225	notbefore.net/log	mLxeNTpSlf3kIIK+/uh66Mi2/JLfjZXMwBxL6ryDWAM=	d1e8dfe1398de0839aaaf92bb7f9167956714e16196e5f19fe3ed5fa6cd20f55	108e9186e8c5677a02a1d9d60eff3b6ab9406fabefbbf9dccd0bd2b5e50621167fc625a195ad44ad	2880103670	1789678960
226	notbefore.net/log	A1cB/VLY2XISgjLpzfbTAH0yBEfD9kCTubOi2PvTn9o=	d703a1376624e9939c126c73421f6bda2ca66c09fdf06370d121c0b01a18d3cf	108e9186e8c5677a5142f083fac69c72825091a0f3b29e2605e3f57fa38ab5ecc6f465e273318b94	2880516945	1789682431
227	notbefore.net/log	R656VEwsTaIlmCBq28UPzky1ALfYQXXhoy4+2TmnRUA=	7d5bd20be898754269df77e32a53c71f8454bac4d7b329f0098dfd1ae7ecbfa3	108e9186e8c5677a56a0b3dc1036b21b0413e8ff66230b5a9e6b490d36a5782d78bf3675fddc726a	2880900900	1789686035
228	notbefore.net/log	2iS0HO2GPHGEK9jz0bQQ7Wt0P5/Mlcv9AJUfuWR5orU=	3f1648ae0ef595b90931b5ca6dd33be5e5d00c4b3c91f1b7f95f50c12e2bb598	108e9186e8c5677ae64619f3839a765f04bf6802fca384103f00c48f3025f6c549f6f35f9ca582d8	2881478960	1789689638
229	notbefore.net/log	kFbr8EDXk5J12gGX3v1FTc7tk+L1EHNfwYaseEoboI0=	07a8e98fa9ae138e2662aea4e6c614d346d801495cd81e63c2e4c958e6ac038a	108e9186e8c5677a2b523edfc9f444273a3e11ec762653eb1a48398cac893ab752faaaa4da97b4af	2881827456	1789693231
230	notbefore.net/log	vCTEQIRg9GJMhDfNB2NxKBiLsKNSdHiA5AxSh5MsB/o=	48b6ff6a4e1a4d51cd97924982f70c4b485e9fcfc59218bd1ec58dc8a0344446	108e9186e8c5677ae8a5afea73f0d9e5f3e898b76bcf3ca4464f91df066f73ce0e0cf4d3ff8834d7	2882346973	1789696838
231	notbefore.net/log	zY+XUVQMF98qF0cWGbLamN5gR3MDPemHeUWiBk79d2M=	7cde38a65a0ee9f605cb4e969d8c69bdfd679a65319c82d6139efe1d94595cea	108e9186e8c5677acff83b65751edc5df3009ead7ea6c84637fca4dc0ffa30c8bf9931f99e2f5821	2882663031	1789700436
232	notbefore.net/log	aI10MRFV0lYwquH3Bszu2LYt2FPQ0XvddgRuXb2FiAU=	dedd6c134d885b48706c4059f889b1f8d68eabf49bd36f3f38a4459bbb5a8815	108e9186e8c5677adcbbb933eb14beae0fd83662a4768a6f554173da45cf64e713ea85ee41ff05bb	2882878912	1789704033
233	notbefore.net/log	FHrdpnkpQSU9ocb5WrWIvHnM+XdKpwq/I38t9bFeBKw=	29ecf62132ab31308ed20fe05b9d9da14d32c01f59bffa8e445a57b5290b6eb6	108e9186e8c5677a33cc12a772903c24a5f1452c612c6489bc6a8486c96091949589813d276cabfc	2883160490	1789707634
234	notbefore.net/log	rkx535mQEVEED3RHvvb5VxsFFTlrt1i3m3iOxwMozHM=	308cbbf13e70546cdd27ca693d7a6a0322ebb29a82a79606c490cf3e3a54869c	108e9186e8c5677a98404751f7652c751455c4ac4801f4a0e1666a1f59d781fbb86a28acb5eaea39	2883411880	1789711238
235	notbefore.net/log	fnvQZKzWx+e+rgqjxwqUvubNSoBgAPf1pJihM6XNRmY=	b352df4172779f6edd2944ed3bf254d7e25a696f4da83c238b80848b48069a8b	108e9186e8c5677a7d7834bf1806e78570d9e518bcc75e9c7be81c05a54283fc652ce29eabebe880	2883567371	1789714848
236	notbefore.net/log	j8lMzWXn6w8iy6Cx4+XgyCesJkNyASgV+uBlefAU60g=	477ad9742b1901a8421dc1013ead528bd5b8ff4d3d4f3b3ca7536404ffedadca	108e9186e8c5677a0a48a3980529321a17329a550d2f69db107931b0617e79754ae11357e8424963	2883751161	1789718431
237	notbefore.net/log	y9GHXbK4Ct4Amio1ZJe5njSPkf/VE3DIRF/LGj8Phmk=	4e1edb1b86c0509e3aec791fdd18db5368fb86dc89ae80764679d03c609b90d4	108e9186e8c5677a55b2fa4d51881e992cdaa9f098dcbb8bc92f62da3142e8c32585ce1c47ce4a33	2884056018	1789722032
238	notbefore.net/log	5JDmPuYTqoKcwAapXnR7Z4MocPCXayCyjvijZEV5h58=	2eaf46fa12756a8eab213fd6c9fe60342c29371c37a817131a3eca80389e276a	108e9186e8c5677aa03c66329e132da88f44bcf384bab1bea1fe0b248d4ddcc5bcc0ef0f97fa8d90	2884466012	1789725636
239	notbefore.net/log	ijbB/pmLMMQFGW/DRKMxLzNg+l1qNNpO03Xa9FXcsiI=	dd8cae021960ae01893fce77c191c58dddc98afbe80b67a171553720f12ee8f9	108e9186e8c5677ada28f0b959968cf8b9b38ab8605916d8ba8d1143e13bd79bc3e8eda23ab62361	2884725879	1789729235
240	notbefore.net/log	r1x4VydEeigIqXVh8SIOFK20ZBgZMiKdMDafhOl9uXE=	30d889c728fe748ec2f398b499bb9ec096c36dfb424ef4c2d659138deca68852	108e9186e8c5677a3e64c2d785736312759ebc68839c55b772470cc728b84603b867abbea3c29814	2885322077	1789732851
241	notbefore.net/log	Of7CaPdHbr4Xgjhu4U1/3UFTbkozuSJLf6JC/APNtZo=	7f63862a0d3eca02fb44939cf07a74cf1624433c82593567c6b1139b85e0cc95	108e9186e8c5677a7488ba95afc6134075da23dc2b3392388ecf5558bc2f425629c1a42cc6643cbf	2885781848	1789736430
242	notbefore.net/log	V2SeNRFoysl8fRJ1vU1qpABPj6UvsAepgYd/zGR1P9I=	03900f12dde493ea6e79088131e03f297b1a674af8158b4e025261165f300d16	108e9186e8c5677a74d8fc74f8093120d3378c6fd5dd8dd1cbf85b59a26fc5a1fed766265944ff47	2885960499	1789740035
243	notbefore.net/log	lxTtfFHmbXzJdVUO+T3KPeCZngjQebRRqZekRYLNDi0=	26b44bee7a24c7048966f153f43ea60a9e11e2b26a472d48c5e426258119edef	108e9186e8c5677a89b2904f11d2e421356dd4f4b9d704dbe8298a5253ff4fd60bdf3097c4bbed58	2886193838	1789743635
244	notbefore.net/log	y3jveQGx0YAsd8iiCB0WCCIAf8JC4d333azXg89ih+M=	64890e141b05e2b854ed23d3a5d8e65f2a6b2f60409f554449889197425a3bed	108e9186e8c5677a8e46a094576eee9ae8934a281e0bfb10c8baef1a8803040f1ecdb7812e090838	2886458296	1789747245
245	notbefore.net/log	rMw3I4FZBymHv1A9WgmefZ0I6xjKnD9c8RocF3fw0Fg=	102d309b04b01caf0b6746d2d5db2908da49dd77bd5b9a89873408cda11f58da	108e9186e8c5677a078da008ede9c3a749aa75b2ba2ef6645e3b6e836e97b1741e0a939e06555a92	2886634768	1789750834
246	notbefore.net/log	9HqwXOADJy8Fif2oDQDrzLUVIEH950ZKlnEYjUFcgXE=	0a7bb8ebf364aba33d8a7d2ab2aa53fdb71a11a4c5a43ce7f9a3d12e5777050b	108e9186e8c5677ae4f8d1667a8f848e63e5a3112cfa216dc219d8d268574e2e0731b42fb91d31d3	2886799259	1789754436
247	notbefore.net/log	rb09hFIjFqgpHlCY4WYzb2i2oaZo6hrPajxBE7k4C4M=	6a227eeb30146a07c1b9565b0fb4b384fb226b8e2027f7af90476949aad0d69d	108e9186e8c5677a9a9397fcd2c7d4d25d676c40fe665421e24ead36c9474058212f35fab4b437b4	2887195036	1789758035
248	notbefore.net/log	68x2NMx778sMudNKSJv1N+k0DVD5dbh1GZzD//DmHQA=	74f8887dbb452cd1c270943ddc317330bbba929a739ccce0515250fbb0aeeae1	108e9186e8c5677a38ce1fe3506a512500ddc4918772ae303eb0e18641e034941e6d32336f81e226	2887687623	1789761632
249	notbefore.net/log	cdPCBXj3HohKr+Ts4yQ2i/J6S8iNgOiAqWjPA3u02AM=	5a56e116fb55f415f3b65b2e91d592c81349d76f5c69cc3f959ad72dc6a6e632	108e9186e8c5677a3230f96076c53bb34bd7b881749d324112cdc66fa68f228977c7eed85b4ce4d0	2888091801	1789765235
250	notbefore.net/log	GZ82NugYnvZOgbSJXRbWMfG/Js3MdapGyuEhBaTvJ08=	a72ee403722bffb9b01d975d2b4242363f96ef2cadbb0634dc19fa5dbd62b155	108e9186e8c5677ac66428e247005565bccd16d87aa8d94a2ac210a0b845ade4c17ff8a31fb16b8c	2888321397	1789768833
251	notbefore.net/log	a6BFvKFGRTNADa+qY6FAaprYlcO1Zuchq3xusZL7734=	3fbdcb3fc01a7fe98e409140adc4d147cde169f7ea1bbbbdf84fdc2d0e054df6	108e9186e8c5677a5aae1b5f4d0f8a09085498e63dc3f863f49cf99ba92082bc83a74786373f004c	2888562858	1789772434
252	notbefore.net/log	GFCwfoeflwb9ROsdhep8ZRF9ezPUjDsYjRiwChgdV2I=	776af70060821458450e95b42019215f7abf47515f10142e0b1543ddf94bfd3c	108e9186e8c5677ab9d091fc2bcadd593f8a5dff92d15c46796593144ff422d060551005c282c767	2888849113	1789776162
253	notbefore.net/log	rNxmT40nse2ZTGU3Qqv/ieM+aPehvp+Y3GUt1DMxGuA=	6e5b2a3ac050b6401a63686dc8d8f4b2ca95eff664590fb38bb9c361394e3881	108e9186e8c5677a4adee88d8c8a3fe672c597fb929bcdc94e85eaf2bc1cb475d4d9195e2a1bc0a6	2889352239	1789779636
254	notbefore.net/log	9rmWb/XoKE0rIZ23pL8NvkhuSAGnU1XMjM10MtvUwhA=	703fd032a351628a793b2195486e1f5b4dab986c1f15a4f802d3269600648f84	108e9186e8c5677a8a9d3a122523d6231b4489afdef3c7f209a6d78cce3a7a1ce7eafb9af31470bb	2890177885	1789783235
255	notbefore.net/log	005mVpCssF/9A3LePfSY++L6uVQSw5dmIxDgHMa+Gcs=	af3c80b265085112685f318a140d8bdd07af9c5341f1865210fd453ae8b12639	108e9186e8c5677adf274c541b827516752a8a5ad77caee0d52acd1fba9ce4a42506561098e2936a	2890417761	1789786841
256	notbefore.net/log	jt7GrlyjJ40aqIwlx8bAfY4Tt/vvwwN2y+FEha6f56I=	32bfef86c9efe1906a8a6f6081c6a7c7a37c768a5c78c0e1d0852c5a00fde58c	108e9186e8c5677a1a31d8fa3f70a11d1fb9c335e31d673388e20b0f410fb9faf1caae8aa512aaee	2890660901	1789790436
257	notbefore.net/log	818Dny6hrieiciin+73iSex+/ffs74rMb0/fXejy5Fs=	be253f8af2c5db305b72f4108ab5f3a489da2a0fdd3492f71b85369487d2301a	108e9186e8c5677a4b6531823b0cbebda7c8b400f26f09f208c2e0cd322c5d89b3ad0192e3c4f25f	2890874479	1789794034
258	notbefore.net/log	1W0d/OVH7rMpdlAEPLRXvErQCrRf9L6qmnxgccPKh0I=	a31fab2146207c228dcefc744075f5c1d55bb03c5a7a3f66c6a4584bf62d5f70	108e9186e8c5677ac28b49ae007a960c9f6f764751aef3ec9e22835adf479a23f125cd66f9217daf	2891265663	1789797635
259	notbefore.net/log	bXVQ/J1+JQuEDw9hAUuvYCoHp5hpW8QUh6jseg55YEQ=	e75f3d3d5cf59dab4d85f02d4edd26047e3561624e714e9e4b13fdc7db0f97fd	108e9186e8c5677a4fe586f305d67212e9839d23a4df1c0355e00e6a62ded656c56f1595871ee7e3	2891423979	1789801241
260	notbefore.net/log	AqaqdDk7uEuKaw4ASVMxIjAVbw+uF8fYBQfBkHgZOPw=	5e3dc1d74c87b7d2027c52184b0192255e8c04faaa2dd4904a8ff0392ad555ed	108e9186e8c5677a6ccc822e06ce1d578957922171831debbc4eb6388bc562c04ee66d4b681f6edd	2891776796	1789804837
261	notbefore.net/log	2QKY9pYTnDyoGb39QkHZjBJGbBK0aNZ1NBmDXmLnuWg=	a072820bbc16405b6cdf358fcb9d0381594bc7081e1e3d7d02e2a2dd83b41975	108e9186e8c5677ab1834a75e96b5016deb72ef1443b5dfa393ac93acd91816351d484fb33c87713	2891955341	1789808435
262	notbefore.net/log	WhVKzpZo++IJMXg/OPBsdEyVz6GaS672DRd7q05UM8o=	97ad21cae757ab9640c56315244bec1805ac768b1e022ae6ed067e87d5957c31	108e9186e8c5677ade50d2dfee7c20f604e2cb1dd1a6201caec19feffab27b22a60dd9f7ccfd400b	2892077283	1789812079
263	notbefore.net/log	kUbe1ztZWCmEy8Du8ZyCWEvZ9aq19/U2r/NqqKvXra0=	aa8049db220c3e343827c3cf33dabe9c51392304d950c31abde7750d98799a96	108e9186e8c5677a2262d00a341bb7920f528c6f80347a97865309013a12f831a4ed0ba54153de96	2892255589	1789815651
264	notbefore.net/log	9j/RNCAh0oid3Y957I5YyZQHl7mSO/kO4lOXo0Wkgto=	181942e0e3f052c1038b23b0ea4b58fbbe685c19862637a4dd85fca4f3e60db7	108e9186e8c5677a2181798df9d88588eb0f883b878366bc8530d20fd361ddbdb486613d8b4d4013	2892365615	1789819245
265	notbefore.net/log	GTD+Ew/Bu6PuLOw8PoU+RDt2luHCa6xMtRWA9L+mgYY=	ec0705062afc9dc0086b7028ef84c0698a8e9ebc8c7b56d68ee943c1eb2503a6	108e9186e8c5677aa743d4a8b34a8221522471d77bb804acf51b7881c6763c51f987e7c1fc6c845b	2892511344	1789822835
266	notbefore.net/log	mltHITsbNwz1jF13y/NxP5hsZaRB9YR/1St982Ncrhg=	abb05be33ec046a2de801e8bd1d0a27673f694c0549c674c69871152613024c0	108e9186e8c5677ae8b417774c1feffa013730d024796c846b810c63a346bf86197c7bd960991f7d	2892606547	1789826443
267	notbefore.net/log	vIu6OBxdTWoThBe2KTRzl2jg9JV6ZqznCq79MAlATf8=	fbd5507b37532656f7217767749f29d2cac2f151e1510cb77f8f792f767665a8	108e9186e8c5677a04eb4e84c5daee93d0a7edef8cdc062c353baa14b571c4c1c6d5bc2945678e7d	2892763999	1789830044
268	notbefore.net/log	uUoawxQg0h8Lmm2dhaC2Zq2hJgaNslJMMrRAGK8VPV8=	6fa3a2fab3624954d6339ebe821e57e9fc6c69499fd9a686da0d2855ac38ae2f	108e9186e8c5677ae4221e1bfbf1ea4c88bc1f27fcaa9973ecd6006b0f74d9c3a3bef8b828332cc3	2892855019	1789833648
269	notbefore.net/log	zvuq+PKZyzumIwHkXeP0rEX8917SUP/VOqouhY9cdcU=	ba9a8bb72b26db3f88cdf5a944831164275bbef7282b42add10ee328ddbccb3a	108e9186e8c5677a340856884dbb181d5cb6b5efa07e7b442c30b9eba830ed5f7759bf98f0d57fc9	2893002986	1789837250
270	notbefore.net/log	QkH2fiwcVknWq8egeiQtolmuQ9UpJb4BeW8yJPeBna8=	427e83061b11383868353a61d9b147decbb754b4bdc47730adbfd5c394ca8b8d	108e9186e8c5677ad252b3f2e414a31149d0763b606cd30489b25140f0e74cf2217f0e0d982dbb6d	2893095502	1789840837
271	notbefore.net/log	mmw+P6pkvwQkWk6lzg2MO5xce63tA6hYd7OwJ/eCQ4g=	854481f31dc304f56ebaf59b52e402a4fafd3a9ece1ab7a2d8a010648488ff31	108e9186e8c5677a198cf2f1aea3f53f2088c8a193c9ec309cae3d703cd2c31b0f3543a40a886e6a	2893221137	1789844440
272	notbefore.net/log	zGVbAbUTSPCZkSA6auN8EWV7OLzWiYU57VpeS9qVZ3k=	9165e0ddd7a95214d5dde2b9e5e317fed2b813a9a700f4aab50babc440964c41	108e9186e8c5677a2892cd3061eab465ad34486c338c71992389f01678d7ebb189630986367a55d0	2893324252	1789848040
273	notbefore.net/log	NxZxETkPU4OLCyDaPmoI0tQvUdDZ7RXXK4SdOvUbCC0=	f69ab51efa704ca3a915788f8bfcd0753af8392ac80041c352a676aaadc13edc	108e9186e8c5677a8f4b53caf7a08cb4988ac11fa987e64e0e075ba6fe60a7919feedbcc9f852192	2893445592	1789851637
274	notbefore.net/log	N5chRAseohFh+wnwtojHqpycSfs+5Cl02KyPU7ClUTY=	c839942b57fd3d8a07f4846c482730395b5cb1a4703d7583c5ccf9b2d2dfd537	108e9186e8c5677a957c26e7a14c2394d1087488b0328bce7049e196de4655e55786ead77e4dbfe4	2893587465	1789855234
275	notbefore.net/log	31VOdchYDSsaQQ80ZWdmSIs/dmxjOWIe4W/Rbf3nFL8=	558542d936f8e52e8625f81e8b90e90fab44ee7609fcf374c0bcd17ab62e8b8b	108e9186e8c5677a91bdfdd6cf81474c59679411eaa6193ef1685cd2f8f5e3a1f1821d6088ec9144	2893649466	1789858836
276	notbefore.net/log	R0TdNrE1tGWIBOAZOki1Q5CvNZsJkD906VPCynRdZpg=	72c78ca90dc6e28507a685e249f37940a5a76bccc2fb9b14ce0835fe621f1fb5	108e9186e8c5677a18afdb9373525b4783059aa8aea645ae5a4fbbda8112a71598f2cda5864e7f28	2893732769	1789862464
277	notbefore.net/log	KdZ6yAB0Thof5pWY8y8Q5gzb6AJy9QFZjyvkDW9CEj0=	89affebf6131636fbd669a433de4d0b6b2b43fa153503c5a65ebc14ad87b3596	108e9186e8c5677a09f4fcb03b3809feea7caf99b3ca53e2caf42ad63a696320491ad436f4d96154	2893799374	1789866038
278	notbefore.net/log	27igVWYk9ujgVSblknSGWhMGqqa1sLX6oi5qX35iWr0=	1f5178cdd6c823c560a5b3c0e0780249d743811c4553e621a3d9f8b972e98a16	108e9186e8c5677ac36f09dba588c2b011fc9594e94b6862baf155e511a5c914b988912a65c3cdeb	2893887514	1789869634
279	notbefore.net/log	bJw6WzzRiA7HNbDP59LEqBW8dAMvB+QrtA+jar+pcgA=	78e987bafc36e6ae9859dfc9e64f3b4748246a4357bbee1bb10814efdc5ab008	108e9186e8c5677a757f3ea87bef796d0ace5a159428b4906f302b50cf37779748a7003be2ddd0b9	2893929322	1789873240
280	notbefore.net/log	mdwf9JmZ7E/N+ZvLsUhlRmAMdWTI/YXXJqhYwXfti1M=	2c4748f0eb8a14600862140594d468a57ef0dc7410964fd80241db3ff409607b	108e9186e8c5677a3df38a6905835be4b170a4d6cc8ddde14ecc702eb2a8cd5f01949cfc5fdd7608	2894014514	1789876840
281	notbefore.net/log	nfAwA8EV5Egu2Ukypp18esMlS1m4J5kfJx2WhL250qI=	93281f7a891292cea0e8834dd5389e56a9cfc0516d0f5de24a55084d5329ea95	108e9186e8c5677ae32f589915757d4e75e9e9e018502dcfcbf8a073c3bdce3be403d880078e504e	2894307797	1789880439
282	notbefore.net/log	3weFJnC3zFAehOZxn+TQybwFGSWfXvQhkO6r1QMCZvA=	b2e8b1cedc688e474a7cdd3d59356ed446421916de277b4924d806e77952821f	108e9186e8c5677a1d33fde6d6dfb25bebcbcdf79d5b56c54abb683c5ebe99cd5537e1263a7a4057	2894995087	1789884044
283	notbefore.net/log	mjwk4b4rD+raHcx+ChZuMPuwHMy5JiGgpvdA+l6gFxc=	79bbae74a04ac4251f59fd731cdd3741976b0247dad2b955b99bdc819046fddd	108e9186e8c5677a14c502c362f7ebb6652a1db9787b620f58e96b4dd93981aa2df6d4b3fc9bbfd1	2895480994	1789887639
284	notbefore.net/log	yKwXJawZXIRb+Mw1nCKz7nCF5saPxd7TlERG2VyeuoU=	dc261ce3ecb4dfb4c47cef4da536b57f65dc4cdaa551d2bed02f55f5cc5dbb36	108e9186e8c5677a1ff91fad384a8eac0d9a80598d178c005978a3e9a6f5bd0b5b07df669f4736b2	2896095696	1789891245
285	notbefore.net/log	K4BTHpAchEBC8IJuju7Mfsv3qu+SR89ueSGICepfvgk=	a55e46faec884689086e3202c8cb0f67582485f7c45e7beff2cb2d0e2ee8a625	108e9186e8c5677aa683a12c928a9fda60afa2f5be6a0c5e4b6d022aadc001e83b87a9cb7bc33573	2896614226	1789894837
286	notbefore.net/log	0GpTd/UHsTWx9m9kN55xp0vmEpCJPYSy457GsgopYkc=	e3fe566c2343d90ee5c0742c7afd6ec02307aeb6b0e1bf5e7556706ea81ba56e	108e9186e8c5677ad5b3f691859ccd507d5803f477a4345fdd9dfac7f989573207a24012886dc5f2	2897196461	1789898434
287	notbefore.net/log	mzmQbVHlQqySYbhX4+myF05BaKLmDigj7CXT+dWUDNc=	449fd8cadfb3255813e65b3551966b22728793ad7ba648cb19e307f24a939aea	108e9186e8c5677a6990b7faeb9886b623ff0441297ccf9ebc155125d17e600f58e37b7ef39ea2ca	2897655469	1789902039
288	notbefore.net/log	xczhMRAOvKZ3Tn3tecZ2GnroLnlhHkSV/hznLoB8pws=	563bfcd020614452e26a2b44c454f2b5230e7685920a91f8e00149ca458257f6	108e9186e8c5677afa5c429831a03b9d19d6db0f0e86151794636528d878090edffc64daa285187c	2898349430	1789905671
289	notbefore.net/log	RxKpCdD+YP8+HQ7oRDnwtOaAnTjhUbvyhH5HuxWmwJE=	397e93cbc66311a959257bb86fe3da76bb8a9a89d3157d1998839988cc6d5b7b	108e9186e8c5677ace8ffa17379e5a6ffa91cfc510c91b3698f5272b78776132fa739a8e80e72fcd	2898995068	1789909233
290	notbefore.net/log	JxSdKyt/5Ts0Ctu2yUtVnaZf3Zcwkwb9Oo1gVlMpXME=	dfbbf9d268ea8d7abe1a3e27454e193d8bfb79c0410b2f5793b29237d792bf42	108e9186e8c5677a40cb5864d51288ab8b996896c389af65b8c5354ac6354d6327d5754866842e95	2899796541	1789912835
291	notbefore.net/log	kiRQvYwNs7oN85ID4QoJgvGNc2q+77pzjji2oNxSCXc=	86d96df6588a7b2b11cfb81a5e157e76511ca0085848b9a6d299c293cf042e0a	108e9186e8c5677a2dd864c71295919d981b3d963d994eec434ceb525dac8339ed1cf672ea75eee4	2900590210	1789916429
292	notbefore.net/log	rZZsKni73lWCgUqhNWqtzib0wMrTXu3xF/DBcdsPFrk=	70dae18a4b51304847f0ec943d101fe5c9a894dbd5dc469770c2e8e6ab08527b	108e9186e8c5677a78957997d0d0e7fb8de872d98a1bf56061fce397eec20abfedb5976184a432fa	2901169987	1789920030
293	notbefore.net/log	pSoq0KK/SEWAyXGgI9I5w+RBzEmN/8H8qgAWDHxL73s=	25dd8917cb673a8bb7b28477c6217f34bbd63b6177338cffb3b0d963dd6870a1	108e9186e8c5677a9d3ae5eee776f4ff6897e9ec8788af3c88010501c5fb38c5bf3a655fa63e0183	2901554717	1789923665
294	notbefore.net/log	xTai0ssA/fODrMipnAjU8quqPLQvypCnt+ZjYjVrukA=	333216aa26138b0d128cde8f94117faac00605acb9f14d3fbb0197ada39f44bb	108e9186e8c5677ac21ddb47b70c87d57f85877978375f57f58a3b6555c302b49d2544d368864239	2901972848	1789927230
295	notbefore.net/log	B8846ziSm4xKb1UevDqXRRAwWeKekwVHDFPgJ7mKgqI=	04a8be91cd81ad8bd317eaa5dfe996e48e34919ad1f1c4ef1104c525756db12d	108e9186e8c5677ab9034d6377f7354ef3841513942083e146d025e6f6195d94ccc80dda2d9c7b8e	2902540817	1789930839
296	notbefore.net/log	xq/WBzMnNFSXfDFgwK2ACgtNtD2OMslSuDpEzljKDyE=	5f03e12da2501bd2fa24de6fcf85e2ba2394aaae5e32435c18b21a628a218918	108e9186e8c5677a01653cfca963d4edb2dee4b70c01462f233bac2d6fef8e79b1b7e1cd806294b8	2902930834	1789934435
297	notbefore.net/log	YMTBiVPt64afj3HBq3FoLKeAx5FCTid2N1bR9OCRN14=	03c0ffd05164504c6b881fd358081158b615eaa32c887e39a796a7cee8c643fe	108e9186e8c5677ae082b80b7ee823365e2449f29dc06087e8facf003b6e7dbd4a8d96cbd50752f4	2903281755	1789938031
298	notbefore.net/log	QglAvLiEK8qT/Ow8F0DCr/O7ZR+SI3/z6GElEmKgiHA=	d726948ce9f35d3e5321c44fe21d572355df2d083073d248e7ca61e3c01a4ce8	108e9186e8c5677aa687de5adc446f4bb7345da4833e9d52133cc276207addb5db7c5e556cf7a0bc	2903600030	1789941630
299	notbefore.net/log	f/sngjFlGOpVgdzHoqM/SpcKY+p5OUSBonqBPnOQTIg=	a95c8c5fa67fa181a4d8b7fd7ff3e37559262998e6989e0700d239b36482cb0b	108e9186e8c5677a71b701cd066998b4474b92a39c40a76e272824122c9b73d85402acf9ca74d89b	2903858624	1789945236
300	notbefore.net/log	75UBcTWIoFQSL6SNwKugrhd3l+fJrMemE5z1QIN7fy4=	6131f179cdd85ece0ec5785c6b589ca5a25dcde3f4172340e032d9e84f8059f0	108e9186e8c5677a8565657da63db23eb88b8c69fd6ded794076214d0dd3d7eba72e191c0d52f1af	2904581744	1789948837
301	notbefore.net/log	LKW2q7Iunwt/3oEkzjvcXK+Av/Bp9eoOy9BnMsbMM0k=	e267b77fb4bb2c901f7fd2347f6beb30be920a9e0808675c5a15ec0c69d70112	108e9186e8c5677aad0059639c7dd76deb3007bc00d3c099cb55595f767f0612f99c83e40215d283	2904776821	1789952436
302	notbefore.net/log	dzafljVOZvyEQHdoeWO6oDczuUA5F2z87CrLiIirHuU=	2eafe5efa0d4f13036d1ef242a0174862d74df166bb47649c4d352c143934488	108e9186e8c5677a42946b325de389465f17d81556d85f65ac23e83b86a00a838fdeb1bdd1cfbc15	2904827571	1789956033
303	notbefore.net/log	Lz+8CwZnrS6nDz2ficLY5ZgUyq7uyYLiojo2SrwibCM=	d9539b4dcec526cfc08e809eea633d810aaa4f48bc3f4f2288c0a4ee52c503e0	108e9186e8c5677a48b1295c580354b697cc4f8a5d0ac6b8b86d546c8a18c0db64886e6f9719393a	2904867586	1789959634
304	notbefore.net/log	tS79Z+KjRJ5XaZOVl8vCps7hZbN3SIWzDTY9JPbmQik=	41f00b621ee487f594e3349f0253f749759764be31803fc4d0466f6e65d1bea5	108e9186e8c5677a6bec3ec6f630c727a105d614a1a906ebc7a3e8989a471f018ca305d1ec45aea3	2904921125	1789963230
305	notbefore.net/log	kmor1PJh55nsIbAHIvU0qHf0MGrqPLQ0S2qQMkgs2OE=	33d5d12ca4cc86b336f29db6c1c08c8a0e132db5e440f2deb98b64fe20577116	108e9186e8c5677a0edf6fb67343c0a088d6630ab7f1a2888036362c818d0b629201bdb6fd341d70	2904960599	1789966832
306	notbefore.net/log	DdEei1CSxh4a8lc96WRo6JZB9YN3wAWm5Z21TL9qnlg=	840cddf5fb6df5289406d816d36dec9abda74575f783d9f0bf1e4f5253b477b8	108e9186e8c5677ad2f1c206d2f3263603f5e9309765306f217d5efff22549216a2f05c50d24edb4	2905022623	1789970429
307	notbefore.net/log	S3vnmBKhIW622LwB3lf5d63GEAV628MXbkjZiyXxicc=	1c619236b36d030343203e1edef00edaf62eae45951e0f02bf0863a246a58a6a	108e9186e8c5677a3f4a5dabceeb7fc4eedc2bb4b0ac52d62feb8b82a97cfe365b411bbb7d12914c	2905096108	1789974038
308	notbefore.net/log	v2hAtZE9ss1/SmkO7gpbmuFQfV0x7+VxbjkReDULLdc=	7ef07ca39b2f6b6d1fc517d3d4768e414242dd86e753cc325bd495144d7b176a	108e9186e8c5677ad5ead9bcecd3e7a281dc9a7dddcce52eff889befa9670c6e2b77ef9e3d236962	2905167829	1789977631
309	notbefore.net/log	kUsru7UFOHTkEZr27WsQrZP6IXas5PN7rlEAkNn9yi0=	f55fa9cacf3daa05bcd033b4b5330ae84ceebc8583877f5bbc97bc8dabac96ef	108e9186e8c5677a14986b6bb96ce1cd3eef3a8f0de3a3c3a608ddd9c38d335e1696541e95173abe	2905299368	1789981240
310	notbefore.net/log	7An5YwpNFWzmOa8Lr/cO1j9Pb+0yi4zajY9mLZ7y7bE=	884851ffbb7de2273c2be74ff1e312ed46fb2fe632d7477e6f9f0fd6b33aed70	108e9186e8c5677a4e5c193e11c258adb8704da44b444ea60bdd40b6d2da4eea82b1286a972d47e2	2905476319	1789984835
311	notbefore.net/log	MKC5CSROI1U+bDRWcyPygZrI1zShqhS7rclSUbIBr+k=	aa6f7976c2714a14028ee90952e0211f1d0fa51982c4b3532c43547335bd4dbd	108e9186e8c5677a93ff081109286900c3416ab47a586f45f3cc99d4232e8341683fad27e584cf41	2905555707	1789988434
312	notbefore.net/log	IaJodXFvdbuT/eLv5HDP1BSHOhL+YWkWi5ugDFTHzjQ=	4bdaae579475c1a750fc50fc3ec5f975f6eabccfeaba616ab4692653e63c6aea	108e9186e8c5677acf78da106e8ee30d0c60a437970fcf3d311d63cb9f23966f807dd8c2bd2f65f0	2905716316	1789992035
313	notbefore.net/log	3M5fEmYhC58IdKhTyyouAFGoviQw4FxyzddcOJv/5I0=	d6b5709eed81ae3208af6e5eae7a0e4378c718fec2beb0eee288ff06059baf85	108e9186e8c5677aed417ecd9cc05e6f967406b1fbe4fa02f2512f30077c14ca1cf9df2426877b22	2905811804	1789995633
314	notbefore.net/log	hFQc/c6liWe+Ca19xVVH1cW1oYxoKOvUc7q5D2kf1Po=	5a7eb58fd0b5f14bc9aa43aa80afc6653e66789cd4c0b497bcc88ecbbfa106ce	108e9186e8c5677adf73cc9b5e4a0cf649f033e9c7f0babba1d9b5daddf90e967dc0bdd77aac9839	2905907923	1789999236
315	notbefore.net/log	mp9ckwNz2AWXLhdBVzVfTc0/pxTLd0EbCLB7IgpybXk=	40baa362bd2b3053e52b87600e9f00d9ab68fe2837c3191a81c3a574b07b3a77	108e9186e8c5677ac9069a2e28fffc76766ac3044d508fba4afd085a953d3f2b640b9a928a040c45	2906067914	1790002833
316	notbefore.net/log	MGD4fuRRIdWWmPl8yFHFpCCTtG184rYgAjbge3kFi9A=	780a044efe8527157ff383469cae88fe8112b16c728168005a09158c55002614	108e9186e8c5677a232a034fc3cf4f5a3bb3cf46d9457b06377afd0b61eed6796a60080289fa8ecb	2906342869	1790006434
317	notbefore.net/log	DY5aVTVfYe20nO8rnk+lfSBaA4aMFKHMwRRrfGHonh4=	9a24c5bf3310ff1babac4690aa15be554b4f0d172e79984c9e03f08442507ca1	108e9186e8c5677a1da97435737b7dcf7366aecbc531d74700f3e1e88fab6a6c801c4e7babd0163a	2906434829	1790010034
318	notbefore.net/log	h2idVNS8nOM3c9hHxYNlsN5YrC5n9iDF3lVAi5hlW6I=	d0be69382717c1e061fb59c6d398f248805893e11301da0e2ea28080a12ed49b	108e9186e8c5677a9f3a9cc8cdfdd948dea7a30984f609c03b722484ebae622c98beed7e47bdd222	2906505366	1790013634
319	notbefore.net/log	TwMMMkfu7hf2iq6ubaWmk8N4ps3poqzKeoAOem6t7b0=	83482bbf8527faf73e9d13163c478de38d49b1dd2f2e04aa95c3b94a2882021a	108e9186e8c5677afcfd1fd6e9924513e24787756fdabe8fd8752cee2b769abf749eff9f4946357b	2906634449	1790017235
320	notbefore.net/log	9KIoXAaRE7tn0SxUQ0a6yhXmFX1Q2LjwIleGKM5ZxP8=	ca56ae9c003cbaa7c73489d315945baedbbe88e08018bf90f938048bc5d9598c	108e9186e8c5677a003e0a09d94e88212a0069b42a068f73766c1840723fd2237ec1a2555311dbcb	2906890676	1790020835
321	notbefore.net/log	R8CPDv7Xqp3eP0CRP2+RaDBrv+GN/S8ZKwx1m6x0nuM=	0451c96cbc10de19960773095fdbf28eb1f89c794f0a9cfbabd3533618da06d3	108e9186e8c5677a79519798bd96fe369527bbe8e580d752a2f9790a0f9b35ab660d7b9faa17f103	2907030623	1790024435
322	notbefore.net/log	2ph+wv7Hlo6hyRKACBwgylGMe4jqibS5J/6uVQ2vAo0=	66cc06c8cc682cdc1b134768d8a5c8f58ef7ddd9ab494ff8ee3b037f2a8cebc8	108e9186e8c5677a446900b8531f331b3ec8e00e4b1a6a230285f1ec83f31ee5376b0ce26d2009dc	2907111760	1790028031
323	notbefore.net/log	8X57FTtDCxQNpe1xLQNJFV0GEqM0t4UNjaqDncu8LoA=	519e662e0491ae57c1a93be26ce17fa3c3b6da50dc43f88ba946d0b61a607054	108e9186e8c5677ab5529205f616d72a9c668830bf4533fbb8c637db28294b5684c7881fb9857eca	2907249505	1790031636
324	notbefore.net/log	Bw2UtVgvsMiO0qcOtcs7G6MCSfkxkNwDTW8wTlNN0e4=	3a53c739b7cc161a530a567e6dee6fcef53e78e8aba70f4eb638cacd8b07ce49	108e9186e8c5677a8d2b62099d07d2622e6b0403ee25b987e78425076f7aa715046ae613cf6c2832	2907352365	1790035231
325	notbefore.net/log	Jj8TxXQHd3RAWY2gdoJKWI6j3X47JvNLWCjJ0sFu4NM=	7622982300a11be461d5ea5208a015b7937ec8f279800821f7bcb1981666acd0	108e9186e8c5677adcb5bd4f422062f22341ae698f3a5af18b8e332acc4237434853693d43ef818e	2907602024	1790038838
326	notbefore.net/log	mGBfp1Bh02MdNaPcTb7qrApgUiS9k0kh0SVH6VPhqMg=	9793b98a131d5a2b3776e41b82328d3ef994016e340f2fce3832d86fd65020f4	108e9186e8c5677aaea61647be8296f7334c8d75bbabcc52054263820c9d21d8fbcbe6068a6c8fa5	2907673696	1790042436
327	notbefore.net/log	g9P38GKuhhFAN1xM6JOIa7oe9zK/R6g67KziFaa6B44=	96249a18c7778f971328caaf3563e37abf4078814496035d1c063f8edd3d2992	108e9186e8c5677ac7cc1c663872027106493ebd02b26ac1b2214068b02ecdc58739dd37610d70b4	2907743995	1790046031
328	notbefore.net/log	yzMYz8ghxUqrlo/drVAykoWRUp9pKmXTCHEiXIhhlmU=	d43c37cd4825547db6eebe7ea90910418224d6a643e09e84bbc4f3d4e60ef4f1	108e9186e8c5677af9ae1009a18e09d9a02e0e618a1470d0eabf44dc9fdceb5650e895fcea4f2e82	2907869136	1790049631
329	notbefore.net/log	fYAd5IL0AalxrKWLZxoNq0fLfebx9voch/sA1epge4s=	78455198b63532dfa546ffb648c283cff448f526429b04d6dbab2134ec1b1072	108e9186e8c5677a14224fbd9e57c1874d66c0049d4b4a67f2fad0bc3e0daa7938deb0e4ced0bad2	2907978277	1790053244
330	notbefore.net/log	TOsEucOscXtLcpEWHKBX5IgKQvFayBKFfnm8uW2Vq80=	c18af8f56fb926c4064cbd9fab221d0b302a867bf0e67f4b5d93e52f474fd22c	108e9186e8c5677a85bb75cb01da6be40af1b946dccfc1a9df15b613d2e3524e08a952a43ccf27ce	2908080250	1790056833
331	notbefore.net/log	DZIpCjcBT9pn5/SLyT2uerL6Y/hEfR0QOeILwC2Mq7o=	a2e3b08c5ebd5384311be92c0839a1601f02b052846ff8204ad0779b0cdaa51c	108e9186e8c5677a88a149dd25f9f6d284c8cf8f9193d1a74ccb712e8dcd9110039036e5de633806	2908340460	1790060433
332	notbefore.net/log	2oOsZIx3XUG9bfResE4UEhqotDtLMfc1zrFgZrXhfjA=	d4036ea4097f8d94c473a4e7260754935700701e06b01a28ad7aa74c5f64e4c1	108e9186e8c5677a674f1a92fac39474827465f5f8a8d7548daf24cccca17451cbe8d4da237e3feb	2908709995	1790064030
333	notbefore.net/log	STajCC3O9EGdBy3EwRYfzaD+5/Ye8EZsT/EQKaFP9yQ=	e5267993bbb46896e96f83da0ae59224e36d03a4e8a9b5590acfc47bdc9d4afb	108e9186e8c5677a7db211a67562fb41ede62369ecc2d7d6c326754f040ae311854e8e77e8345640	2909040348	1790074835
334	notbefore.net/log	b1/OPtxt98edrRhW3Vv0MuchtxqCmgAsaChbpGzIiAE=	934b575452ba558b559bc190075b1f1fd6563476fdc034d80d4fa9dfe99515b6	108e9186e8c5677a5b8829186c3fd0c2f553d6108557d4add868c41895724e8b1509b7d80fe198aa	2909231279	1790078434
335	notbefore.net/log	wwR8a2MDptaeuXlPuWREQ2eQW4OcLCqVyETyJbt4PkA=	84fd556b864dce1d45bbc3c3ebc51e939a4ca93d8ae36c62353b75cd777334c8	108e9186e8c5677a6075beec2b2361d6d297f6902720abb44ae08b8c4fc718e46a6acaacb1c029a1	2909430742	1790082032
336	notbefore.net/log	yghPE+mo63K6YxoCzoqaXXGg1vExaXZ4Fk9lNVzA5uk=	93af6b256179a7e9a0ecda3c627a6fe116912cdcc4538589266329f3f2239351	108e9186e8c5677a28dcf932f4f2140180e6841b56fa64a83e9456f1258430f6abd2fb115ea584f9	2909587172	1790085634
337	notbefore.net/log	t0FWtsS2Ew0F2KqbT2A7FUxvhS3XUeMDb0QdS46vN1s=	1a7f5296b08459c5965c999d6ad6a8950cbb35aa8d4825b49e796c0a84a827d0	108e9186e8c5677a6af9e7c573a513e4650351f3a154ee4d6989d8ef38d2a92d4f110d430cd9021c	2909689604	1790089235
338	notbefore.net/log	WfTGZ5VPA7LtX9T1wuALZXDLXSXGL6gGzQ8D80KawpY=	bdfc593084ab560c9ad1365f51fd05e86674e62e5cba264c1ed50ff2a87382bc	108e9186e8c5677aadc54d5cbf70050ce975c85688a7d14bbd59a570a1b3f2f6e0af91cd144ed5e8	2909821276	1790092838
339	notbefore.net/log	L43mMuwSsFvvFzVZweq91Wk8WaD3csxY+sziZBd3K0o=	39ffd8c76f2740ab81fa33cd6e361205c8d00175950997b405ab4b3a6cbccbee	108e9186e8c5677a5bec5e7637c042b23d99731b46d8d32b659d9963ea0c7e10d148f4ee370982f7	2910043398	1790096442
340	notbefore.net/log	k536wGpHH39AswwWHt79ZoDhDoseWJtyU/0qe5uEGks=	8862832a539f14e3ceb241d23485fc70380033988cf3d8a16685a842dee00936	108e9186e8c5677aa7b64d0edacd1efae748d1c2a5cda79d625d96557ac32a0529b354f1459aa018	2910145785	1790100031
341	notbefore.net/log	bjpp6nv4uBk/0urVSCepsHsQh9R3/AkhP1sJZ1iYkGY=	c4e9f55a31b9685c98a8723cf19b9f88d6dbdfd62592c34a0cb2f1dbafa9c9e6	108e9186e8c5677ab3a625b367a2ff4cc356cf8238a0e94641c1795f1ef973579b7623da156e8389	2910235077	1790103639
342	notbefore.net/log	EonvwIByDqznjXGPYWeyJjpWbMQSQ6GC3R+Gm42A0dg=	bb43c4b7b3690593c5771bbf7a1b534e23686413421d5c8c38f06a155033e818	108e9186e8c5677aa884ead89d263d6c66c01da0ed76fe8b53690dc09fe2e1319a61d37d291d088b	2910381341	1790107238
343	notbefore.net/log	8b6vU9zpzKYf2jQCTgthT1bZdd3eKP9T5NYppaaJoVI=	2f201a994928c505e9a59b115764330d2bbefc6dafe2504993f8e162f31b3b1c	108e9186e8c5677a3fd2d3ae93aef1667480b6b229e8cb36987da8c9ee9144eb999127eee3642ee1	2910505015	1790110839
344	notbefore.net/log	WVMVkySaRbbYR1yZE4dLSYwm7Mdki5e7RPgKcyjXda4=	639ab13c18ba90d3376e951ad0a07035c0f44c330693194fed0a5e20e2ea957a	108e9186e8c5677afbb07f1d431e86df96de7814ede3d357a61e2907387eee7734c1cb58c0f022a5	2910903406	1790114433
345	notbefore.net/log	xj5i16d11L9nfxCB0nyqSpcN+MhpyD6Cc1+Vxlh0EHY=	6172c3deaad9a32e5ee8bf040aa07f9fc96f233becc3aea80c744037461ad7fc	108e9186e8c5677abfc6931d4f7e7e02b20f6a57f9e96c4c73bb3ba75735d64773523716e139ba89	2911559238	1790118034
346	notbefore.net/log	TubW4WEMcwDg0Qi/DvJTxlaL1CEbSvVxigfIHxzYl9o=	f673ddb9a04702dc583b6814f5a82cdc60d43b2b29873df4316236aafc2ce931	108e9186e8c5677a8c481ad7f9aa74d5b7051597f6f98941186d6643283be42fd9ccbb47192f4cf1	2912206870	1790121635
347	notbefore.net/log	ag6AiN+wJWfpTnImbpWpVxr8YF5SSCU2j61GSBr8S0s=	7ba31290e7ac583ad690f99a03b23d270c371cf4cfef7095ad5880f9f744b500	108e9186e8c5677aa9dbd475f6a5f5cb7aaf77282e729ceb470d308b475011c283fbb56c177279ce	2912960357	1790125232
348	notbefore.net/log	HAgKY2emHdtNT7jjvrLrPxbW7u/MjbqtiEn3I1Wli0I=	387e28d7e94361acae9c7ac785bcf1266a8d75d2dbccacf5066ef3936e2300d6	108e9186e8c5677a4e07e5cf786f880122e62e7914d835a0ce84bb1a8c3a3902715d3c673f66d681	2913632060	1790128830
349	notbefore.net/log	5Ntygfl1qerdRC4zG+GNK3BD8DriWU1XArIauW9wgRQ=	ccc83720fee5b0eb891e12c533d49673c6669f4cf1f49aac3cbf32fc731474fa	108e9186e8c5677a45ab57edae0ee0366ef8c05b4bf715506a9a7b7e8a1b4f25e0596a1adc54dc06	2914295369	1790132435
350	notbefore.net/log	WKk+AfIgZ3aXY51MrLd9Vz2OVS8wFp0Qv5LOQmjQMgc=	7456441d1937248dbeb0c57a3a6d80bab067997d4845853bbf5d06d760c2ceda	108e9186e8c5677a0e9ccad7321a010d06240deea33125d7294b0b4a0ac29d2efa6858f8017fc951	2914768981	1790136037
351	notbefore.net/log	HEwu0xzEs4kDtWnFhRtVeqaE1TMFKLp/3LN65aQJx34=	c53a099231388f9584d617cdc1b2de9d0d7a29f93e8350b487dd0805b0ba72cc	108e9186e8c5677aa212cdaff55847d72471dbdefba8ea098ee2fccc81be0d3de2e09f1def7eab2e	2915401934	1790139634
352	notbefore.net/log	SA0r9DyL34eLwWJIsxscs9l7Fa7lkRcY9i7E/XlufyI=	7fe3d1094e7992ffb64862dbaf6abb68240b52a3e5375a64c4b7a80ddb9f2848	108e9186e8c5677aa98a6148976e81a4d50adf97f8e25fce8d742652be4d1e1967c3890aed7a4736	2916154437	1790143232
353	notbefore.net/log	+hSx8jMynTlG2uayJjsiJ1scWXBBNjH94Rq0OiKmxCI=	64b151defff9c6f39dab208d2b7ce2ac1c56fb5caa88418862f4987532eb63fe	108e9186e8c5677acd8b9310a07d62ed06bfffb4e1923f23baea651dce4358e4d7d7081a95cf15ec	2916695282	1790146843
354	notbefore.net/log	B0cQQED7KKimqPxynMeNeliXODkcpn0TfvfPj/0a5Ec=	429a3719199fee2f00e954861edfca9c6a9a90ef61a8d512ba6e315941b80398	108e9186e8c5677a7447c0bee239d2f0c860a5fefe622d3df6d29c7b495bb6392bae6ecb7daaf6a2	2917149252	1790150436
355	notbefore.net/log	HbQTSFYnV66JdTTsTxqI9ATCG8DBBWTEAGjZYW7kxHc=	7adb95213e711bfd516d4eeaded51ff28e3ccfac3f2aec452cf41f959333b3ff	108e9186e8c5677ab2cf680bd1d98f01863c81660a86f33fa13136daad73163f56d5f78896c5f138	2917766186	1790154033
356	notbefore.net/log	p95MebMOHpltsdd3/mi4QjbULdg6sXICpaPJAbkGGBE=	dc22cc86c6e5571da9b94bb3c5204310b3feb0a4a52e5412216bb3cdb918bb54	108e9186e8c5677ac99830f2b62bf877b9d5e7f9cb61a26ebc205c334fd8842e2b6b921e6a54e3f5	2918292928	1790157636
357	notbefore.net/log	QNhWN8tZDeVpGmZqqnxWNFBE/nyI2Z6IDlqN7qfYXHY=	bdaaa2b46d78ccd92b82411c27b3a06bee901aef3f08f15920c0d3091c538a5b	108e9186e8c5677a2c1387f562164f08d70f714bc45cac0a60c90a3e6376c975509a5cd7b6752904	2918770939	1790161231
358	notbefore.net/log	Hmcb4KfKyKUjHQhif9qtGfx8yGxfrvuXYX7VVS2yPT8=	c676e1c79f4a7afda90f7551b1bcc9955e5f7e147faf667c3034c3b87d8da071	108e9186e8c5677ab8cad8595fc23fec032838073f46aa932be03fa5c9945dc669a581310d1c9229	2919284791	1790164834
359	notbefore.net/log	jOrg3GfnvTHo8o8oxfkCX1uCnZBd42mB7Te4+D0KOCc=	3cb66ed66c5b622e2f936cca5ddabe400e98d58903f08fe5c4dd522ef76005bb	108e9186e8c5677aab945638bf4ecd9e77535c100629ebf4a96c9655aba188bdd1802cc0a0155cb0	2919775355	1790168441
360	notbefore.net/log	voRKNbidznrhTZEF6IejpD4KPrFFjyI0wS6cUSZmoPE=	31aee28e4146041311db6cbfe3a4728cf82620fc26455039934314aa1a797355	108e9186e8c5677ac6563f9196a3b12ec5633b4d1a6a242dc0d687b898a9e4f76ffdd6d19924a432	2920558963	1790172044
361	notbefore.net/log	MuddQoMgemltpA38ssuUT1t0whLzrXUBXq/BzElTX9E=	fded05e8a477b862e2ce18126517eb0243ebac0afa1c85b29a7c6b93b1e72ed1	108e9186e8c5677a3f574d95d4e20ebd7ff059bc7425a064c5b5e268ea613364e5021dda104e5175	2921455754	1790175636
362	notbefore.net/log	hljuQ9h9rZ4Qx4i9hFKkvHYQdepkOAjK2ohS0TodesQ=	d1a74f93272091ceab53796e88241a5cb0b31a934ce835d9a716e19d0c3d83c9	108e9186e8c5677a169c84f7af73814f6eb28ebc425385e6c6061212b2de016dcc0f9a3e705841f8	2922291588	1790179233
363	notbefore.net/log	qveSIq4y0u+tk4peUO0ocbT4QNDl7cWDEj+HAoTn1hU=	3f03e413ac7e1179f19888737fd4282d424bd6d7aa5e0e00341811366ab68b70	108e9186e8c5677acbf6b796b820fbe7f530ea761bcb38e0bd4db72f21ef9b5957891b988593b38c	2923137494	1790182844
364	notbefore.net/log	df+9beyLd1LCRScmCL+k4moZJZXxHxfTTqCrcOew6m0=	ef809ee55d7252f693d0d9b8172abcba70662680ed116cfc01013c8fa19b92cb	108e9186e8c5677a7868021070080f8833a14479531f94ee453b72230a554e8a2ada96578fcba909	2923959753	1790186438
365	notbefore.net/log	xyEfjTsT8/DQ1TCQJRHwF4Krmpj/IehWBMOh760OdPI=	8f3cff37376710a8df3b91327040f0892f3459773055a6f5a7aff629e1e4d07c	108e9186e8c5677afe71062a0992643f904813d2e888548900e61b3b8b2ce440aa654d9d9c1e1faf	2924550746	1790190031
366	notbefore.net/log	YLc7LUParKdCeK/rrOejqHk5JyEO6KR6FqInKqtRkHM=	8f891543f68ec58383064ec50613a9cc49ee705bc79c7dab52236e6781d74de6	108e9186e8c5677adedd290102e21fdd58b4b7d687d99edb6db2e204a891033e50ee3ff34d4b19c1	2925249242	1790193636
367	notbefore.net/log	MUExWBZmolhCo7YZyN04BP8J1d0FDsRWNhnIMj6HmPY=	e1ede0356b41f989f5c93e726dd0bfe3c9b9e239476e426591294593799cdd34	108e9186e8c5677ad03003c7b0dfdac95c20e3ff16b6772915fa92e289f424b5a4061ae91e712b8f	2925832796	1790197231
368	notbefore.net/log	zSzJ05EEdyk/9BKKotqrROW0ZEKoSRzWtPIQ5/7c6eI=	8be5416e80f47099d2bc188e79f9a249a40edd56db635075b3694e8fdbf78310	108e9186e8c5677a61847ee5e0ef91d206c4f1ed413340b16be7b1754838c39217113399fc27524d	2926445891	1790200836
369	notbefore.net/log	YGvp6SvEuW7c+KMPV1oFXzNsiNRSkC9b+FZA15ahOZI=	9b2928c58e6985ab3697833ff0e31f02fbe3282053c8f61b191614763fda630d	108e9186e8c5677ab6fd6aeb23193b4c1987e8bdac1d64a01e5fb0570297e84f1e2e883b1ff5ce9f	2927394404	1790204432
370	notbefore.net/log	n3lOEC3Y3lqEmw1drdCFFyn0um+s4mcTTYUH0MA/014=	ed195b96ddbf6b499c3ff4e2e9ba9201830306246e861bc37ea52a18d7d6284f	108e9186e8c5677a2647e19a017a0f37f08432069eb107258ec64c9f06ae9588080840f6fdb7e2f2	2927973723	1790208061
371	notbefore.net/log	XnV2grW498ifi9RVHHSNOpjflsrLASTl5XlXvAwmMbc=	3b7f6469917f1a4349d718b4b1678d372ed615096aaab3b7228a88aa5be96fdf	108e9186e8c5677a0ca20798d594b3807fd83fc2b73d19707791addbf3569a480bdfb9f5e9659f1b	2927996224	1790208162
372	notbefore.net/log	LnVwK3l/mkRfOVx19PkLgsqbumZwGh8Z20prqf8Z4Ng=	1b75710f6b200857d88d521f037fec1cf04eba6c48f899a206df9c0650bbd8ad	108e9186e8c5677a95fdc8359428484a270d460be59a519a793052d8d0d01381d8b2bcd400f079b7	2928682051	1790211631
373	notbefore.net/log	wu58x5j+BkpnKj7VsU0WD2rzHYSyHHMmP7e3OlSciug=	bda3bf24831cb2a958ea4d8b9ea15a1fb016adb4ae2b0eee6be87804a76d224d	108e9186e8c5677ab5196e8c1e2a95982bbc0e92c8c95c0a130e3d700a6c7c9fae9faa100bef798a	2929511777	1790215239
374	notbefore.net/log	G79MMtqyLjOlCCQJQzL7W9JPqEnzx6R5A/XETGrp4PM=	1292e5b220e1e4cf2879c466203172b1c595c407b6e3d202a12aa834144fddce	108e9186e8c5677aa1f017f279098f206ba90b6827c73d86adfe577889b4f32c723aaa755e005e93	2930481955	1790218834
375	notbefore.net/log	zzal/gQ2wW4E6dC8WswapRv2pXxWic/341mYOU3zdpU=	ec2deda71e0e4cb460a108a7296840119d3c0b6259146ec0b7a8dcd96f2326cc	108e9186e8c5677a682d678199ca55ccbcc1948948744e07c72bd602b16dee7e0d9a6ccb0e5b86ad	2931376692	1790222437
376	notbefore.net/log	QRcSqBfuPqmKV/sASjenNII0+sXIYyopnvI89Wm9aaI=	671a0d7361dc1f112b53da44ff53ab8ca77dd73e959522d702ff3a9709020581	108e9186e8c5677a8d0d95c977c7c97fca7bf6c70a4b16c685bfc7f175e320cda408a091a8fbf655	2932121119	1790226033
377	notbefore.net/log	e+r4o4v7zDufLSNVGY+/S+9m/8gDwjS+C/+rw97dDzI=	c44c57658afdec5c5e076b4d765bc1127f0e1158491a5e8d40b9727fca9403d8	108e9186e8c5677abf5d4bdc4b87e2a804b9a0f8b1777839a5c6a6ba829e2001b6331efdedf70111	2932823551	1790229633
378	notbefore.net/log	yBNPOrSHNt5PDWWYd+IVz8DINC36PwTKaT94v5Wo7dQ=	b2966330677ae41009f7cfe5fd3d8973a9515f42166f466d603fe60f5b6eb32f	108e9186e8c5677a0f79485224914ef0c0356dbede7f99bf4a7b5a2f88032202b8c4a8da90002aa8	2933788794	1790233233
379	notbefore.net/log	lclmq28Y2b0hw9iisg2nq6yKFzZOu1fJUnxxoFiASdg=	6e789a117b75e46b5dab5a333af775557902f142192d74af6a9af3720d690a79	108e9186e8c5677ac4eb1d87036ac757cfada586fac06a916c1bc68b836a9657c34eb87b6c734432	2934480563	1790236836
380	notbefore.net/log	kKxW91Z/tf0PYou2S1m1xp1pDyZE3XM61ofOG85Av6A=	65e723a8a4acbc59917c66d53a4489412e4ac158f73374f138f161c6e2ccaec0	108e9186e8c5677a702a3e4f9de1c99d7ce54315ef654fc45953240b024eb1d002cc5408ccfb5710	2935251890	1790240447
381	notbefore.net/log	AfWwMP9zWoRrC4sa6skdMqixJPZqe+SJIdQVGvMptq0=	e1446fe432c8dcb2f7ea51673bb60619676b38f4166e236f05a28557ab3566a1	108e9186e8c5677a666d10c7c48f9be5417d155aac0a6906192133cb440f8ddc31a25e01207e550f	2936070428	1790244030
382	notbefore.net/log	uR4AJulABzTh57lCPxOaBwNKphEnaRIQhKQJEXC6RaM=	70049b7e486de7a219391741b91c270fe6c0482c784e1259901e531cb1bd065a	108e9186e8c5677afa6e807342d94a61c7052b4d09a1b2f28e55dc397860ee34f64d0abaf02e85d0	2936943994	1790247638
383	notbefore.net/log	ezAa+H+AWZhxL2RFw9+IJuYkajeUL9Ma3iPhT73mJU4=	c15086129f3e95ccd4e6a545f99e393bf7a9dc95ca56c4125427db9c60d6b9bc	108e9186e8c5677a40436d371663d451342b7b77450131d6f18aad7a41dec5c8b4ec9e9bcc70ab1b	2937907308	1790251235
384	notbefore.net/log	C3480AOkU2gVraIJZT2QJSWxyj6R3yxGTdz2bswJT40=	4e7ad663035fae8bfb70ab3f498a2b882a58fa7cc34334dce369c5ab44d65f0e	108e9186e8c5677af851be6f486d1b5f1145e9ae3df95929892d31331a3ccda115e9b3aeca881eaa	2938660142	1790254836
385	notbefore.net/log	XrMTycdaJx+9y5WTGVVtzbbeQaL9nbWU0qg38l9BOO0=	36dec15917f4c9955c8e8cc75f79d45121f8c40b9f45bfe87fc745b5c5524d69	108e9186e8c5677a807f0df6fe47186d522ad852ff3b6112c28a42d1cc9a13442f52ac8360f0cc06	2939386630	1790258443
386	notbefore.net/log	DFnVN63uB9KYlvpqqJyYV3NgCtTKVlaE58OSXNVfBCA=	f4bf30d480276872705a59e88bf7180bbc831883391ea3add0516b5401db053e	108e9186e8c5677af12c6d4cd47c774c587be51ee790733b38fb82c62895af305d40ffbf87dcc1f5	2940259588	1790262044
387	notbefore.net/log	M1Kzlpgr4SFgeCxGxMSeJ7iJ+/FotMXUX4g5mGlAacc=	646b509a5d34727a17f4ec040fee994a466c1a977bf498a9f50cefc95d8de085	108e9186e8c5677a42593f980831d8fa664b1c5a12b78acb4b27896cf1fbdac953c921f0e7617386	2941193203	1790265634
388	notbefore.net/log	YH1WBYqvgXVzdhnS+KxKdiF7qguHHP0/koiWvX/IhIA=	408dff14c6afdab050ca88ce69f9b6244a883262b3f0f96c354a3f31c68dbe59	108e9186e8c5677a6cdc61047b9a738d07376b2fb5ef21fdd08dcae5dd58ab4b2c2c30eebe19c1bf	2949486915	1790309456
389	notbefore.net/log	qbioZb1Fn6MNERci4J4jNVotit3v8pr5/tymxZj8Tb4=	d90deb730e78e335321b52e8364b93806d0443edc55c926f7b478517043b93e3	108e9186e8c5677a118a1817d9f3d5b5d353988e36ed96d1c932364ca268e5a6e1b328553e56b2c3	2950386929	1790312848
390	notbefore.net/log	/ICUzrutM+AkOH2P4VqF5bsn6FvfAvh62xbhw8J1s68=	c5c1d201ae0c3fc9fcd689277b545442e5138d426a74e0423af6f4517ceb1cff	108e9186e8c5677ac11416647dd106d8355b52b0883b955d5f837d12646c7ed2669914d3947b3812	2951037026	1790316234
391	notbefore.net/log	cVvw7dlbnl1xBJtYs0A407gCuT/Iy0HhP46wzoR7XzM=	32d6640f8af0f62275d1ad952253696e6e323cf61743efde87f762f42e85f358	108e9186e8c5677af0617127d7c1b88af2c8bbce8238a7db5bd081fab474e4424603b8e0797f96ce	2951743778	1790319619
392	notbefore.net/log	4z48s2q5raQGKX90xrQ4RuP/6nUh6agbEKLHMej9KHk=	8d491b7488a8e8f13c29a327a8aaa87cf25bc333f3fd7920c07ead38ee5b0764	108e9186e8c5677af119bf43ba2fe6af10d2d886dce3274b3b2dfba5e7e6f3675344a24b229650c9	2952381068	1790323010
393	notbefore.net/log	ag/+RrkXv1XvmizBTIpkfXcMtpOxZsQuFlOZZOfWQh0=	6114decc901be440335ca1f4b8bd493ac5b810ddda865474daed0bc22e5e8e89	108e9186e8c5677a65cf214022cad254f5dbdb657cc4b42d979adda1ebdd5a5ec34ed14431156e9e	2952972161	1790326397
394	notbefore.net/log	RyX62iobuMVlvyJe5K/c5SNbj057AVGPKu8/2TaaQi4=	a87b2dfe419d2dcbdfea9902776fd6c1ff25ccc063daecf6923747a6bfe29a6f	108e9186e8c5677a25f31073d51d0c3828ae31960b58ecd13a3f529fa6f2cf3b414b431378e0e769	2954037778	1790330454
395	notbefore.net/log	hBdACNBOOOJobmLWDbStWYKFn9E44r1EVpMsYn3DwE0=	2ef06f143d53b1dd05ca958d233029f7c144e0801410d66a07fb45c8dd3516fb	108e9186e8c5677a0b7aa4270c6bdf26d8119484b37afe8005dfe4c85d4e06edfa03fd9fd6cfeb0a	2954742795	1790334054
396	notbefore.net/log	tC9cfMJDbd7R7YqC/7JjkIPWhw3b/XXy6U/k49HnUFo=	0cd8e4b8aa4ca87ed7211469381a8f16df3370e9370dda0b2cef5ae2e33dea29	108e9186e8c5677a8c8a1c3c27a4deb74e9e674149189a3b39364585390bae835b4ff8a160829777	2955467544	1790337660
397	notbefore.net/log	zT9HQFFur6v8flwZ5SVWvnlW7u8M4pzd0htWnzApruc=	106bda20e7a1db884f68a31181caf256d0e692f7234f559cd5abe848497ac0a7	108e9186e8c5677ac68d5dca6d98e6b9a7fcf8c311e3dd900702e49844b019f6e913c0fff0118934	2956262244	1790341252
398	notbefore.net/log	jEALafpoHsIbN0zojo8P6W3dwiHrZ8Gc7ngqwz7SHik=	94db9cac9245d3364b20c05b57a5eb9cacdfb16545af34bad7f991fa81676c7e	108e9186e8c5677a77487ea634f655360651fcc7faa294eb4ace3a7adc0b96636ca2dbf6608644a0	2957066761	1790344862
399	notbefore.net/log	ru7fklosiASSSFc9EdzkZVDZKMFoopijSxdeFt8cn0Y=	c8341b78ab0feaf65973b4ffce53630ea4bc7d2e0533aee34bb39ed3081aceec	108e9186e8c5677a9b514d23c2792429898d069f0e9b1563fd4124a305980310b944076c8fb91219	2957691238	1790348452
400	notbefore.net/log	vPEgxou2Gzh4oMoUrXiC/bCYI4FCeQpn3i7ITXIiFjg=	32aa40efa7c19572a8de4fc5c89836c9071e99c992c4a1cddccfffd2f7f6c345	108e9186e8c5677a8bd563e830603e6d7cdb51399173c873acafa64038200a57e096b0673e1d2475	2958336531	1790352054
401	notbefore.net/log	hDitkcjXu1BSk9vWkbIn5q8Q6Huy8afCxlmBSj00Zko=	704c26dc76daea328b595d45cd632db82efb031007e93d80cc68d6d2ee794846	108e9186e8c5677a715ba01e646d32d1ad65345f97f55fedb448352b52522282e5d1d8e3cced5767	2958859852	1790355661
402	notbefore.net/log	hsvCw6kn0fIHCAdyAxYOCN7Li5ac667DznKKUV0Y9M4=	25cc87ae7af9fd6a8d1d94ffdd033e1f99eacf7b1e437b02e7bf6402851a0c3f	108e9186e8c5677ac27252e8af2d17c73cb3340f019acb57710d88da87938096f546d7f1c47516ed	2959740630	1790359251
403	notbefore.net/log	hVJNH5iI7OALqa5voxS2k/rGBBGRpYMs59i8ZWRl2kY=	dadc19483389dd9043d84165b5bc5f241e4403c0acaff874d4ab0e949ae46c88	108e9186e8c5677a3fe379315733da44a6aadf073dfdb39da1d3eae1cae63efd6f0bb417fb21c361	2960457197	1790362851
404	notbefore.net/log	RzH1uQ4BQygEzYUdXfuN1Tdq0vcm1grvX8W/RvbaVdg=	091f2f9ae690401376e4047d54fe6ffe2d8d3532b47a9d059159669fba1591a3	108e9186e8c5677a8aeee72c2c1d78977c498be76f897859e070994bc99ac1e9bbf33e5888c543b1	2961228335	1790366451
405	notbefore.net/log	FptwWMr5+3t3eNxlaB8WLL6eiTzdng6thbvlYewGsSQ=	e72463f73f812dd4f3885829a66a5edfdc6e3037436d83e9f0af3222ffebfeee	108e9186e8c5677a49133fcb821c2523236f021e8d5bb8033c615b3562593a8f092695a891262d91	2961797791	1790370060
406	notbefore.net/log	A5YmuQbrAI9eW37wSFCNCSg/UCTQ5hGOx2J8EvVhSpM=	584ca90eebd375768da551486060c0e1e5fd66cf80f34e3dafdfc79a0b9b8613	108e9186e8c5677a603a294420feaf95a4cd4a4472aec4db852ed2e86a953f2a4658fecaf7c4a4d4	2962185623	1790373659
407	notbefore.net/log	jJ9HjeIVU3Bs+W/2Gvobmo8EUsGI18CQbkaDv50SWFk=	407ffcbc1a51ad6407ca8d0c245bd42c49c1c622d74635a15791875f91a4e6b4	108e9186e8c5677a5263042e0095b2a6919e5ba4a8a1c9c94e756410755c63ccbcd8495dec18493b	2962584434	1790377260
408	notbefore.net/log	mqrpgpdg7LK81bNWB3fOfJVePWkenLbKj9qOwwBeoXI=	6b52478eb0d8c68bdb6dc9ffa431941afd42ef7f81d6f598a6aef5622a047b4b	108e9186e8c5677a6696c30a54ca3883d0d6ec2fc6ff7f8986be0768e07624fdd3d496cb2e9a5b47	2963160235	1790380851
409	notbefore.net/log	nc6VAt1j+8iUwEtEEzu3M/ARTK+AY5D8UW71yfod2tU=	e489e29b96cc6e107ed917e253ad13c509f38273cfd264c0ccdf57516bb42ff7	108e9186e8c5677a414a5bd4b6ee8fb7a448bff3d79184ef8b03bc0625e3adf3dc2f1ee7b55cb970	2963782546	1790384452
410	notbefore.net/log	nBtqoI8E1EMT1y/cVJ9Oq3NkpHYFVjjQoKBH7xAbmqQ=	532bb1ad328bed5921feb93bde830d37bc87e91a651db94dd810e66bb97ba5e5	108e9186e8c5677a0704c11f54e82bf2da41abbc59f8165192b6f5a56d5110841342656281a2e622	2964158909	1790388049
411	notbefore.net/log	zhJGDlZ0tSgNrG0hS7jVKJc3BWSPs5o4uiuz35T/tgc=	2efce69510b517f7e7ef7c645e5ba3b88d0660022e31c56a84edb7ddba0a70bd	108e9186e8c5677a987d7e8027a12b4ed72904a76e81bafa1a6eef6e2878ff6dfb3d7e6392fe20aa	2964628398	1790391655
412	notbefore.net/log	jg5vYyXjR0eZHXx4ToRQ+yaKIX/9SYG3xdmBuVL3+fc=	7f9fa3170b92287016bc79315d8940a3bbd542d6a3386ed9af2dab82db9b13ce	108e9186e8c5677ad9770c1403e9b32697575236e772f0fc76e6aaebfbd2f07b389e2af49898a847	2964996423	1790395251
413	notbefore.net/log	lYBkGFXjTFqOEsf2keb23lSueQJDHlF+EKSZVNeb/z8=	b1ac1e5c30c1aa3c1a24c3783dbdf757a5ed302c376d98badc2a75819c2345c8	108e9186e8c5677adfd6d0c29eb84f21b51c8c92bf719a834b75c5fa223d0b6542f7173f9cc706fc	2965365807	1790398860
414	notbefore.net/log	5RuLKbMuDxi4mObuEWOpAAO3gAIiAvdNuhrsY74GTLA=	a18f059aa66c59204556aa0df7188a12ea865586dfe5b93491db912811d81137	108e9186e8c5677a2a778f37577583f33bf72e702e745841aab69d305357df30c5fb1f062a7b7d91	2965747206	1790402453
415	notbefore.net/log	2FcZLQ3qf3tx448CoTAylYRSc/ldll/bD+Z6IYTmShQ=	41d87e2507e09b2092e136908b0df48c3c4bf7d45bc0998e5fdf79d3be8764dd	108e9186e8c5677a9ea69e75b5415720c74d2428dbbf6fced7efed73c7a7be2e11e709e8781241a4	2966111099	1790406052
416	notbefore.net/log	orE2eFOEfFQBQBSWy7DZ+hKZjV2GSfmB7VA7Of3ilpQ=	38b3eb95d870cb6d081185c5f7a4a2748e8019f7bff4a4d99770395605e07e2b	108e9186e8c5677aa35cf4ec2b1fb289a66757afe4012bff4db55a15695f55b60190b4624fed53a4	2966351365	1790409652
417	notbefore.net/log	uFem8M1QYyTNvhDW+uXWc91xnswu//6Y1EqbiDlwlQU=	9af3a6b0016058400ae56b9ea335286d25db09cad8eb95512a8a09df512cb45e	108e9186e8c5677a6cb39abde749113ede009efdf752096c4f1f7784736dc89b426c84d6bf5019c4	2966836074	1790413254
418	notbefore.net/log	glIG+mvngeXrvWbd7l3od4gfAfczIzTX+q+s0Y48HZ8=	cf658b919f236054d6023bbe1bbf2d98a8121b4380c9c5b4555f1f15bf14b66e	108e9186e8c5677ae067d5868d5eaf7b7c7e67a4bf68ed1834ffca703c70ff9de22b31558e941486	2967134371	1790416851
419	notbefore.net/log	I4HsNW9j6aK17fb463vkX+xqsHdd7JXVas8oZhVsgp0=	e19148264ee0ee7241c9506914d7905ba63a92ef0285311ee089bced3057e546	108e9186e8c5677ab883e7fb6b929a4a2221004f211ff067c1fcef0e199ebf0ff976cfba4356e72a	2967464315	1790420451
420	notbefore.net/log	66kGGXNhdpdM5RGFk4p67vaAcUrncqhL6SNFITvcBv0=	5839b91559abe413b1e571375348a55c97521bd8680bfb8de93e5531f4417716	108e9186e8c5677a6d0ef7ac9b3d2c30a6cef48fa70c7bea206dd0192e2d44748576f1bc1b35b23f	2967672934	1790424052
421	notbefore.net/log	yTLYsVWsH/qXJklp3iXw2vkWLp9ZbMbAhhlb15Dx89I=	af86d5804e608c5a48a83cfe436e1ad8be3124ed27a48c8b44de510361c4a872	108e9186e8c5677ada406fe26dd8fcddbadb4072cd0c63a70580bf5128b6bc427e818dd234ade654	2968418445	1790427654
422	notbefore.net/log	jj/JhTg4Y0Ea+R2ISDcrPOTOaEN+M+2Qe4YqfgEEjpw=	d10d8fc71b291f553dae175ceb9f31afb12050de88d932ce1430daf8f9c7b8f2	108e9186e8c5677ac6634d5b2528e982efccbb17b24bf40acb37da1015eef5007b96751c6ec027f8	2968590928	1790431253
423	notbefore.net/log	PEHq+9j8jbwwYO35b0xv4KABLRl32RuG2rOTTMSr0po=	24d8a8ef10104776c1d9836f3b6baa4857818edc2fadf4b9391abb20a4c09626	108e9186e8c5677a1fa5f1ca204c5f3072b18a3d04d7bbf578801a4368bb5b194f5ee3035f1850fb	2968730003	1790434854
424	notbefore.net/log	zrbCfQnsd/iiIBTjIqCg/j4vA+PUPkQbi98cj3ioSi4=	624e6a7fee54ae4676d83b23a5a0f16a0367d2bb6ece74d5925183fe12679e25	108e9186e8c5677a7d2a75ffb5830fb1d120a4058111990abb9ee4abafb178324ac82eabd135de81	2968972385	1790438451
425	notbefore.net/log	iBz8oRZXTCNsPPThocDij1U8l/TR7sainMJwcdgV+aI=	dc45c501618fa43a280cd0f53961785512fdf5f3130ddffb54b05e0607addbec	108e9186e8c5677a871fd8a500e1068ae2c556c26a48a117b8966612812c6b9d55b84f4061b88ef6	2969105954	1790442059
426	notbefore.net/log	alGdqcCGST7E2Dn/Z/uR9AyZD32KrR8kLK04cY252ws=	2f0f9527b3edc7fa54497741a9e707e0c61690fbc263c68685cc7467a4942539	108e9186e8c5677acaf5185caeef31eca6e1c45c492f1e060cc2ab47399ba6054cbe4ed16346867f	2969149792	1790445652
427	notbefore.net/log	0bqBi5cz2vMaZKIImQ4ZrIU9jCugsYyOsAgCEivTPw4=	a0e49f3a897e60c87e6f4d6e1b620fe115ca2c8d4f19a81b829b944dc2145408	108e9186e8c5677aef2ccb4ffcb2b20a2ea572e3a41d1d82ee38c2549b756595283d2478bcb08f16	2969278417	1790449257
428	notbefore.net/log	5FkSVnb4SCKoFHZwwezEdc18lXt71jKjis+4+7oWS7w=	2c5457da53a6e31ad04f9e15a1b292136920e218322ca106647a483d0f474879	108e9186e8c5677aede30abef2ec4571e52dc8062c949ca62cd94db62d2b2b0a8e706093f0d3d9b8	2969378023	1790452850
429	notbefore.net/log	87elTPLgdbd9chkg12LZozZKd2WmiuFTqgQ0RbqwzXw=	bab8ee935ec1cca732b4310b6843844e4cd7ad2f55f61a94d9d1a14713e50641	108e9186e8c5677a25cf5249fe7074a4b041b30655d4d8e9d5acfdd9cd1de5c5b07a4bd230f5161b	2969419753	1790456449
430	notbefore.net/log	ryugtwdyZudy2/Esj63siV2QvUbLLkbNGL3VQMiAavU=	34dac95f1c61c76b6e5b676fd0e8136c29b08a1b0b535cc52b0e04626c1c879e	108e9186e8c5677a8000806b2d41c814d4faffbe76e4a4c82b3d17db0cb8456306093311031e47e1	2969463789	1790460052
431	notbefore.net/log	5oUIalK64iz8zXvDvLfx9foBk9NLzmIscnYoaD8PZ6I=	a4fccf3234e2f7a11dd7a8e2a579ba92903b93759c6a50b6fc6cdb86e1e782b2	108e9186e8c5677ae95629a647bcff00dc5e2c056aa79d19dd3547fcf7b736b8c70a7b24945da305	2969526387	1790463659
432	notbefore.net/log	QgqnNDDo2+yhIorsjyuJDeDelaohYZ7zBKcDy12AxG8=	f13a9c1487764dd2ea14f73ff6c6cf3921572bf5fc70fbf2587a784f59ea5362	108e9186e8c5677a8a15cbb0a41db93037e190c4b580f87778fc06a086e031112f1da86c33fda15f	2969568783	1790467249
433	notbefore.net/log	lNxBMZg08TDxgKLCVUAmpIW6fYrLBzv5LW+jb6Zm5hE=	5535367d38f635e9fa09cdca8e8252f8ba73e805ee74ffa0085f2ac824583165	108e9186e8c5677ac44bff614fa1d876182fbbfa4d1ef45938b3f10fd2b4964e516ae88949791929	2969617137	1790470850
434	notbefore.net/log	dAUXzOHtSdgKDaCk745eCBH4fFCIO7oFubrGZnr29mM=	19e4bc7b792def02b1d9519ddc4866bb510859759956ec74e7ae97d983656883	108e9186e8c5677a41ecb6bb0073131c727743088976db09c57c6b758a18ce632eb5f545fccc4701	2969645799	1790474454
435	notbefore.net/log	xendEls0Wr8lYQ7TRO3A2SnMXbBbX1gnWxM8Xa7T5pQ=	d3759fa30132ed9e2ebf8aebdeb7854edb63b86d9babe9189af6359d101c3235	108e9186e8c5677a5d52ff3dcd45ef0585bcd931d7cbfe0b0859e175e4a1477be1f208ce202918c6	2969673279	1790478053
436	notbefore.net/log	HLVlHOSicwx58KvtDIlfe52lxaiWVbZtVVPUZVHMcBM=	60cc3653cfc9dde93a75a84551186622db79b3d5c4851fb9c34bd83f9617efc2	108e9186e8c5677a41e5cb9c9dc42f28488bbb9881c24663d3c3e73a2a8153c7d5c190bcb1f2d76a	2969732676	1790481653
437	notbefore.net/log	zDc6aHJYc1g5eq89o3Pk4JuRzkzOrfxxKbt0jafClac=	8de2955892890ad3ac6336db8acb6d8cc7a7e51475fa2ad47a2df6c8a2521ebe	108e9186e8c5677a077970ae68526286330567dc3590bee1065a8a4f7c3cb884322172f9e4baf8ad	2970004966	1790485256
438	notbefore.net/log	rd9bmfyslTx5+Xczh/sf66nlhl57vmNpzSUu54uOtvg=	5aa806d653873ebb0ece8c09f74a8f3dfd58e692ba1b95e654fe27178abc20c4	108e9186e8c5677aea536c94ab3b8449080c4870f72d3a2ee7f8a3d0c168161279458285988f0a7b	2970464495	1790488850
439	notbefore.net/log	xoT6GBcvKIn8j2bMBE7u2eSrTTnmPZKujKIrJUSEObA=	8a873a49a24cd5987f314d53d89205364e641b20f844cc510cfb8f0555914e04	108e9186e8c5677ae73e492ff2cd2850ba965a3e91203e7046c586e6375abf33b13d5455c65e37b8	2970942733	1790492450
440	notbefore.net/log	DCQqNyoFHGVqNXGvF9Ayf+qK/12xa9EYulR0nYXxGe8=	7ca067b184c4b1bb23820bff2c6a4db52cf2b44a96a5ad9068780ae51d7669fb	108e9186e8c5677a8178b3459ff5eb669841e60bd0243c77859cc807a9a9b77f9eccca71ef506464	2971482775	1790496056
441	notbefore.net/log	54ZYf81dH0i0keye2sQuUEZv/3VXLPQhEjDpwu6Ibvg=	4eea7bd82f6630d61427276b1a11eaa2433178c96a4039b837509a8209afe5b4	108e9186e8c5677a5543bcb40cb0c888582562596d8c55c3d060ab43a65451930020e9a2dfc22c64	2972345952	1790499651
442	notbefore.net/log	E8WS0i7BkPM7fTA42qh3ztNUdq/Q1u9m6YvR1MtzCc8=	f0135fb80c6ba10f0e8abf9f6a40f4f85cc7ef71378fc1fb09bf2bf257ac4cac	108e9186e8c5677aea58fa041ec88c79a3781efbd732d02005ea8edc214141634da0ad2d60ee445a	2973158061	1790503256
443	notbefore.net/log	/FICWeeutyUNKiwHSTEUqO0GenP+9PIhjdGP94bc9dw=	b88ebeec3201d93b17065586ad474c9791c5c68fd9935302a23993cffec8793a	108e9186e8c5677a0400292da76935659b3f382162852d97f7a6421e6897d766098b45d20fdbafa2	2973975769	1790506868
444	notbefore.net/log	U2XCSTmq4QXLFKSLX17mloMsHAauuPGCMI4E/HwivIM=	10e7fc3de540aefd4087c22d35493a4000078511e69cf415d769afc19d2a9684	108e9186e8c5677a0917b47bd695237d2ace367a7ec21a48d5a40fed17ff0a027daf71749fa0f194	2974643047	1790510452
445	notbefore.net/log	D+7mQfjUI5uA5tJWcCle1+hok+IkTTIV0UiEvl0fwHc=	46673c9ff0ac42c41a4e23af5282d3d393bf395dad1af95192d84009d5657805	108e9186e8c5677af058a51435715fbccacca82303f2bd00500783f80c75a78d2fa7040acb64aa44	2975047169	1790514052
446	notbefore.net/log	orJK1EZKjoqAnafGwwoZjzVJCKz9L/+jd7SeMXUMcB0=	87980760da30d77252c44a6c7cb1990e631ee94f54a1eaa13b0cec609903a604	108e9186e8c5677ad60901e321ac7de9f76be85f479bd57c6e2f8f9515b4ed5d3eeae75ff1cc109a	2975705130	1790517656
447	notbefore.net/log	egOt82RpFmKZYiLNFitcUOGGC8uJSU4gFVB1lfdfA70=	a2758a0feec1f6b087405db0bbfa7f7be09d2e6260d7976cc4c8491491698f56	108e9186e8c5677ae3a206cae56907b6439a4d2a1c3314db8e25dd2d78690b7388a85f94aaf10fbd	2976698312	1790521254
448	notbefore.net/log	CFwnWkMjPif9BoDEF3dsQ9R8EfM4+GFsQ2DmgWs1o0Y=	434247f2271c2c578352a337f56b5d0c6de151a45aecedd1c4e20b22df3ba486	108e9186e8c5677a91ff1929622e522c409a5e3cbf7e0b2319ff2a90333d2b80a5e65da370f16c60	2977312925	1790524851
449	notbefore.net/log	yXPqYIML3hXwDf3d9urLPaZJafxntmLg7D9SlFgaMJY=	35466bf5d6d3aec67793dae28441cefbf0725e74c9a634af028287f35d6ddc8b	108e9186e8c5677a2f3760fb6a802e4e1736bce84bfd2772108fde54046cd71865fe8327bf9edcfb	2977975963	1790528456
450	notbefore.net/log	+DayA+fi3twhDwIZIeYLM89eAMY2e7Z6YxQPlS4V2FQ=	885985f82b34c0abca4780d7a12e952bf72c7d2011f042c65bfbdb608e03aae7	108e9186e8c5677a839c487f4b07fc88b35672f44a7c2ba7b09840be50be830eb6875643ed82c191	2978385275	1790532056
451	notbefore.net/log	IpGkigldqorwZ2L30anbg6P5flj3kOGj8xe/N/sRlkw=	a7856fc2ee0b9e08c7fca9b28506eb20cecaa69bedd63ac1ef2387fb3e86865b	108e9186e8c5677ad86c6566007c475ab884a9c7994919c10e26f21763760eef31ba6a8abc447d7c	2978790830	1790535652
452	notbefore.net/log	uHbHd9KJT1k6wl6GnZdQZ/nRv6ZM512v1jdAoR5kBjM=	94119b5bebfe2b42f8cd401f02aa9d3820a540d5b6b2d1249e1dc11a100ea409	108e9186e8c5677a28a16641ab682c26bf6d5f3b16246b55a2c226991ce0c7d02012294767f44022	2979287087	1790539350
453	notbefore.net/log	neZV8ZHgGxiq0oEjEzQ5EyZfoD5ftjsBAnZwXkGb3Tw=	8182a47f8cfb6797714761593a321a1ebfa7c6123ba179db8ef3ba8477eceb38	108e9186e8c5677a84386fefba2463aa3b66f5d8e14c527d8ea868d3559ccf2f9df925c554800e67	2979747039	1790542962
454	notbefore.net/log	m0UCQAjMSi55VfSBaRXA/XKUQlB4C4jwdxJ7EiZ25Dc=	45cc06d85335651c14bfe63f5c50f5bb3d13da0694ce670fcd699f7fdb3ee821	108e9186e8c5677a1736fe027c5dc869481000a0fd9a71c976d8cfe33b7a359f0dd52d6367606611	2979748526	1790543020
455	notbefore.net/log	70VivDso+EsisbMjSaSUvmx2sUCUUOJNitPhKUyxMqc=	f8e8772b5b27c29b53c587004dcc18304fd2cc3c633a3e6859e0992adaeade9e	108e9186e8c5677ac2de6843eeb78e1fcc1706c5e5d06a4f1a9a904fb88800c1af61bcfa4e21d8c3	2980004843	1790546439
456	notbefore.net/log	ZE3BoPq6ocD9m6EaDl3VAifffKGdivZNFsPMn1Ss2vE=	e40532aaf5cdb7369c7ce5723526ad129ecbf3c663847bcb79df90921829078f	108e9186e8c5677a781518841f5f2e3626d981cb3f8104b20ed163827a8445834b500d057009dd73	2980010318	1790546504
457	notbefore.net/log	60Q6HUCpQcL4nSkF4LkEfjwAww/ak5WZwHdKrmDeJfg=	c5c69a78d6611ffef161f01dcf29e341eb629fc7467970bd7066f769b870f865	108e9186e8c5677a1b08df3cdcc7e57231aa0759e552d44ec87ae6374856f64bc13c93f83cdf43fe	2980421803	1790550043
458	notbefore.net/log	6JNj8QhJgoNAjQInoTWKHr8XtIJkFw8Gc5dyRyxTvfU=	3d889febb09a7b10edf52567b949fc9796a99915e86cb61d3e971a19fd15284f	108e9186e8c5677a67e989e8897749e23dae4c78714ab393c5bde56a0200cee75db3656087b36f6a	2980422677	1790550107
459	notbefore.net/log	pHZ76ONZnJAY9LyqNGTe5jqghvoiTfMNdfKiOXKToUs=	c7af49ce0150a0b1f709c3c5449afac9fc9c38f6046c04d71cb03e2952be5e9d	108e9186e8c5677a76c03bd93cb829bbfd6eeea751845152b22278624d1489e51748c3e604274853	2980793962	1790553648
460	notbefore.net/log	vLCRSK3dzUvlP0wjNcL9YIdeaaxsCApkmA8AioN9vlQ=	c523b5ad7ecd6b63ffb724dc3cb5f19f449989682f568423ceb616d1831a486b	108e9186e8c5677a99a87952020f3317dc5dc49407c709a4d8abea9859ea6a631a5ea01eb37c76d7	2980805382	1790553712
461	notbefore.net/log	KeOLJUzi2SrX4ONxZP7dbOSh7x5GIAb/xEA0H8duB7s=	d827625fb6c0994e57f989e5f4f011dfad19bf99514fafdd63c72acf2583a81b	108e9186e8c5677a1487432ac1136fdfc30a943a3ce6f1153e4a2074eaae87b41c443dfe06650e5d	2981029071	1790557239
462	notbefore.net/log	oE3KJiNdqdYpzvUezzr7CFudWrrtCUEtLJtLVoKqVUE=	d76cb72477aafb7f3605a164fa89d1b78d16fbb7b8b2afa790f4132b2032b051	108e9186e8c5677a1996a0df60ee30ee3708ff2b86bc48061179e219809a29148b599e61b937c8e6	2981029568	1790557302
463	notbefore.net/log	a7Loo2EXSj783+ISf1kwvjqGbwmHPGcgGiuObc0HqSg=	261b6eda11194377f492f0d7cadcf48dcb2825033de48727d4efa4b646c7bf02	108e9186e8c5677a9feb77ed789215d4509804e4f27d933e3096d2e074ce2ae25bbabd64cf75a77d	2981244828	1790560840
464	notbefore.net/log	UwyrkKCUpL8fDsaC9HjmblKxVGCdAW6K2a4cssG1XbY=	74e90d58e3b96414d28ef1d903a514adfac26c15bd2e8156ac9b1737d4083268	108e9186e8c5677ae430238c5db6822db6ab8911b45b2950b4ec2dad9cfaa0f0cf9bc39fe7e63c03	2981245356	1790560898
465	notbefore.net/log	V5a2tJXA9V/A521G2+EuCJj9LqWT31PGlbcydqG5Ows=	f10d1b9fe211f2bdc08bf29e268c07f8abe915333c64bc0e08c6e964ab2c05be	108e9186e8c5677a5c4d33e8145850b4ec5beaa53245d4c34f8a46eb13968c06cf2197a60c6649b6	2981290450	1790564445
466	notbefore.net/log	7jJ2MRoSpriwB9NsucPKQ+f/2U6ZqnGbUPQQYWB8T/I=	b9cf44368df4c611ee5e06213847d579820b0ca19a4b5f4c39cb3ae268d81998	108e9186e8c5677a56724c680e0091f9e98c907edc7816cc890be4c75793c903f7317f85ed7297a7	2981290904	1790564500
467	notbefore.net/log	xYSqwn0XwG7mE2da1/E/3mlXnVnbYzUQMjarUxHNtTY=	8053fc6553f791bf33702196cc5862decb1babb6d6dd082b4ca84cd82f39c3a5	108e9186e8c5677a97c7fad996be8b89f3b285d25ceadd639659dc9b66b4a2d37032853eef806082	2981335685	1790568042
468	notbefore.net/log	couI4LLsauTuNhyhaqWwH4Us9EJ0Ww+V5oE8XXMPMh0=	3616e71e523d9eb8a48320fe6c526a0b6b95d1481106b0f4357fa8f7bde86d3b	108e9186e8c5677a71633ca7c9fcc0cf50e57d0bf8fbd6c130721a7683a14622cb4f098a98a0b195	2981336261	1790568097
469	notbefore.net/log	KYxsmO0gz8kyFS69lPhCUccp/YPlCrTlPRFRZfPaiJA=	c2bec6c2909958b2c8baf31755acd5e35cdf0e9b1063c4899e99f0c68e50fc49	108e9186e8c5677a899c35a9f8fb76cc7454e903cf79f27597206e30dd5ad9d573649b817b8b03d4	2981377178	1790571639
470	notbefore.net/log	/MF62Z8VEGrsKl0A622j7EfsPycH43MzVYas1uqSqrg=	45dfb39db20934c5f4992196016730d19b112f656a670d07307ff87caaf006da	108e9186e8c5677a7cc5d6d3beec1f39f70da1d37db7cd4e42d7d288ec5e9610e7a50dc18da91b68	2981377895	1790571703
471	notbefore.net/log	In+xhjeXSzU59CwvyOGPNUzWjmMgy7RrJske5b8vLq0=	80bc8cf941c9a9b0051f6cb707349e05287a66942e2031d400df73855644b534	108e9186e8c5677a47a396eae43ed2e323ef4bdbcf90bf6efe0b9d9ba4e358dbdab094f5c5a3d87a	2981423978	1790575243
472	notbefore.net/log	Q5Frk2bNyoDJHDgNNm8SrPJJ3+e61SpXBYfJbpIGvSM=	415e6cec645ff0be15771eff5199f7baee4b5fcbbe1289b01ca5e34e1bc3956b	108e9186e8c5677a18cf324293b5fcf4be4a545978940947eaecb2240cfd462f36a0a5f89b9a5a7e	2981424905	1790575300
473	notbefore.net/log	M78vXUzKhZf7aNmR2RD4yZC2zmQFXpy7jv1XXz6+mvE=	d3d3116dd1a9c068a93a1f5ed25792c956fe92f8c13dfb7b329531b03737653a	108e9186e8c5677a4c8f7e034a0ac0617cf80c480e171061e3c449c2573f3f3699835baf533c4250	2981508783	1790578843
474	notbefore.net/log	mypyvIl8BOc4VRBLKx7ILa0VpEKJmJqFYKLzzx6/oXs=	e8a3c06d65319e881e59752a489ab85d4bd6ebcd71582ce0a11eaa8fbe2ed67b	108e9186e8c5677abd2deeec159d49522e847ea1a76eb425e8a362d7077b3d8b6b528e8a507c421a	2981510640	1790578902
475	notbefore.net/log	dGoCbsoOaYCftAfd0ghPow5u246GC9hanQir+3w8THU=	0c1b44e3679f0a662c528ab29f8e94ce3d79a1d8dd7a629aa8f80c05e45418f2	108e9186e8c5677ad98c7ffaf9e79ac813dc90752dffe7b8663414a63e6d3d2a4ff4c6e0eeb8d258	2981603524	1790582445
476	notbefore.net/log	Aye7+D1CpmO0hF5VQAldW3kXdzGlV/5rPYMHGQD0L70=	e88df3dc50010a0fadbc5245dc5193881b91e88b320645d69b51d2c7e26ed4c5	108e9186e8c5677ac06565debb336d7580242d33c88b30d4a7c8e5272da68f8f1eabe4786fc656c1	2981604931	1790582503
477	notbefore.net/log	FFIonNZ1zmQGcdu0iK/EOK9TeE8liYR+iThgpxHpp7Y=	11289b651eaeebb45f78e6182ad87cd90df8c480f9484778e6087fdd80a9bd1d	108e9186e8c5677ae637cfd035154e315e708443a59238283287b4ee651cb7f78ee905823b1dcd59	2981682636	1790586040
478	notbefore.net/log	PpLZvwJGbbACFMZVImz0H/rBRNW/306OZ5LkuczzkCY=	1b8f7bd74f877dc08fbc14f3c487d421bf223928333310b37bcfc7ff395ff670	108e9186e8c5677a9653db9488cc6fa0944af1910219e2b51faa784ac4d633bfcf82ef9f077bed39	2981684304	1790586111
479	notbefore.net/log	WyXWjc3TewzR3uwzs1R6UGeb2aV2WwPmSZFFgDEshng=	67ea6bc727669022259ae624e42b16f6400ea7dca889064f4419690bd0b32fcf	108e9186e8c5677af1ef0d941763e70294dcf86aa26563e439f999329971e6ee656cf819532d1d2c	2981774894	1790589640
480	notbefore.net/log	W4oXOcLfAFjX8hBwX5CFMa2O3ti1Aty0vfgvzMurm/c=	58b92ca310adafb7c70bd02a0839e1d4a952210e0b888840066a436ea64c0bf4	108e9186e8c5677a32328bbabef09ea237405ddc4c77f1b2ccfb429ab6ac407fb7c54649f06ecd84	2981775972	1790589707
481	notbefore.net/log	2qduTP+g2k4iTkgiZ7iudVHruxis0V+2ta5LHz6Tj/w=	d6b04222e8b9d5c02ea241330f00cf71232bca712181116b3080eefddbfe83a6	108e9186e8c5677abec33e967b500ee2b4bf780b0a5257dc637e98b9f53f977bb321c4824edbd8ef	2981869617	1790593242
482	notbefore.net/log	12nRBjhFI4n4iaiCgy7TPHSLgFknV3CvxHeygdNqAHo=	6c3248d49bd21198dfbe067be5ec86d43fd019909fa2d5f5496335bab6056237	108e9186e8c5677ad41d266d3dbd3be32cee838199b000b3bb49e39181cbda89fd2ed17e4fbb0ba7	2981875190	1790593306
483	notbefore.net/log	yZzSvGlN3xd4HAmYTePb5I4NasSHvk3Rzzl29MML95o=	750a268d092131a0849b4f1527a0a911cb5bef6bb854c15baf8190adddb51da9	108e9186e8c5677a6d0283119ef06057717bbff64f36fa983fcf6410f69ac6551c7d98ab2abdf515	2982171232	1790596844
484	notbefore.net/log	8dNC9S1apIaRZhFYRwunxBwuZiJLPDC4sSn/vJ+1mxw=	24e976a1c8f5ac2a208d0403092d4a9bf219e9c829db974e5271650bf67e9da6	108e9186e8c5677a580e04674b4b156c0d932fe7b6eecd4bfef7376a9ac763485a008ec6bc48cb33	2982182230	1790596909
485	notbefore.net/log	rdNlieNiv08KAqkZfedVzIvAvb1NJedCR6vvPl2SxYw=	39ae59429e4df9678941242469032c0cdb115f3e3c05b83d89ed2606b09bebc4	108e9186e8c5677ab73556006d217bacdeef7ccea21c6279e22ae557cef4dec9ef615d7e874a8a01	2982457333	1790600539
486	notbefore.net/log	StYWwc90Aym8KVaM+kRZ8JBUMnJEBQoQkG1/1KM41qo=	e376a0f82683d72989058028759c7647f79c4734f933042e5a54772d390218fd	108e9186e8c5677a74be6e6d8261474c993d0fb8bdf3f6b48c2fec5b5aa736423bc672ed8a7f0b21	2982842669	1790604049
487	notbefore.net/log	pA9hiPQrYdRcoAO6Cmk2NEPzE6VXvlHlmyRZa7gcI5U=	6eb7930d850ef1c32bb9c3038b6a838271819b6d0d9813b9b4820a67f3ec52a9	108e9186e8c5677a15df4bb4917543b777af2046cae12330ed9002c9459d448fa287db357b2c102c	2982849817	1790604104
488	notbefore.net/log	Vdr0635xR4SfLRn45Jr/XsPYZM3J2ve9CHL05qzzF6s=	b4359d58b34071842d2814d6c8defbe92c4a472497a24c59c08056f4d017eb72	108e9186e8c5677ace2d79c1223c9cccbf1e6ccb62c5fbcf23ed2aeebf69a8890f3ca225f7578bd3	2983647126	1790607651
489	notbefore.net/log	1qXcPddOjmgaJUCpILQSean1mvPqILWzZMqzbaiBdQY=	893ad100fd061ca3c818b85f46ea6ccaa79571784bd069163076f54b08df7727	108e9186e8c5677a393757bc99e16900d6e7c50611926ef01fe430957539dfe3c6dc8594867324a9	2983660546	1790607714
490	notbefore.net/log	xNOcU5Caek3muUucQKBlEhKjA2qLz0lywTXX1RAoTvg=	b6889be575c29d3a67f66eddde3735220de31a7fa49240bf0d5359ab4cebeec7	108e9186e8c5677a80b744a9922f9d5d7be42a55c02350099a39fe1f379fb4f832cc2cd73c193b45	2984253571	1790611243
491	notbefore.net/log	hK6PAZRlfKJw9ibCnvfW+WUxtovCl7a1vjDX6AHs/Xs=	04549794ebd9f52c3da03af5a3378cee82ace4cfe664e18c6e30475126a23d95	108e9186e8c5677a9aea53a214134eb2006a01c9ee6b9c8e692c97fb0338c683cd9c0bbeeb65e989	2984266624	1790611303
492	notbefore.net/log	TS9Dd2v9j8JwYqJ1csJ2LPVI0gZO26WTIHGFU/Ovhl8=	d1a131c04d6df6758cbddada255ff5cd40e6b4488c0e66c2682d2c87e147b7c2	108e9186e8c5677abe8fcd23d67770f69f7b30a54ecf9aad9325423c13493c2c9f544dfa8c075e8f	2984881496	1790614843
493	notbefore.net/log	KXJCG8Gkdxac4VbXQZPmHqSJHR1d5fXBEpwSxS//mKA=	127b7643141d469d847813f881ea293810e8182b28c19dd9071cce9a72d79544	108e9186e8c5677ad976f40664b003550947bd1fe1b990fc7c91acfe1c88b492245c16254b2d43b7	2984893280	1790614909
494	notbefore.net/log	jIdhGW6FLiqOY86en5ms7LRwNDxkbL0oLcqFDsXAMCM=	f0557fdd2e489549632f0034ac20fedca1981f1eb93f1d4a95bfaa902f68518e	108e9186e8c5677aa3b9dcf61589f612dc1f2b591b0f42005251283181a5820245d91470786b8e0d	2985551328	1790618444
495	notbefore.net/log	9MnPqLOX2EYNH71ID35WxJuGiICJMI2GDnEPhT6B6qo=	274b5077abd18be5de007cc5e81c5b1afa1fe7668ad5bec80621b287b5077ee8	108e9186e8c5677a21c5f349adcf12b962af24d61cc7e8abfafa6c86e759d596da7e71a1a5ca0ba8	2985567182	1790618514
496	notbefore.net/log	+HBDaRePLMV5aqNSmE5sJSPh29P3CvPrJzqiQt4Ljc0=	8f532adee3252950c0252d11dfcd7138c4fbc69fe2137dc21567668c65788c11	108e9186e8c5677af50e1b11e06c4edbd30b5cdf6f1acf83bff6ba98970ae71cd7afe59d6bdf1c87	2986334042	1790622042
497	notbefore.net/log	3MC1KLZsPVieeF+A111y7Mr0GdWQw7McRQMWcMlKS98=	08a0a283dc1283efac3d1f810bd761d10ccde2ce802ec7e5b102cd396fb09e8e	108e9186e8c5677a035a5190c4abc71d477b1c94adc286ddbbcfbaf5785c20476a1536d5a23d2979	2986349856	1790622108
498	notbefore.net/log	DWpJyv8pXVSRk0E2/1UfnFiNPixck1FNgIfPwuBI1eg=	e66ae2dabca1aec4114fb77c40112cb6f3284becc399c3fd174d7c5458820879	108e9186e8c5677ad3b3e0a6e019953bab80f55db7b1463dedc398c74be00b10e693a51e520018e9	2987119992	1790625639
499	notbefore.net/log	dLUqHPcRj32dX1SoAWFZGSiReG3PPWNpLiP8VJByiUk=	3322055274ac76a02f7956294b7adcb99cec714dc0131b3c9533cded7f830447	108e9186e8c5677a559fb52fa9e6e7f6da375793ef8fb2e44ef69d90c8c348c2ca6fe563bc1c9315	2987125131	1790625704
500	notbefore.net/log	oTBai/GzhZeDr7gYlom2zYPz+9JP8X1Q2EoCQOxTEc8=	5454095eb226cc924c29ff01a222900ec9395bba4a22c5729a772effdce214fe	108e9186e8c5677a23b400595cb7f85d026fed04607bb5f18d24b16b570e81cbdca695e43e55edd5	2987932835	1790629241
501	notbefore.net/log	Yq4OEiWqAXkBWxVnnELSMeolS8ZIvRAiSzx5aglF8Fs=	f26cdea7f6efa73b4edceb67f1d2a827bd2fb8f66c591521fd1221fd8b37d968	108e9186e8c5677a4db35de7a9fe9ed83cdd8aaf89743e9390a9f17033588d8353e651c026eb70d5	2987955056	1790629320
502	notbefore.net/log	9P7BHKoUtlEHi6qAqQt0hgT1p1fHsi/6UrOkiY9yaow=	5f1abbe91be5423adb74f54432f069aa06f28b9cb2cdb3d667baeec148da3c9a	108e9186e8c5677afe25011b2aa245e0859017778d7a019f8f45f72627e10062389c4cf8ed619aeb	2988682571	1790632849
503	notbefore.net/log	n0ZFQCpDJISvkfiUFXu6HCuyz18PPVNj2YgSI9KNeLM=	833a67f4253cec2cf3bf034da5ab861a5467146166d1cc8137b97a0dfa54dfe5	108e9186e8c5677a0c9e3b659b042c40886a6ef7b75ad0dc9b667f73d95bca06b5bc90c0ed0b39b0	2988699375	1790632912
504	notbefore.net/log	BJAGZgC1mGjd8/8uEQqt0aToUKh5H1krHHVYm7Pno88=	6ba7ce8506bf78406a04814aaa9b416b005be77491a17646461d022ec04b22f5	108e9186e8c5677a41cb98d2992b9be0a0a804b1a68c379aa0466b68fd3308721a37d790299a893a	2989424997	1790636439
505	notbefore.net/log	0JcFQLEaYjgT2ft3kGu36aG+s3jPkJydcO26wBJrLZU=	2a6ffeca24094e994141d9bab0033c379215112bbf46f300ca98305ed6c8777a	108e9186e8c5677a125e49341ea65c0bc700ac7a495255785a7add3a33bec4e61e047b3c5c677e58	2989442023	1790636504
506	notbefore.net/log	D2L/fqsX2DFL1wyB6xG4Vpge+JKhZ+PMm7xPbHG76eI=	cc161adfee2a3d4f5ed4d6932c6b5085145bb88e4d0f6e96cbf46b1d31f44671	108e9186e8c5677a46c83cd324fe5ec9278844943e16fa2a8544f393120ed842d256860c0e4bebe1	2990303704	1790640043
507	notbefore.net/log	wZIyLcyu9Yv3kNCyQpJHpHyjuRdjqD5EiIN0/2ycbuw=	fd02c0a67c82c73b8ca8191e80d6094209c88d74728f19bcee2b3eeb5821d014	108e9186e8c5677a0c9aa6065ab4e06b4a393b8fd5d9bc3a74f2d6e3412a120c11bfc30253e9460d	2990321092	1790640107
508	notbefore.net/log	7+QDlzHUqMqawfPffPN0/iPlnWIgYsb7j86bWw86lIY=	3ce18b208e41b41df36e627f5d5b28d53446987a07817b5099003d823dca88b0	108e9186e8c5677a1887d543cb5dc95cb829fd6e8f28606f02820ef239003ecbbe8143c8cebc96f4	2991102452	1790643640
509	notbefore.net/log	XA7q+5gohf70OZ612as0gb6fpMhsbUNImuiynvfyV5M=	057ba6055f58d693111215b0e55f448e6df6f1aa01801f7144c5d412b7cc62fa	108e9186e8c5677a678835f6d7f0cca851e548bfbbf7ecfe0210b26687397209327b83a5cd426583	2991112488	1790643699
510	notbefore.net/log	b/0CMpo8MfGyasGhYkJSeA+lx//A1cf8WqqnrXeEvUU=	3da99786957b04c9ce4e627db5a02a33acb48713a05a8d168230738f7161e791	108e9186e8c5677a03e9ae86a572b4f47db6b6bdd169fb9feb2079c7e520f7bac604a2225021350f	2991821157	1790647240
511	notbefore.net/log	3w4pOzxbppoiaTesERrO9U0Jqmh7jT/icjPSPqOKbyA=	a7aad56f3542592087fa76d92e21d388f9bda0c0bbceeae4eaaa29b9bc6241ed	108e9186e8c5677a2ce1bd0c93e3c4d66db5722184895ef7e9f37a6380b92d85b5719a8e26ca1b6e	2991827536	1790647303
512	notbefore.net/log	Hj5va1DrzsnmjEWBoTDmpoXBoMa6EwHhY09JuR5WpUk=	f20c17ba7039f453e5a81c4389c5b3108c2e43385f551e2f881c90e3a7279bad	108e9186e8c5677adbcf92ec91ed4d5d6b21d85f5de71e2f9f91522355e630833e9576f92c1bfa8d	2992304061	1790650842
513	notbefore.net/log	VsjeGtjVHUJjUI7RE2unPrVyBiWV9IE4X2qCoxFr8vA=	20b4a744b699b4f7532d87eced64033fa27765e795604065a0a70f41d051a789	108e9186e8c5677ae2a2816fe726c0f1cfc36651b055cf35b0daf13fe799e252f484e58f9c782414	2992322535	1790650904
514	notbefore.net/log	iq/6N/HHhTnieCZv4u5lFkIAvrceK70lBZLhwQOGMow=	82df224794b534b25913e577faf364a77ff1bacffa3b70f9635491a4bf870b71	108e9186e8c5677a463b9626f3e499dfc0dfb47a3275337817702ff8798a9facff0237435c686086	2993129294	1790654439
515	notbefore.net/log	8LQn3rXF3vijXfd8JROvrd/fEdtdzLU0FDtrx8JoJEQ=	20dcc46dd3c08a274e47797ced767b6527042205f08bfab0a91f46167f1c0a3a	108e9186e8c5677a2acd7ae49101ed86fa73813b58c332d4914dd783bb3931de3423b7a260a3b268	2993151475	1790654512
516	notbefore.net/log	Ceo61I6oqCb3k7Kfa89ndc997aCoGgPPORkbpWYHcmA=	9adf47dbfe984e6cb95d543b62873e9e1d6fd97a81396be2213be2f74e825347	108e9186e8c5677a686d28857cb8ec702899b9f1e47683309132353617bede0277f83f5f68944319	2994023210	1790658046
517	notbefore.net/log	bAfylaHiiaby0unyTfVsLJSjhoOlpYkPO01MLDqaxSI=	7016201d427b7dcef17dd0a1afdaf84eafe4af9eca474780b69a205f2ba063c7	108e9186e8c5677a3cd8036373143aa5f1ee58437bc1a43fa860e206ef3df300165174ccd147bf8b	2994041173	1790658109
518	notbefore.net/log	e0Ixpd0J0NNB+7YImHsLJ9ycR/jBRWwf5eWeN1qdPDk=	da70ec4a70b9821b9d042bb40492bd70d80179c145c0b4af51076e603af20ed3	108e9186e8c5677a27f4097849effda5931a49a72d095ec83f7a5154c478d5c319af0bef148ad3e1	2994643933	1790661637
519	notbefore.net/log	D+/tdHRCnUCkS6+Qfh3XDcrr9pSV15xpO0yA08Zsr3A=	d100cdbf77654ba0b091e203219ddb4c4e1715c63016d8e2d963bf2e2808ab22	108e9186e8c5677aed6163af050b8efb6c4d1bc448fdd17d2d5908fddbe868ca3fc650e7ce52c404	2994654085	1790661700
520	notbefore.net/log	KEfk9uMsT+Wd/YSviYmSnG5i+/FtU8cZteJCbgnzTQs=	241a13294928247b19a5796d1f135d38c51b8342b237cd3433bb6fdff0610bde	108e9186e8c5677ae917475f81a49ba2750540e9f543f78fff174ad79752e600057ad644d90a5b6a	2995369933	1790665243
521	notbefore.net/log	9XWiWh5n+K7CDUxfkqSS8x/5sdaqV6klGzcvx+r28Dk=	9ececc63b7a0fead08c72d2a966dbb50fcd8788b8949d245373fa894b0992b8f	108e9186e8c5677a6e99a081d235c1c679220ae0dece5deadaaab15c64d404a3e04c4e82ac93a420	2995382655	1790665301
522	notbefore.net/log	CDTTF4YJwbKRjfgOulm/zmP45oi0srO/5NTdCRgRbEY=	7716983b74db7b70e18a3d7a5c8d1720b4a44b3b130edef365cc2c62dc14ef9a	108e9186e8c5677a64722483ffe5f31f4da10867d45194f717ee6ce8165c04ea2a23550dde64765f	2996197443	1790668846
523	notbefore.net/log	SBppktptKIXAFTPjtG9oNYmQ24PA0O9JQZLMEOJmzEg=	9d3b4675eb04f6ca7c210aba00eaadd6709ecb13117a5d4270d75b24b74aa6e9	108e9186e8c5677a84fe63e6aa851b313ab80f0aaf2696d83c90f3f2aacd54abf5404c93edd29246	2996207656	1790668904
524	notbefore.net/log	8jgNH+FG8bie21GGOJwrdTInbJ7Z6IKAf7Iz8PkraH4=	de70c75c3bf3774b03256e465ff70aa8b539745b83b27a2f263c46ca2b8b0996	108e9186e8c5677a9420908da0b1f772a6647d61d97c9092073e4d434b1b3b8788356b073cc1e8af	2996899436	1790672449
525	notbefore.net/log	oxQZBilqb707L3YiUNpKAHSwwa6R/ktZlgkJuAf68f8=	c1ba67569da2c965e114f129a2321509b0f058405d1eee325856c779858c117c	108e9186e8c5677a07c9586126f300c7c328d4b535d306ae026ed342c4d80937af8c097228ea1794	2996905392	1790672506
526	notbefore.net/log	p1zHSvQqryb42zYb8MJprQbjXL1PwIAjSp7y6Izlf3I=	a8270a87d346acaca509db895f98dd45607ae9cef8abc2b88914cda34540bb81	108e9186e8c5677a29f55133c918cf1f28ca1eee70b4b0c7c86ae5485dfffdf2fd61301f5b661eb2	2997647017	1790676044
527	notbefore.net/log	LlgvpWl6GbQrM0gqICGvZzSY+34Sc8O1TlAJRKeeAi8=	1a6b571aa728f245f22521233c6fa780244cee647657dab84978048bb935dd7a	108e9186e8c5677ad849f9312bf969770a0d262f75e94bd09b9b6d5e6bcea499683b618114623536	2997665337	1790676106
528	notbefore.net/log	aBYtyoGoEWYI/AgGVDSyhPTjBTJv4CJ8Fk+SM0gfBqo=	7527f5b761872805ce85b84483e6e5e2c816c3ba01015c0ac80f688f6652f532	108e9186e8c5677a0b5a56c34b648956fc2ab347f085c1ba6fffe8165f0c8a4bff874e4445216d74	2998549143	1790679643
529	notbefore.net/log	hExUKSGZ8etJ10qdDK+9CcsbAYgqA7ZkCiZ0o8TRL7Q=	412a22c620beec81ba73249b7310d113895d6dbd80c39f063343e947715323df	108e9186e8c5677a8ff7e570737a528e3fb48b356a001d6f2bfec8dbd2bc0cbd7daa0bc4b11c9ad3	2998559456	1790679701
530	notbefore.net/log	0IB0jRxGXFLkIlkpD1j2jQBcDUM/8BBBLuVsrWTjJi0=	36e83bdd8289dd13cd19a26665fbb7ba313e79ac2bc38f1a93494056332f8552	108e9186e8c5677a643f3580d910bdc360f701b292f11352ca8f0622125572bed810688b99417ddf	2999191465	1790683243
531	notbefore.net/log	Yzzv7RwJ9lyYpoSJZGAQGKk1CYCmYeNp3XOTIY3H0tc=	14b8c43596218ebc36e841abd47312b48b66adf0214e7942d750f926a0031db3	108e9186e8c5677a8abee7b7e5399fc5a29aad46b61cfce8d923bf921ac15bd9eb4ced2546e0b7c6	2999198705	1790683306
532	notbefore.net/log	nhniaduIleabZZ2mrCI3/OAZ9lA7iFHZTPwxosVDZnE=	9af9c5d976afa137a946b565c34e5a28fea7e0b2baec647c8c52faaeefac73a8	108e9186e8c5677a959a2c8f664c50da0034bf521c2c8da356b6e8e59cbad5050e5665e2ae587e2a	2999963427	1790686847
533	notbefore.net/log	FxD3+xsaREMRGbtGeGntrdww+qPwLWW0pBLA9il/9Oo=	5b64b71d8ecabe10a66e84fadcf112bc0ff031b1c92eb9f9ee5dc4ade53edb4f	108e9186e8c5677ac61fb7cedf37a7867eff22611c1106614e45d793c63124673f0039b1684f9b04	2999973600	1790686902
534	notbefore.net/log	DWDglL+rtQyjj7jX3a1MKQ6BPxWPjLDNtqz4DFQcHtk=	a6c0aa913f2617a5aaf146fbe1959f01c8de76798afadf56392a417f56252ba0	108e9186e8c5677afaf3f5d6cc221b612292e99cc9ba84e2ca313123271007fdd6675b49a786fad2	3000733617	1790690451
535	notbefore.net/log	oa3s9AAVLfN9ULJzL7JYs9oIWT57+iW0pKJkiu45hPM=	a9e4ae1afd8af14ed772f6b64006cdce4006d76e85ab321dbb960212a4023b77	108e9186e8c5677aa0562c36c91e86722fa9504668e24d83bddb7b4c6d305cf9450c2176b17246d9	3000743619	1790690513
536	notbefore.net/log	laOc+dGecyjuayxfa4MXk1niFnELeCnxMdT2CsfslSg=	08975d7d9818dfbccb0f51176d0db420119fb77802a5e6025745c89b18d55edc	108e9186e8c5677a29e0efbec689475278bbf6f6cdc01fb14341d7dfabf974bde8b6e3cd3a3a0248	3001523236	1790694041
537	notbefore.net/log	erHxPEIdHx6FKQ6WWTdSxazOrPrXe3O/WcIRYhYSoj0=	73d7ea29f828ce41562be9c9da0df6d8d4b4576c5db8253a7dd462aa08a13ced	108e9186e8c5677af5422b160f23a2952e8a8ad40294b5ca1707340af9929ec65af099c45fd791d8	3001530830	1790694103
538	notbefore.net/log	UhfwaOBCVBIwPLx8I3R7TM1NAVOPGU9r8QK7EILMvkU=	5515ff2da680a086b3d470da83df73ca13c975520b39cb7cad5fc26a18e96e00	108e9186e8c5677a961074b3ee325a3053e98eaa10a109d6b6dfae1562417ac109a7cd01c6a4415e	3002138702	1790697641
539	notbefore.net/log	ltfxNIfP5EfqbVb1zo+BbiZFnEHGNVW3b9sVDVIObTg=	af64fe9ee85c5d225d6f58fd3d232fcaf5ecc347fc428bc46c16697fbfdaa20f	108e9186e8c5677aab5a186fc7e9f36a3a93e61684474dc31d28551c5f837837846ee46e7fcaadd4	3002148462	1790697703
540	notbefore.net/log	MBNe6EHS+jMIbnxyGLHk6tosbVLXDznqJy6EQ0iK+3Y=	471f807864b2dd3efa2788c82ff3945544558c4f5add340be967814b0b8eb90e	108e9186e8c5677aa3dfa6516241fe77340cbb5783fbb364276b92c3ccbdd046b4bcda533180f634	3002856393	1790701243
541	notbefore.net/log	27cQRHpmiKGmExvEvfM1p6MWyNi3Md3lsjmg2JTF5Ik=	3afe343f6b665a3be6cec3bf679ea86271a67d33df62f43e73411149581611aa	108e9186e8c5677a636b39359b65a552c21f8de9fe0efb81a64fef77c3119b2290e227306f089868	3002865147	1790701309
542	notbefore.net/log	nGpU71VBzEzsosZ4XB7tN0ISSAfk6DNYbyo6ow/Qp6Y=	aeea10ce596d849f2f987dd8555a6ed169d9c621bfd3db56d3512ab32408f9bc	108e9186e8c5677ac85fb0de910d35961ad3084113590cde0e874145325a52bb76e86de5e7386c9f	3003588940	1790704841
543	notbefore.net/log	j1gj6goGzPS1TQdW3lFFo7g+VSbwY8Noadd4IxoJ3is=	2919c4e52abaabeed5dbb14cc662939199feecf8ce91a8a471ed9e98c2c6a48c	108e9186e8c5677a2141d65b7eaf6ea95cbb554e6ec34d157e0f5616f26ec853b89bc153412414f1	3003602816	1790704912
544	notbefore.net/log	i1oDHYSsmysdduEVmPrf6oQ/H6PaA9tBFprK1zv08kY=	80739a97cf4bf6f1d3798e071bfb371a5832bdd8a3de089a1a10e2a81d1f5b19	108e9186e8c5677abfba8f14898b2b838085aef2a86152fd6ea7973494d4d7f17f49edee7df543f1	3004473861	1790708450
545	notbefore.net/log	sL0ykJe1PuNW1+ZnTOJX9ADbbTjiNFwUCKkPsnhlmOQ=	2f07e716022e8e2d3d5b4a9ca14a49031d8f91fae8709c120128af07d4ecc34f	108e9186e8c5677a31dc28815b6ca21a96c31a7cf40e5240891475d8616f92eb2aa559a5678abef4	3004490067	1790708515
546	notbefore.net/log	6K/0dFjbCcAK6FYgjEXdR42Mpo48LOv0pQEfIfO8NZA=	c841fade4c6bab5173254fdadfb03ed4ab4dfa1c9f06392623bfc1d403df5961	108e9186e8c5677a2963b88d0704e7b27a8b698214a812ad38ab2e464a9f2b92941043eaf5d6b4d2	3005211033	1790712049
547	notbefore.net/log	BkZyo6NcXJF/zh/bcRTlZiOKfPS8vNUmOXf6yJp86qE=	abaacb8d4b0ee7a897b41c7208d109f115d638d855ee85ea8eeb1a66fc8fcb7d	108e9186e8c5677ad6726863268cce7e7b21ad3272ae107018047a618a626013d2f8db94f44d5169	3005224051	1790712112
548	notbefore.net/log	yGdMuW/gRJ9OWM+GiXNdhG+nbGagzU4TsL51r8cYe4E=	9d93d3ff73e1e99ae5869942b322bf8be97f65748a79c961f055c8c3698bd0fe	108e9186e8c5677a927ac40374552f50265d26d4986bf833ea864085988ce5392fe5741ce7d9ffe3	3005929975	1790715647
549	notbefore.net/log	6fod6b/uJ3C6SP/IclIxdzxepimPMl/jq2LO3NSj9P0=	161b42c9757a1ab8a0c9a34b6311a570ed24e6b6c6bbd55555b850d6d265f393	108e9186e8c5677a1cfd2cccdd98a94f2f810123b224bcb3af44290fb2385d28be41efc09e36f36d	3005945627	1790715712
550	notbefore.net/log	Vgx+p1GaCuxV62HtqtkCHtVbc9CPFcZh22gTGmrZgJE=	2d091b37d487eff5fb59ca23a2d7e3de52f2e67b8371c30e34cf8feeeb6bbba1	108e9186e8c5677a48b3076d56684c27017dbec273ec9dbb4ec3e972bbf8702e2b31a6c4558501f7	3006847470	1790719241
551	notbefore.net/log	dGn/SQFOtSxGg5txG7/l22+6mQDkShighl7ROWKMIW0=	8a7164bf05ffa1c71c88145f5aef18f1b53c0aed6485272ecb712efd32a97735	108e9186e8c5677abb8b1ee8348239717c00dc914c18f4ab0fa2b5a62bce6bd56f14f70e05e46757	3006864556	1790719305
552	notbefore.net/log	Qy0FrZbVIdviaQeMsuj8hZDKNt2rsOsL847+ULI0PjA=	a7fc05cc44958779a107b2b3cdccc30d063bc6c7d503bd59338f860a59fb05bd	108e9186e8c5677a6feafa811388ee78cf6f4c58c9cf90b8652b26a67796ddc3c5e3d761299d4244	3007651898	1790722843
553	notbefore.net/log	Ek87Cj/FZeOrjk31eoKIu3q8wEcoc+1WRXGnAA7ZFVk=	589bbfc0809739475f10803c5001d50e27ff76fdc82cfb82287f6636fbe2e8c1	108e9186e8c5677abeb1c870afae6001a3ecc9d1fd2e37d20b14edfb33d905a8921c5c90ad21b7d6	3007669472	1790722899
554	notbefore.net/log	Cxj20q7xv2EhxXy0weewWDEPDKGnAz3HlYeN2i4SIm0=	b7d1dd91a19dee306d9ba56acc6443709b9fc748f843b308081839274e954139	108e9186e8c5677aaf859d605b2efd3861f089b28571381804b7e028a4ec1c93befc84a149e84773	3008561887	1790726441
555	notbefore.net/log	C3A24Jm16FYP6pGd/FA+6QTGE7K43AMU1TgNM0+KouA=	4017bbb01b84f59f549267b91325abc58883716626f481f76af91673afc48176	108e9186e8c5677a809cd85b09567a5e40c7d5b1d24ce74c13be84f28d867af66d1d59e58c5fd1f3	3008573722	1790726499
556	notbefore.net/log	0HoFbUkERx8OoYJMmWalwrBWwU7OJPENrKml9fxtjGM=	b562812085d775e3352f83f4340517edbb2999a6c87ce8737715db94ab30b990	108e9186e8c5677a2a7999f0cb14ef7cc5ebb8d72ebd56f173577446ff69a8848b74af735724d0a6	3009326673	1790730038
557	notbefore.net/log	M1OpOOJ3Uo+DnmAq5EOZGRy2s+YRWz5bEUXq53cMlTY=	2565c7b4065df6359805ee01c8a636df2a72851a24fab0a6d9eb66b7a86b5cc8	108e9186e8c5677aa223926d67620fd8cba9f37081aef946f317b6e6ebe4d519025692fb3252fcf8	3009332361	1790730101
558	notbefore.net/log	70O6TVNoT5O2Wxs460ZI4RMNj2SHKk+hMMoCBYZ/Ek4=	5eb91fc61786ced7bbd9a64194ba5b71e5200b42d2861ea9d5d525af95b8aa07	108e9186e8c5677a45688d8f020deac7b9472a941f55364948c22636c4ca1e573df0d0f0ffbacc5d	3009915479	1790733651
559	notbefore.net/log	UHH/ERaD6J1ne3RGtMZlSAwxtGnYbTj+BdsRx9xBD+k=	deb842e64cd67376ec0d8c26680ba2685535a2c7f491c4277ea888375183beb6	108e9186e8c5677a662a9e4939aa7d41d75b2c317e38e11d1474c76327b8e49fc720a6134c345b7d	3009929701	1790733710
560	notbefore.net/log	F3l57nsWJ2u31f6fv1OLkUv2TIlkxTHv4SCFrs3bXcM=	e425839e5f02c86300c84fedd33b26844302ab40cdbe84d144f77d3bf6f50907	108e9186e8c5677a64414727df5b0208af3f55216a62f87a50fd6c8deb49024e08c9ea8d8a6e6e6e	3010711544	1790737242
561	notbefore.net/log	RV8B/AWtWPEBOnvvPFICmthOeuOwFb3g7Cfba/aSUzk=	7ea18be69c11c6e46051598e074c9a23d4ff930e5de3fcea851c63071d66e2d7	108e9186e8c5677a387fcd31b81d4150ef4e9b118834ad810be6a79e7544712cd1c7bc33d7ed6639	3010732816	1790737310
562	notbefore.net/log	7KeTv/HJAWWqWTV5AvGONjih5H90Za2GUHoGVnDQcQU=	10c0c09caef315fe2cc21a52a151fcee40be9d67d71de8ebb997470d1f41dda0	108e9186e8c5677a690455938cd52655f9b237f5805565cb868db4d0b62c3c6580535db3f478f03c	3011498335	1790740850
563	notbefore.net/log	krUxEKSWs5GtnbZQT9obH3TdH1smtI4q4wp292/Clv0=	47b487fec52fa330428394af3898296baa9059560d9346b2c4d8513e7bd6b2fb	108e9186e8c5677a00270dbc8effd705e1080216187b85638581f4225ea190512deed9a1e0e32ab1	3011504214	1790740902
564	notbefore.net/log	RQ3rcHFPXnTArrCbMJkMcX2sq3yr81WUVfaRy2Bwips=	4aab8aacc378ab867f840271af70317fec9fa874192d5c06798802d264b3f9cc	108e9186e8c5677a10f1abf14aa12f828793a750b397f770aa2c3bb61449aa9556de5d3fa553438d	3012357078	1790744439
565	notbefore.net/log	hPpTHUR0CY3Kc+S4LjXASpYBn3N5T7/anhBstWiMxkY=	6c4f66e2484c338240b6ecb263b3188349d478a66787d76db0de96aea1af0376	108e9186e8c5677af8d7ab8304a4de2e1a37c68f4c0e8be011ff612883b59e7e89702bb254b5398f	3012387131	1790744540
566	notbefore.net/log	r7rpJTdcJPH5GMpOFrFX0LVYtukjMaoi+Up/2WURMbg=	9e998b922101f968faa1a6547bc0383d15c56a1e602d3899be72bc0efe73bdfa	108e9186e8c5677a65345fe5885e60e586a4c071bdf01ca9303f7d2eb6d4ba38af9b1e179e277af3	3013175183	1790748039
567	notbefore.net/log	zZejjWWY4hg2Zi8JZnlPaLOaVyZtgf20y8PXuwC4vxU=	bc0ce1275f1bea3e3b96473184c0111018393b98adf177299b80747a50459062	108e9186e8c5677af543bbb7abb2269c60b62835674a68418f18e5b214d6947432ee40477c452b24	3013194048	1790748105
568	notbefore.net/log	9eTkJXlsFQzKgngUcO2DVsRBCLWge4N1FxQY5GK6Jjk=	c6a355f092514608943218d2aca8f050ade2758c63f732227711d9ccb5af3be6	108e9186e8c5677ad66e5cedf29a8b8aac1385ae5a1e7a8fd5884ff87656c7324b3bf6d8693a675a	3013918675	1790751642
569	notbefore.net/log	rtRDyY0AIaGkU6I886Klq5CYz3z9yQUTvDGE86PRL/I=	57d1ad85377e90fb505d395221dc750a47f4a3ce04faf308d61ec0874318dad4	108e9186e8c5677a23188a20e41dbd3cbd4b3c693ef7e8f3592fd9e323d00615d8c13f6820539d35	3013936686	1790751706
570	notbefore.net/log	33Iyqh4PqKnICEoZjgVv5v7jpFTd1WSvI/pHR5Zty8M=	58e047471858d309e4b55d8d9e7c227b74ccc2e22710848f2a100b6d9e8a4716	108e9186e8c5677a59d293289df668c72d810f184bc7e3568af75564ac4125412f71ccd449bd9465	3014665651	1790755242
571	notbefore.net/log	6bXlAZtyIGHju3UJ6ESrsnJHPRYJZXBm1NcCtz9cfg8=	7e73f1b091a961fbfb524dec4ee570de9b2dab15e050cbd17af898eba3e20f57	108e9186e8c5677a167c9c1dd94745705b54e02e78d3053e61334f2d4c3f306b114f2be9342faad0	3014687261	1790755331
572	notbefore.net/log	2+HDZNo/QGzgMvcnV/s2Lyk91kkIRtm/5K5c6Blmdwo=	b7d55e359117057a665019509a7a446a54cbdd6d18c0b6f76e10ef117e9aac1a	108e9186e8c5677a415a28de0ad439a874d8d662474704a9cf324ed8805a1ee4ce0225e6c255c27a	3015448334	1790758841
573	notbefore.net/log	zjM9M0z90cJA2EjKMw8jubMERCpdngeJnnUkg72EYFI=	8961f7d855759b6200a98cd30ef3c7b9d53f43a090f51923a6bd515d7d24a14e	108e9186e8c5677a4839202607b46b1d4c1954911d1e3bd7efe57e7acf0005de75cecbd80789ee1f	3015464423	1790758908
574	notbefore.net/log	W46y7IFQJdcOO9R2ozjo0Km1LAOnwQ9tgTmBcqSybWg=	fd2b80bd4ce41c55a6f5f4a40a851a39fa2ad62c333a17df796181e98cd202bb	108e9186e8c5677a848343f02d80c29bb35ee1b8ce54d1709d85d9f0e975528e636c04218dc1dd81	3016309882	1790762441
575	notbefore.net/log	jr2GW3rNIS6BAmSe9DPIxbzu/fqa+w/YZNOBj4duqkQ=	7b27ef3264cc5ee1c757d8041939d207699de35c11c8e9ec03ef6740dcb359f2	108e9186e8c5677a15dd808ea3ef86305c9ed29b1d6337f12ea0a986841b59ec270a5abb9c239ab3	3016328211	1790762501
576	notbefore.net/log	86OJok6FZVkEQTCh836gN3IT2qe6MYo5/pdERIot0rM=	ed055cde1609eccd120234e2a631eef898940fb8a8b72cfdcc29dcbea85b71fd	108e9186e8c5677a3bc4ffe926a7fad4556a977cbafe167b7d6f11c3b4cda452bbc034ff6eb7fd5e	3017120038	1790766040
577	notbefore.net/log	ZHr5kqT3cijrvdHxfR2jH6swJvzIJQjYi/k0mWq35+c=	80446357b9fa31a465216cb292cf4f3c61116f37466ae2978adcabe4edc54f04	108e9186e8c5677a75ca9466f7da87931fce44d70465b6efd3ea200153f4e5a578c7883bb248111c	3017137888	1790766104
578	notbefore.net/log	dTixJfhUHGIGwYeIXMrVw1Yy/npO1zyN6qpD/f2DGXA=	bda72ef8a2eb620d5f67a988320f858d6713ef11ca2ca17718faa437cb36b058	108e9186e8c5677a177757ca33ea2ba9953365a4851826c5401f2f23ad5a60573ad9e0f0fa6ea4dd	3018114761	1790769648
579	notbefore.net/log	p8Y6r+2T4GxLovcnZZ+F9BTSVay/93OwJePPU2k4OYs=	4dd0181387ae18e413937bf9717db0d6728784c33e4bcb9fd7f928d7bf566b9a	108e9186e8c5677af6059d2fbffdc445292bbb87d9aac21abe7edc1809dc7c89cfc1d2e5998a8e06	3018134272	1790769714
580	notbefore.net/log	fJyHHW6grh2MCGqlZnVRRSzPXLMm9c0ovqoKoxfls8c=	937313614cccd21f35aeb6bcd980a7f957d2a7c8f45bfb8d43aea63cd5b988ad	108e9186e8c5677ac3fdb1036b8cfb10ec26b72de9e5747d0515bd8ec4d429cdca7902a3ab0a86fa	3019064912	1790773243
581	notbefore.net/log	3107F9xuz4CNXweXSXpQRSV/fwash6WFu6IzUo3Di94=	4aff53f343aa8352872a18900f1e1c81a248fc9aea772015e3c8a0cf28695925	108e9186e8c5677a8314f59ef8c9ca8c946fe22b1d61afa4dc332b4aa1d4f9bbecef4bd515e7bc6e	3019076434	1790773302
582	notbefore.net/log	K9Fdd3NAVobUAwIAyFvPrz8Yl5rF72c0TuTdSOWjKTM=	6c4957d8fca3b1431adc4c00b51ee7bae6dc86f51e9e38fe9b5bb0ec219b0616	108e9186e8c5677a46610eafb487378ced3cb9e86542dd996d60505a7f64bc03e8731a6aeffdbd6c	3019900910	1790776855
583	notbefore.net/log	BXOssrvAdLjj3uOPQf3Hb7gp/ygTqMcd3NRq3fEazDA=	3e776cb9a162f8fbf9460c35e6bd6f9129d3089f6c9e5a6dab817054032983b9	108e9186e8c5677ae96f2660e2f3b2e92f03e0eb3c391e341412693441b1b493f1200db4d00a6dd5	3019917804	1790776915
584	notbefore.net/log	1ru6GWdckMf1SOWb2hOYagTS4zUUGCtJgjkwTXNEacs=	db6d747b72052242a4e3a2e7a4fabc0ca58ab8a72ef693f7e2f5794f9d8cb63e	108e9186e8c5677a0d8451f2a77c41296052fe75609118c660c75f6a0839ccaa21f00455f2f791ae	3020851541	1790780454
585	notbefore.net/log	Xz6yWZNF2Rx6OjgLzGRRj+xL4tgKoOByC7tcZVBFWGQ=	b730a775a30679747b02649e8bb5a33b30a30842126fec73bd22a51fcc1a4051	108e9186e8c5677afe7ac696c322529a6b292837dc18ef80121a72da5139a51587b4b20aeb002f8e	3020870431	1790780520
586	notbefore.net/log	ksXahdrZ8Kt9/bM8i8wV0/TUbkv1AAAfeHNYfaJ5b3M=	c20109e3f317302ed997a4a7391032cd12a8761810fd8836f3caca616add0fb4	108e9186e8c5677a614d85cfceb9d53e6b243a59493b0f77d85e7bc0340b6676e30c3de674c503bf	3021623296	1790784054
587	notbefore.net/log	4uTugh0gYjqVU0HzHPRtyrOj5fJDS60uOk4DLbz3GY0=	937e0635a4012f7d48c3b4f580182fee7d8f15e82e7a609b1b2a42b13bb6ab88	108e9186e8c5677aabfff3dbb72441408cf7a0710b6ef80a27cb45c7e147ba58cd1fc3ef124e2ee8	3021647896	1790784147
588	notbefore.net/log	roGCuY5i1VAMCnuoqN0uxKqmy3vOYdkLECT1BR+h+ow=	0611c73b67e00762a4d35c9f7eba69e2eb1846507f652ae46ba0f4c8be185632	108e9186e8c5677a5faca552f2392d2a3b759f13fbbd87a18abf98e4ae053672abf9bda8e35a3866	3022487430	1790787642
589	notbefore.net/log	r2so5oSqGRUQTnCQkVRhBeZJvKhDw/lr1jziVoDH+NY=	71c716f1168b9702ea95e7e2f5047f5abd36c4b45936c3830a535ca938566e9e	108e9186e8c5677afb8a87225d022d7890cb6b3351a2cc2e5b45c08611432eaa8046f87ee835fbce	3022499691	1790787706
590	notbefore.net/log	UtbSOOV8uAggeUk9MKKRlAYzpNoQ/zDOXZiIMnkRsC0=	f40ab566edb3b95bf4d69007e8f7cdd4a676d7b31815073ffcc650940a4f410d	108e9186e8c5677a0df4fcebd910e15498ca7daf9dc0717114e1a402f940c6df212d50113eca5530	3023264922	1790791243
591	notbefore.net/log	Vivq606oNkKrHU66E3bvmbQ657lWo0Rj8jONG+7DAUM=	7238e3bed14aca0811a3aec4dcf1e3c9d2d28f3dfea0921e75c8b00c0325b0db	108e9186e8c5677a2af63333afd1479f394dd94b843f5c7613a644d6fd03c67040a074d7c4888e0c	3023282677	1790791306
592	notbefore.net/log	owY/hsPOU3aifLG51meereIFiEjpykMahslFgT3EMTU=	0f6f6726d961f9634cc244bc30cf3b52b24b161b8b2d9b1ec95f5fbc67fa95a0	108e9186e8c5677aa9d2f09971d410e4fb3e9ff17b41fe0a7080400922afdae72973b994d3a5431e	3023800275	1790794845
593	notbefore.net/log	HkfKuuehaJ61rAzwEZAj5uK42gB854igi7t6+ahzF7U=	d2d2f6c673fdd6ab56e940aebe667d55230f445cc7a4b5665471baf9f79b8558	108e9186e8c5677aa02b85c0b06f40e10e3ee77de8bfd244b6c04714c4b9a88a4215adb8503d595c	3023811727	1790794910
594	notbefore.net/log	/Jknn9kOFrYK3cHk3ffekoPfCL6dP/SwQXNSck7fQ4c=	213712a8bb0dbdd3d05485cf1651d0e1aff932d4d19d4519455b4eb235f7ed90	108e9186e8c5677afd453eb10310a81cbe7f720f341cb9575918ba3ade6ee6b9d5d84acd33658e0c	3024689929	1790798445
595	notbefore.net/log	d+UaSJznKoj5mykCq0shC4CZ/VFgvUVQJfrXANGM118=	d1e71caf3adf194ec7d7f7da0be958ab95153bd217bd61dbba3af57a44d97aad	108e9186e8c5677add071c4d2c7f88f50ca8a296fb70a5e6f60eb80dd54e394ba9bf5e48209a4715	3024708362	1790798528
596	notbefore.net/log	934r+SToIqWXwWlBSk1Zkc7aOpLQ52xJ4Muk+HVbjlM=	2f00aecca0a62f283cdaadb7412a6b171610f805276882ddcc1f8a3c6d093be3	108e9186e8c5677a5c9257c6e2ecf36cfb87282c21d7c9a18c25bd802f86411bb461e84624d11c8b	3025223805	1790802042
597	notbefore.net/log	lGhDd9riRH6eQHsP8XiOJkQ3Dpm/HJ1fvweS1FMEqOs=	bbfac47cb17885bfa1e93c4133032814e66d56ff18fe97b73bcb4160ada0f8ea	108e9186e8c5677aae045f7c007c0f5f502113eb685c14c8eae0a1572e50be50bf9906d6acafbf27	3025242777	1790802128
598	notbefore.net/log	XzW6lCbAnfP2SFIn6v/bOMdo9skf4eOjqK/VYECgNgI=	623a32adf076b54ff9ad7e8f59be61525d8f00236bbac6a5e666a982ae11eb0e	108e9186e8c5677a819018c94ea8ba584ad3d3d1943066c558b13506ea942f2ab8b07150e325da36	3025934713	1790805641
599	notbefore.net/log	lvCSnc4dyuh/a17HjCX30zXYqkLOuP6YoprzRy65Ydo=	b5082e86785bca33fb41a4389d4d162db06a5e460a73465a050096a02d1eb97e	108e9186e8c5677ade2d8491ffbb9a7d7adf5c72f8cad70cfd1efe3ca2841c87e9719360785ef6cb	3025952924	1790805723
600	notbefore.net/log	7Rlqq/2rHuL27Tzri0gWcC3QO2Uv9lPk4Fm74pRY2n8=	0c171937e4997692e2fd11e10333bc5ad8bb361ce0751ebdc9dad3dd8bd52ec4	108e9186e8c5677abe736b1ff766a16ef3e5a2c80a6025ad5fe671adaad4d546f1590de8bc2c9d14	3026879599	1790809242
601	notbefore.net/log	nB4fPIhkV5VSzXlq/QXqVrxk5xkBsEkaLzAeN65s7oQ=	1b16f555a359be3d1ea6d133b3b63cfc4faf111714e78fb9418fd9da3d969e7f	108e9186e8c5677a4ca91fdfbe2f2aa9e1810ffadfd9e402320bc443d6f6e1ce02833d40364e347f	3026897414	1790809304
602	notbefore.net/log	uH5IOSZxy2loLyiTDxGmgazEGR00ysRvCVWkasNCZL0=	07d87213481e08da096209731658ecc718abf92e6cfc9d0c2a913c5eba68026f	108e9186e8c5677a298b9b982cbdc9d7f0bcf79578859a88136602b35cf3161479f8405c583c34a0	3027726744	1790812839
603	notbefore.net/log	C2Jw3e+nIVxCv7TVA25YYuI1Oht4jKKcjDGhT0in8Co=	f3559405dd98d1ee44da94219e8bf32c898304f0c68de890961d3fd0980c599c	108e9186e8c5677a177b3d0035035aa7421cabc6aeaf41c2d982a0d290d9c9659a1ce1560c44e1b4	3027747585	1790812910
604	notbefore.net/log	XFBu+auzwlZvqIYdjmJ2l4iGslo2CqeQFwU5e3Eby58=	1670f53db236e07bd4387a861f21e50173cfad62af27bb80b5207d4474b8a648	108e9186e8c5677a1b90f8db58963dd006e57d5adea3121902a63ebfa13450ac7bf8dd8f877043de	3028437219	1790816444
605	notbefore.net/log	eQrNkOwgHYEhFVs2dpx2mYBcLrGD/MIYjyUnCS/DF0E=	4264db405265a6e6739b9dece68a9e20576d2e06479ba1254cb123e1adb5a446	108e9186e8c5677aeb046b9c0c979662402f33e0fb6ede727452d2f9434d5b7c459158bad213dfc2	3028441850	1790816505
606	notbefore.net/log	JGq59WPHPT2aPwBgYgRO0ZnXtLZF60jpHTAj3ctYVsg=	1cf18b7fa21eed04a4356fd44159c727d32666e139f3f8992a129c63fe9c7846	108e9186e8c5677a00a0b60ff86728ddf6a01cb9bae3d24c5bfece11471725e2527610153b96ac3f	3029038340	1790820046
607	notbefore.net/log	I3jgGjWHObVKBVVdgWnXfSQrWYhN+YPH95ETbSpgAPU=	c40b0e7d6017355062c763ab9f3aa8c9353f3b845bc76cdc8e14a2a6afe336ef	108e9186e8c5677a955a7657336e96d288f1f8a1a98783524678ffc415fc12be23afc6f9e1f736cd	3029051700	1790820105
608	notbefore.net/log	efcAwEkU9bS/EqIqWaYwl1heJhy7MhdO2BwFwBgvJmo=	18e00eea0f00a7c2d9d4c9cdc939f1f188b0f7f147be30fc48d61ad63c0e8552	108e9186e8c5677aa6d0581003312f99b462555685a7571be8a33f4bd34bdba7c0dcc612144e0ff1	3029634258	1790823643
609	notbefore.net/log	6wIZxn2/aYjo3p6nMUqrLpiTFSm/aYfGcBH0C6S8yqI=	3e8cfbffb286c0ed24dcf1225cb8a9739ac5567c1c72f389dd5e47480eef39a8	108e9186e8c5677a15f99d49c241830115ce0cffcc19cb342549b76fa054ed5a66fad484b225e598	3029638108	1790823706
610	notbefore.net/log	poTdaAQFxmw1gPqGs2GpjJDXPc5iKOzugXmx8doAkwA=	fab401fc2b808f2dc677e0742708c41f1fbcc47c38a46ce9cc1cab901da9662b	108e9186e8c5677a3f14aaf0b96e861248751f281c5b0b1a7afb114b65654319229c74c23e5d1789	3029847304	1790827240
611	notbefore.net/log	pzBWJ5FDAL6T1KUV3L+dTPnKfJZhddaej7W94tvD/Dk=	0d88d3e5f8ab8a1b3de1f3bbd1969901c497623993d0bb286b66dd45de0cb386	108e9186e8c5677a830882e39648a1898c2537a25ad2df405b4659c150f87799aca8076d1236df87	3029848485	1790827306
612	notbefore.net/log	WlCjf2BTU549+CmxF2QBSE2zH7UFbqUiJsazMq7q0vE=	0b9bb2199746c21a1b24a5f7bfab5f4b81f469ffb52c84da977f11a48c6cfa5f	108e9186e8c5677a9d756666e175a2c1f60f6f5e5e5d28da0099e118d3a4e81e7eb4dfe0b765c4ae	3030698716	1790834446
613	notbefore.net/log	q+li/M8YcXUfB6iFLj+uPvHGXgiE/bSdQb413oqoU3Q=	5897c1589a405acc984478e06b160e4256551258d4da100edaa8fdd280783081	108e9186e8c5677a3c6108c6740e9f67828218e7c5c6fbdc2a966deaa25b3c2806fd3e4ed669e0f7	3030722542	1790834528
614	notbefore.net/log	lRk/Lt5QhpAlwM+zr08nj0t28gTamRxeHcmA10mJqvU=	85d17fb90c4be8ba3f5aca12873a664222a7fae1c58af54d78cf81d6c8c93321	108e9186e8c5677a3495777d76fa69283dd8dcb8e1a53a9eed4611145938f01d14921035cfb27117	3031545205	1790838041
615	notbefore.net/log	3VGKRurtHPj55wA77eZXN6MiNY9h9BfmN45g7/pi/Qg=	86da530a67be5ca009387decb8533018569bdd2526c1dc86e8d45c4d4ee92809	108e9186e8c5677a7e13820b22e02c0064228e4f2e3f431498d88f35a2d758a437de453ed74901ac	3032468622	1790841645
616	notbefore.net/log	okLXc/XgzzQQzyduG/gKYv97lI+bAxpwUxGTUOjSS7Y=	8cbb57a316150af57811e202fcf23ca8be819c5c8eac3b5b9be5edc0852b6113	108e9186e8c5677adda62bfee444d7ef7790a9a94367057db58b4e74d32061c5730c157800f7cd20	3032494163	1790841732
617	notbefore.net/log	tygzFUR8fkRZLmc6xDJmG/4dz2wo8BtmX8rnhUhD8OM=	328d5d6607146abebf9fa6f474860786c7d0cd3718ffa612924b21ea51736f17	108e9186e8c5677a78f374326e9928a6d709bf341b0154c4f4398bf2ce95aee8f867e9d8bcede5a8	3033259910	1790845239
618	notbefore.net/log	+UH5s2tJqtWd6rI9WTws/I1cqPjLeg2lKjcU6EDIJE8=	cda41894038fdffebc6d08addf9a6dfbabf2bdd8b4d4c1ba5d16162e271de08b	108e9186e8c5677a6243bb5af6297b64d3cbec5fc749b03df8be6841a45509cebff554e58cb6aa79	3034120415	1790848841
619	notbefore.net/log	G5HurEpfww7LxY0nwupI9+OASyEzFtxU/d05fl2L64M=	fbe434de1df0943029d1142a022cc3495bbeef341e6791f6d24b9e3629056f58	108e9186e8c5677a1ae88ff4531d6fc126f4939936aadedc2cf035a085197a587b9c14a6733bbc40	3034919589	1790852441
620	notbefore.net/log	wISZKlTwKJBRqnRG2an7HdmfxEBjS+Bq7ZWNhSppzl4=	97f9514781be3cc6dc4c4cee7e2756e9ffd3fa5836de0979fd9f7b1c890c518a	108e9186e8c5677a73fe80c5332e02ccaa3115043999a05df1afd7a538673c08feeedaa5a83e26b3	3034930046	1790852524
621	notbefore.net/log	6zltKbhedVChk8xvlN2GBCJXy2S3iYIFMRQwtJ80lNg=	ac1b7971fe2b66d3f4130efd19f5feabea49bec08de3fab5f231f3af9f2270e3	108e9186e8c5677a3d7624ba36623c1c3b53e19c99bf3ff782c7fc910dbeec6f3ad0559cd463bd6f	3035424578	1790856045
622	notbefore.net/log	bE76pAxDKzjA/xNmhYgpBd6Cg1PCzWoahYfYsUFNkzY=	6ffff31d8d99528342ddb9cb1834918676ab27a254d5658ec86c74a31046c9f5	108e9186e8c5677abe4fe9e15e388ebaad14d611b856b47f49c20c12fae5b985c795cd2b27fa5d49	3035432062	1790856106
623	notbefore.net/log	Fu+PMDVb4+QiRBvBEM80HN5ozWb/+j2beqZHxib9a3Q=	a633a6929a4314a274bc73b621c055d49a647ce2a4091bb8255bfe4f9a331d70	108e9186e8c5677a203c9bbcae604f139497b0ed87ff474ed92fe965aea4fca95ea81cb9c3ab8e24	3035860435	1790859659
624	notbefore.net/log	5CC8DYQIBhGIEMsQS7nEWQYKX/XCXKZHS8H9ix3KV7E=	3b70b768520dc9a4de24756eded76868401684ebaba873231d6be9e0cfbb5edf	108e9186e8c5677afaf5cc2646d4e4001cb7fc1f88211be11644d11da111f1d5c1babe8517951a44	3035950249	1790863255
625	notbefore.net/log	4mAsa9v3V3wpHm2yTZWPZuDxb5agk8EiGwuOOEnbVDo=	42515aa541b76ce21cf30e5d879cd5a4a37f58cfff63d1c8d8256372861ed864	108e9186e8c5677adbeb3267caff040546124da2cc404e92363c1ba69a251729dcdfab788aff6efc	3035951966	1790863316
626	notbefore.net/log	ERdlsGEi3/6LZIwPDroqaajcCCiOpFkm9mMwUacBTjI=	1d17b49c3761d5583161eb09219e769524381521208c18e8f8cb7dce3b46546c	108e9186e8c5677ab54a6e1a6fed0bb36ebe656f3f268b37bb5dc9199a6b48b8f8cb673b8a8d6efa	3036220224	1790866847
627	notbefore.net/log	iymLe85uqgo8fred8e6gu0ABkYliFGTgOkLn4kAg9cA=	97c21175871c7fb7637e642e68a3a222d8b4b8e3e97164d581d7214aba3300c7	108e9186e8c5677a7b052a119137308c1b5a5d5a89694e252698304a829b6e87688580534069a36c	3036223289	1790866906
628	notbefore.net/log	GFbz/XhM9Ntk5q4wAgkYZwUHxNpTp7q83RENLZWI3fY=	3010a6d7a134784a4288528d75309166fcb64c23a1c6a4a33e60cd200ec425cf	108e9186e8c5677a1454b01bd40c4104a87f5833efc3a56e88e833eac617a6300bb7d121216e337d	3037083564	1790870445
629	notbefore.net/log	kAGFTJVlZV7dLVuAXJO9s7KnjFb8BUzXglQRgbtMVno=	fff503af9919e1cb572df2524935fdbc05b7fd9e4f218fa39d522184f5294825	108e9186e8c5677a4c6847db24b57487cd77e25c416572b47e6dc569add47463241139579c05ff69	3037100183	1790870509
630	notbefore.net/log	nCP4AUHyRWNF/le2f/YXATIGXS7QIbq0kGo2TFy6VXY=	c77b10c0ab631f13b6e8cfb9523bddd1c56b177d3cefd35259da1af4a6b7b045	108e9186e8c5677a3116b723f53eb9e4daa00c73476327fc49054432f63e314d37ccb731f2a91c44	3037971189	1790874045
631	notbefore.net/log	72Rm3F4ErJuzQ1SrMzzojHGg6/da21RC0V4E4lJSjJE=	fb7ed395d70dfc5217957db15651732f89c9d594f3900e12b4c9446928a5bcda	108e9186e8c5677ac202550f71d5be77040c31ddfe594d41c0fbca6a0b4168504753ea82992e2c97	3037987521	1790874110
632	notbefore.net/log	44czG73ZJ1SqwAAcACF1PdmHrOAycHBTYrP8YFCrUWg=	aa7b1bff09c8d61ad6f7f6918443b034cf7acd630ea5b9ce9e94f42b31be0d82	108e9186e8c5677ac2730de2418611a3b71936d8ddb133700dcb3ba38fc652660258a762b9633431	3038810729	1790877652
633	notbefore.net/log	5MPB66Sxs8d/L2RUmBSQ2yJjP9MWVRfWFt/fWl1yvS0=	50ab2bf59a2f36883cc18a8cf64f818bba880cf57a470ae290a90abc1e262e75	108e9186e8c5677ac7f0a99c8d9fe234ee46dce28d01915a9991d99a7961562dce3e7e56c1aa937d	3038826548	1790877714
634	notbefore.net/log	Pvbh8Etk9Tubxs46ztKb5VBdWAhqcDWpDsROEljxjt4=	b910d2a49a0412ff8f54617e0a6cae2a92092bd3b5e14e092a5826364c29f84c	108e9186e8c5677afa8a053d35445a0ab0cb0b72ee2e4d5faeb84d40700c1c946f005476f9a8f8af	3039687901	1790881239
635	notbefore.net/log	RVnu+ZSv4t3whVXmaj+YkUjFT4bLyDRmhW2WWH27awI=	c5e47825eacdcb7278ea005becce23f41c00d7848005baaa275eddc3918b09ac	108e9186e8c5677a45029a790262420fc6af3ec7da1ca5e01dd99e5ca5c7a2e306c9d7f4ae7ffc57	3039704421	1790881305
636	notbefore.net/log	SBp86kbr1TLS5uuAFB5V0JRGX9X34y2q3s6gV7dLiYg=	79ec0fc1f7e6b454a5311342a533e850224333f6654d958b7ec3a102c5ab042f	108e9186e8c5677ab3ef7c4ae91ec02fe7419061b1a62723a31d718e927a11973dbeae18fae37aa5	3040511606	1790884842
637	notbefore.net/log	hk/YgaaDs7szOq87yMPx6sDjHxIzwMbkhiggmwWQZu8=	bec698f60461139ad77dfe1e08c0c360a1b744b5c1c394759c10f6169624d89e	108e9186e8c5677af7271bd644ce19d8441008ce47d7e77e40b7bcfed22166139bfa9828459fce86	3040524165	1790884904
638	notbefore.net/log	OJYzDg2opct0FbhjksHo1QFBK+OcehnNSxpZI8wzJjM=	8634757ca8e86449ca4fcf44acc90d8872964315a8405186294d49a7008227ab	108e9186e8c5677afd4c68e2d0031bffd1a03b8794a540422a9dc325f5354b1de72e420bd18f47a8	3041347581	1790888444
639	notbefore.net/log	ogdJyKnxMCSdG3GXJIXCtosQIdTXVg4BiR0byjWKcWQ=	4e7dc59900ff0ca8401a2a8194d75030406d6bad3e15c8800a188e086d2e77e3	108e9186e8c5677abe3669182600f53ab7e4d6ebb0213421087ce46145ed902087a30161bb383dc3	3041362971	1790888510
640	notbefore.net/log	fG2Lw5m+ZvPzUzpkI8deXH9ZIq3uxbPTamV25KqyZOI=	a06cb37d158d1bb0fc755ed52176b3fd19e65792056b1adf84415c5d2de8786f	108e9186e8c5677a799a948c7ac7f5ed9ee89bf8baa18a7355041d9660f2a860fe6550284f3e2d90	3042199850	1790892041
641	notbefore.net/log	9a1gRV+x43QkIEoGLfiVAm3Y4JWXHSbXvWSH4bRJF2c=	5dc74ce73051586a6deb1cda93d61ba9bb0e6619074d964aebc4cbb1468bed39	108e9186e8c5677ad4b3b30065919ca11303531fb216462d5b5ae5e2035212d66907639e52aa195c	3042221630	1790892125
642	notbefore.net/log	rnNGcGPJf6KYAJaW5VQJUJCWbCzjBQaY5Pi5PUAfMBg=	7c232e0adae11aca120161b748eb066b0e4ceb676a4b3a32a8ef991bd8470604	108e9186e8c5677af2115e1fc7ed2274f8c6bf22d6a70969e9bb085dcf81f103c2116e6c5cf8c64a	3043074426	1790895643
643	notbefore.net/log	wyheajwJLojImLZ+IGS2fbkzac8odZsDSOgjw18Dd+c=	7e249c83711463e03302eb030a8dfecfef3ec40fedb804a77032d6a7221c4c88	108e9186e8c5677a14a74fc7afba1ad0f22712fe6e0d2edd30526df4d5b79342780bc2edc925a5b8	3043091019	1790895712
644	notbefore.net/log	dc3CusqVsfLs7WECYSqCdq3Xb0tQAC6mBG4XTy6g66A=	47bd2b3de95bb73f6bb691e29c8ac27368d55361d26d6288af3a928360da0af7	108e9186e8c5677a8df5bad2a921b90bcd1c823a90f44ee87a932415f60dcdabbe1a76a8154b75ed	3043892164	1790899241
645	notbefore.net/log	3/JXz0Qa0Xtb6V2QlbzZkb5E7CmyrgtDRxkp9/sPh58=	bdbe8e6b8ed4d1ea08ca2944704a7e88f1c7994cf30717fea72e51d52f8ecd74	108e9186e8c5677ab8de47b7505a10bfa2a0f3c988663370141ccfcc415d3fd7534d0a9d06c64bcd	3043909139	1790899309
646	notbefore.net/log	3yA1vvKQen/K0cMl29l2Ur21JNz/jqHBbThdfXx5N4I=	24ac043b2f2925026cd3b62b47a131c12241b8681340f8407db26e4e91561eb6	108e9186e8c5677ad88bb92cc859b97d89043c65bfd87869d67c1e8cde1b9dc219396b79cc664274	3044776024	1790902849
647	notbefore.net/log	hLkZRqMKmQlSaEbo1wFJTclI7WM09Il6DdF2M31oidw=	5e1d5eb9a0b652f294f3609e36b229dee13d9e3a0c651827d21312adc73bfa69	108e9186e8c5677a7ee8c9c0cdd3313431fb268dbae4016c3ea5a9c1046bbf1cec80d743fd4a79aa	3044791941	1790902907
648	notbefore.net/log	E37uPPvs5Bnk2JDf6WQMhEfPJooIZzBSQnCYS/rdHlQ=	5684bbffba1b80b01fe2f8c9f8a82807ceb9103eb8fd3cfb5ff80e9b846fd4f4	108e9186e8c5677a8c16ba05c3dc779a27f2fb21878dc598ed11caaaa674993efaf6d7a993d3ad35	3045767132	1790906445
649	notbefore.net/log	+C7AdQCrxhkwIiKPfKLf5ROKZJB16HM/h+1Kul73uho=	589b6f114265e6a8196551f6472881574a3f1021daefe3e9e3f6df7e08d76f2e	108e9186e8c5677a3dff09060f4ca39c4db791dfee3594f203ab79f24268c3c1c1a601c1d10e543c	3045786015	1790906525
650	notbefore.net/log	NcZjzJ0/eIIUPzv3L+QdMEp8HAGjhU+5w2YNBhqqyME=	59ee35896f7e692d49b9a7777f96823e8e5adf2b83e58dd31cbff111674f2df8	108e9186e8c5677a1cf16ce33b1bb5e55c0c550d33e28570d455f3848b352ae95305b628132941c4	3046625694	1790910042
651	notbefore.net/log	idiUA5IPygwZzBno1G/pPcMbb0LaU1uUMRZfh7y0l7g=	eb8cf48a9fe379b77f2db0e22d3068fc474a31052efc683f46c51fcd14168933	108e9186e8c5677a0519b39eafe606d63fffc9e86d9ffda3095ca446d774b0c78fa686a1f552925c	3046650729	1790910129
652	notbefore.net/log	+UbZz5f3R93BEjtTmRNpBDM1tTV4Tn1JjSK9nsKmxxA=	93e52725db4eeef0f080957a51ad69e5e18070bc9e9b6ece5421d72e3e28b628	108e9186e8c5677a166f15111625f1fbb5e5bb18b27a2f56e296c917a0179082c8823aeb64ded899	3047460151	1790913645
653	notbefore.net/log	Jgy+Szab7s7Ee6fcLdQZnn0gdvFc3eSeDVz/WsvXk7E=	cc9e840699a34f080254a4e455077e8d5989748e4545979a6e3d755dede414c9	108e9186e8c5677a35173ad7673e68374837bb239563bdddc215cc561a8d2d056c7d9af5fbfca812	3047467541	1790913704
654	notbefore.net/log	r6ahCSo1tnOeFHR8L76B3E8P2zCdACFcv14OkwMIBOE=	b06dce64c708fc661f0b09319c3a020e75ad12dc8cf6b1a339cc3aff64d8520f	108e9186e8c5677acf026dbfa84295644baba610202289afbc216766849638ac17728dba63634883	3048240481	1790917243
655	notbefore.net/log	t7yQCq2MVEKXPdxUOG5YslsIq+Uwqgv/EwIhof8myQg=	e9916813ab5b83ebecd440718253a739e7b6332f633b76eee61c5ed6ae54d2b3	108e9186e8c5677a754df87a83d432682f05d0706ed919bf1de4246fe10985b25d2a2ecd9e6b5750	3048254742	1790917302
656	notbefore.net/log	PD3QPlvZuiGX32YvlKxqXf64JBrIvxnNjYsKwDLyOg4=	4af94247656312caed045af9ad0bc78b11ec22dee3c88d72ad69a268d85b3be6	108e9186e8c5677a916dc26b0d9d9b6166007bae0cd73311332832b24e171ab353bb7847b2856e68	3049104105	1790920843
657	notbefore.net/log	TCc1S35swBWxsPBpGYO70wCcphy/mXD/60RqVZPA7GE=	5bace67542de66dc18bb644549c9d157ebfdb45bd4862c8dfe5c112e0f0871e2	108e9186e8c5677a14b7ac9386234b508dce3961773a4119866b3162624680e2af59daacb8859df6	3049121442	1790920905
658	notbefore.net/log	4WfR9o1coOlLsuTzooV8s5e+G0iu0G13ckSmRRLpARo=	f301d436fa77b08d11d2a21d284df19af19a0c3d0bd3e33a1d4c9af54af3c271	108e9186e8c5677a4a7437eadf6c1db23e793ac9a0c4e89649b4057ce48ec9ef736b828f47a8c5cb	3050072810	1790924440
659	notbefore.net/log	s6RggjFJyeNd8GwkW8CGX6JRMelVGbKEiQyi5QY/yGM=	fdf41708042feaaf689f73a75fba09bbe36fc6f52c0fe806cd4c50edfc2d718c	108e9186e8c5677a80b81eea9a3084223ab98db1068432905481e9a5f6616ed5b0ab4ab3434eacc3	3050091428	1790924506
660	notbefore.net/log	SO6ITXj7qoKiK2RIoii3ktZjnZjnzpY7ufS9qC1P8mo=	3d4e176b836e87dfe471e3662d29dba922474c837e7792527e6a0e0bcfc11871	108e9186e8c5677acf399ca1b4f1d834081fe34a9e8e4c7cac6d8562ac7c575cf7205f7d4e299646	3051041729	1790928038
661	notbefore.net/log	pxc4iry6eXHNDGyAka6RaqdGcTDylXsXc+Az1CMuRJc=	698a50c5c1eb972b1595b208ff7a926b9589f6f743c62ce6156aa071b3ab5f65	108e9186e8c5677a2ce8984545065228b5fe29b1f4b5a1812fbc006bf7e13a170cacbc48f93eb836	3051056299	1790928101
662	notbefore.net/log	1KTo894sBeYkrjG8/owNUtCAhFrY3Qh9cgjzcWvJy4Q=	a6853db1a75a11207a3d73839500098a066de7dbdb47d0896d77b91974736610	108e9186e8c5677ad0c0cfb6b1ea7c49750aceb4126c917d90d55b07e283433ee0cb2c4c0cd2eeb9	3051962419	1790931640
663	notbefore.net/log	zmux9NW6qbbgyNKSEVBdtzRDb0TJS5VdT7E+63Cxf0A=	2ed3374d4bcfe41cf03aec93d0dfdd06f39cb98aa10a51a4f98b3baf1d661beb	108e9186e8c5677a0f71db9fcdce21e7c4b1f2054dfe34dbcaf267d227da1b77ffb11fd1710b8924	3051980597	1790931703
664	notbefore.net/log	Y+Q7n0XMBoTukDThG5Bik+2sE2uZHzD11ZdC0eZuB18=	531e7e7606d49211bc2a412e7baec0075a858780c888497eddae6c2d9a9e751d	108e9186e8c5677a6dc90fb0547704359440ab9d7967aa31daf4ab9f0ff2ca5c0b6398b064e3b59c	3052856014	1790935254
665	notbefore.net/log	A9KOAJS5oRXibqGLLVLjOQ0WgtzYouRd1X+kPRdTVAI=	b9bdda8299e965af695790d77bfe6ed97394c6aed17b6a4324fcc19b3d49f3cf	108e9186e8c5677a066dfaba3a50d92c4546f3ce9331f4635dd2329b96ea805d860c32525f82ac9b	3052865950	1790935303
666	notbefore.net/log	zl/IE/rOks/CCd2OxJgBo4F1EPuV7saTi98PIC482dM=	d7ed7f9f423fd633df9bf13e5c35a180f51a8b5e0aacaf7b2f2356b79faca4dc	108e9186e8c5677a60434f15f9ebac469e6f0f19cb79614e029b50234e5a2da77ea6fd3d19fc536e	3053762357	1790938845
667	notbefore.net/log	lkgx0SakM4psmXZa/6uobKm2tp0rArdu3gt5YK4eI1Q=	ec39d9e5bbef547ecc1a170bc2edc6b5ecea5ce98cad76ffdf8103475d3f2735	108e9186e8c5677a2149b513cde78bccbe7463fe8108bfb9484406e53fb52eec1928b01601b03800	3053778796	1790938907
668	notbefore.net/log	vDU68ldw3R1PETTtdzslbH4Cx/q+fVWlCBelh15VTr0=	856a9c2758d61c35d812e184bac0d82d63345435b160c6dde3704c9c3d7bd3b7	108e9186e8c5677a26cf3d4df8b0249104e49a9c45b03b813b0fc5c9f039273234e02086af288754	3054708892	1790942449
669	notbefore.net/log	OGG/eelHe6XORiocqbtP1BbtYeth1IgQoXzA3CCiyh4=	1b2eca3c80e56733b704f00756a457af2a25906df84027cded4df068f94fd19a	108e9186e8c5677abd922926992ddc192811d59161c0cae3815a06729f3c919e7f0492b2759ac712	3054726144	1790942512
670	notbefore.net/log	C6ktk+cLNSOPTSk/ENMyTptTykTExyysF9V6VdoLU6s=	c8750ae26543d90219984a911c8cee79475ee950a456206b628fa86af5deb291	108e9186e8c5677a00fa13150808a66feb10caa60a4d2a65e985f6bd2fdcb2eb434358846d0b51e9	3055614164	1790946039
671	notbefore.net/log	JB1VkggtxEY4T3esnZxniyTLdajC3OqD+j0F2Afp3wo=	077e71d0ebe47964ec65798d55b5750ade0905f1f59e7d3e96ba708baa52ddd1	108e9186e8c5677a8592205225adde0604a6235a55b49cd1d8d233ea8a6ac26449a3217acb018fc7	3055629748	1790946100
672	notbefore.net/log	UIRIcFWy6CoMfC9o9ZMMhlogu+6t8tpcvjfQy/E1VZQ=	aeb70fcb10ecd165c49016103bc49bf63a2f9d07609f7b4d36d5a9ac881db3b2	108e9186e8c5677aeeb8df438dda442ab54df6ffcdb7d1573666dd00d95a7ebe1d839538e570a159	3056522116	1790949648
673	notbefore.net/log	JSZazcu30TQJPRAXlmbls/UQr76j3ViOmZoDmoSyWIs=	3adad10beeb7b171bbd70c7ceaa7e43af56d8f04d917a760f7cc2e83e77dc7c1	108e9186e8c5677a583b655094fd1a52842be0320c471685bd61335a54e568c44e90f4205c79318b	3056535167	1790949703
674	notbefore.net/log	mkel1zoNHJG1Jhw4yEt2gerJnUVt9oL0Xp+AvI+POAw=	90dac8189c77bfef9dba4add6e1526554fd3f44a00166857cef730dde3f9fa9e	108e9186e8c5677ac69351d51ca3df40d7a28155f8d5241093a2750b5642b78d6328ec8cca410736	3057326521	1790953241
675	notbefore.net/log	dcNKq1eYrPS2TUKE1MzRTuuwm5+25I1yWK7gyrSlvQ0=	c45de89a5b0a0c91ea2c74e33aeb398d1f8b4f468f4c65184ed99030579a9682	108e9186e8c5677a9990a750243a2bf0742121d2041168b5ad0c887fff5f1fd2984ed4b7887d98a5	3057340641	1790953304
676	notbefore.net/log	2eB+PMa/JvIiHtAB4cCheybqERS0x4cea9rWINV0ODs=	a51f015ca2b8d2e5936993b0bb40805b60cc8811b4f388d7358142b8f0dabdf2	108e9186e8c5677a8ffbaf8d09d9822e1d3fc7d45918bf6c46f32dbdafae5f28ba5797526ef48455	3058211314	1790956842
677	notbefore.net/log	/i5HKPlYhzoFkFBzfD+y3hqCz0r+yItIY8ig7x5D544=	b8fea2c9bbf071447b982956d812d7d99095eb40cef0d2ad36f949d510f73269	108e9186e8c5677a30f2ced01c9aab15d497428bf0a8b96bf4d42f43b479f1ecc68835b78d1aa83a	3058230043	1790956907
678	notbefore.net/log	caQjneE/dbiImBEAIvNFhT8XzkGD5LUVZnYdLqlTzs4=	3d3c6f2f5679819bd68aa9a34445ce0c80b4451b945e2d3029f5c3eb49b80648	108e9186e8c5677a01f9652272af0190b67c2a84cc5dfde655861d38d21d4cf8f90e5e1216e5c583	3059076145	1790960447
679	notbefore.net/log	sVF5hC/4G/wP8GDEO8D+Nh3uT4ahECnRDLi2w2aQq9k=	634ecfcf4e90a6a969b302471fa27b7ac25136910937bcf7e1ee9e1685c31ddf	108e9186e8c5677a3c0c7eae23018259bbbf8ea57ccbb04b0f69c5e0d2d85c190519fe8684c3f271	3059083342	1790960511
680	notbefore.net/log	g8IbnoQ0ZKMS8/7boxEAWUmoe8UJ6qukhfj8FlGjGJk=	e24276278708b4df900375484e59dd0cee11c30851b5f91bce47a367fc9aec51	108e9186e8c5677aa300ca84d2d8a36e993e2c7ff3e43d88b78ea01c52da1ae485b77ad5ae983721	3059575646	1790964050
681	notbefore.net/log	X693nvi69mBS+1B1rbDAqU+3fde7R7S9MZm7iyG2NCA=	591a575311da031dc2098e242eb7c5a8712d27326bb101dc32d44b7398f43a41	108e9186e8c5677aad02f9fbe5cf438b20aa69c4eb7c06daa14fe95b7e98f293970f6ce04611f53d	3059579477	1790964109
682	notbefore.net/log	Yp1AQfE3qHyDcAl+upI0U4kgN6T4DUstA/hfMfSwfio=	ae0628ed0481dfeb12aad1e1b1d5c70a379bea6694afb5c4e442e4fd638e8435	108e9186e8c5677a57d454579753fbeb009a184072d1598c0d480c6e47bc39d824b0e250c88582c6	3060350374	1790967651
683	notbefore.net/log	1akd80BJ6Zw1CY6oCArKHP0qavcEqiutJPeNdnNymWk=	ba38e969c24bd5e164b3efac9b43eb4bac87ea5ed2ec8decda7ad9dd88c60229	108e9186e8c5677af99e55e9f3fa032b01fa6f26be51a871cf0310bd9fb5d7894d2185d912537e4a	3060366249	1790967706
684	notbefore.net/log	fZict5pp+F3DiAMaWsDqiZCkimSlS1gBrilGDIT4oY8=	e2d97052a1fc2ee7ad6cc668a0accf262ea2fd7857ceefc76dbab83cac7de804	108e9186e8c5677acf1f55de24b6d41639627b574d13783476561ab625ea0d186b5718cb082d78a6	3061181821	1790971250
685	notbefore.net/log	dezMrX53gqbXf5QK3KLHFsJwkKXY8pO6eRhousQHpYs=	070a89e51adf2a939f01ef64e71adfd267e102b75de04bcccad5867e8b828660	108e9186e8c5677affc71a0a1b002d3ac3d1f13ffcb286ad11a8a7bee6c2ca359f276c43f5badd15	3061197672	1790971304
686	notbefore.net/log	kvX0lsHWIPhU6wLjGgtQ/tQpL9wJSkVVM0nKm1fPk4w=	d8eabb6d0c98ac858e2cc35a49278e33ceaef4bb4301ac295c66a20499cd188a	108e9186e8c5677a687ef47951df2f3fda36fe322a11b5e55ddb5351432670954b3a8f55ccf91354	3062013101	1790974844
687	notbefore.net/log	nR8M1gqPZMslNWxgpyYfMPuHl57cEDRcC3/oXURi3s0=	6a161a95994667d97ba6c5bf8a76cf3defbdce545b15b170caabf4a0787c1d30	108e9186e8c5677a8f6adfa7387d2a89c592568ed4b951f8c38b9e1bc67033bc2173050f6be4fbf2	3062030341	1790974910
688	notbefore.net/log	2pzitXSl4KEt8gznruDMlnBk1GHhSurdVkBSN5GQO0I=	557a8d8b2a8bbbdc13c7984953646596a4a74867f2d1f9f3f96d5fbade30a389	108e9186e8c5677ae9acd74bcc8466579c62ca0d8ffc79cc3e2482548a43faa98908d06cd62d985c	3062754662	1790978441
689	notbefore.net/log	4kQRrJSqVYhGYLbaGS20p0HJv3ldvpvVbB8sHIC4y2A=	36bff437612e2865f44f316256bb213e2d0c28cfee051aa54b1a3c39844b1918	108e9186e8c5677aef4964e27655ce87c4882d5bcaa628c8b3c2ebcb94d95613d8f0f1e5fd3d6a43	3062762424	1790978523
690	notbefore.net/log	WZ57IrLIGAyO1eei/w1X4ifoRR82QmXFLIZVClogVlE=	7379945e44c0cf4e960887e79ec8a637f9061d84e7757c9b87e2ebaf1d85a5b6	108e9186e8c5677a1eef9042db6833f4c5668220fd0e576cd6fe9336c066e20fd26de20d50c13e22	3063677009	1790982043
691	notbefore.net/log	eL8KyyWRWRUXxHdULTwiz/dOs6KIvT5Gx0IkiqUJKxo=	97a2560b2e29b07a730242cff0c7161ce595dd90cac359b2ab5312141ee9a08c	108e9186e8c5677a541dd6654bc3e317175c8055d07da1743fbdb5165f0ce2febc6dd34a8c237a23	3063700430	1790982119
692	notbefore.net/log	2pc0sp4BoetUYcgpbdyzN9Ww3mZVEiR+Jpcy1kSmAns=	85dcd5abd2e335c4a51d2413076aa338322864695fe85541503ddd318a3ba2de	108e9186e8c5677aa1aa7ab16054e93e31a425a261a9ca22abffc1fb7322b58bdf60acffb5da5784	3064621364	1790985643
693	notbefore.net/log	bv0L5x7cnUsfMbyNRXXGd4FYGGlz3jeU42nSfGxTU4o=	5ecf95005781652cc831285dbef979a326bbd5aab1b8257f6c7ad67bca6204c7	108e9186e8c5677ad0ac28e152bb04250e326b187ea6337fd56ee3374c0e86b86af90988bc99a0ac	3064640296	1790985727
694	notbefore.net/log	K33Tgn5KEUhEbGMdULbiH00KE2qXJPaO2HqIzR92HuI=	3cd526392c9d37076c81c453f2e238b038086479e4116d81c4d124443f7b9768	108e9186e8c5677ac793d5469cedde51c0b902739697a0ad88000d67232ab401141979ffc5a3f95b	3065501876	1790989240
695	notbefore.net/log	oWtH/z9nlVnZfmglQ1FkSYtLyU2fB6AEvhBiOISBmHk=	104c209a425e5a151dfed619604595e9f97c4b8403000efa487a58279a3aa759	108e9186e8c5677a341e266edadfb4f6834c40d5d4333889474e6a2b5f3d4993a795b9ad2ad8cf64	3065533856	1790989364
696	notbefore.net/log	SVoLXeDfIjLPkU7zcNTPL9o7YUJRZF19jI4V1TY3eFo=	a0878fb895ea2f18af0c44dc4ce625d7039e9b5bde26b563fca408e4d78cbe6c	108e9186e8c5677a50850e7a98b94ce8b226b8841a26e7c6341d75c0aaa0d7f9870912a8b79e5e35	3066291380	1790992839
697	notbefore.net/log	um/otqZZJbtGPtZ9A6IqZKCZWxFPDWEiLGH62Nsaxps=	8da71928bb84234afd8c1b9bdddfd3cc6e80d4af4bd7e509e90acb6e1fedaf52	108e9186e8c5677aa49090291b11efc20373b86022f8d90377b0df635fb9a6bf2d541457248d0b2d	3066318733	1790992933
698	notbefore.net/log	1ZQwpeGL5h5X2O5RNoStHm8icrK/xvzwFJvtGKenMwU=	f997eca2dca4b668f5830e94ee24107c8eefb196bc76f1817a57661b918e3c43	108e9186e8c5677a7291cf37c3e44a4245d050eb064ac91d92cb72c7a87024471f212542deda6c9b	3067288313	1790996439
699	notbefore.net/log	DdQTaClEmEhnlNk0n69+1iKez+K2xJg1X1NbBiXD+XU=	ab8a2263b97368b2aeb3e3706aa65a0bf8cb5d667c34cacade7e693df058cfe0	108e9186e8c5677a6b660e811f80bd3eaa7f02376a0945f5caa0085a4d50ebc337a049ef63af371d	3067314335	1790996526
700	notbefore.net/log	jwD3rJpiIM8m10AZvXSaZkukuhRj8EMnh7P0VskwsfU=	6d55773564dbfd2938c114057ca442918efec104c0dc4647916121ffe8462165	108e9186e8c5677a17a39c6ae19b9f680675067d5e300d069783ef00ed8b3a0d5cb1c549d8f1d037	3068217853	1791000078
701	notbefore.net/log	T6mtmSE5NiOlUBKp2ghunNvanRPByvRR/aZ2EjEJpmo=	fc5f09728f9310adeb498e1d92fce43c20422a007e0466ebf9782b700ef5103a	108e9186e8c5677a0a81782dbfb836c4de325d795365f244946a04a451ace9a3e5d04ed0e2c411bc	3068224893	1791000106
702	notbefore.net/log	dhsLApvrpYTPXTCIfJ4SxOM7faRajntcBJQ8YC9ZuXY=	367e5726029367c246245668f2b5d3211bbe5f0e4fd7593fca49e3f7d3b10d00	108e9186e8c5677a73d8a5a032beaded3feaf001ff24f541f2c6ff88b9ddf2c9687e6dcf5dd85c2a	3069111215	1791003643
703	notbefore.net/log	AhWVl+iDS2RJF3Q4VaMigaMfDsVf7BIf+kPsC6pY8Aw=	54a3888fff63c0ccfa961099a8ea502b47a14dc22d583f2475fc032da948917b	108e9186e8c5677a92907aea767ee6048c0475305553f06a5729274fdc8ba3e1b9622cc644f6a259	3069128890	1791003709
704	notbefore.net/log	+opgJ4F0w68caLMRsUur4w66DRozgWMfhg4oVryRjR0=	4b3537239b6aaa2065ca750f5fd4d832bcab0f1942ad20e8eee3c17544b76c47	108e9186e8c5677a1e8ed7dcd801d2d6d6120b61a5bcc38b8d6bbef50b34996f19e9bcea8a16b74a	3070037327	1791007245
705	notbefore.net/log	e4a/MpTl+jvIjW/LpxWBvhwzwQ7PWujOr4W++7/0grA=	423a8509bce24a896c6b6066244de98bafddb3af6bb969389cc09813269b632a	108e9186e8c5677a0a2d26370a44c6da76ce8b38b937a0588dc887376c35a6e8a3b76d4b179fecf7	3070055202	1791007324
706	notbefore.net/log	Jdf/bmE/DF+IouOojc6o6hlwua2BSr+4GjYch8fgJSk=	be34611010fac6dec4b9df2d86a8813afd2ac2bd52a478b616bd45c142eb4c41	108e9186e8c5677a06ae8a22a697c5d2bef7d0a9ed851f1c49c0b9b90aa84d0500aab159acc48111	3070875955	1791010845
707	notbefore.net/log	ZTiwCHpkItz3eUKVp4Fw/VAE5oKrzhuqN5M1U0xMw8Y=	9cd591c67ded6eb9d75b05a039306e614992419a551492983620d32002e19cff	108e9186e8c5677a9b8bc005df9f9379d0d9ce773ce20c4cf7f64377aa3060c82c6d4b04e8c314fa	3070893344	1791010909
708	notbefore.net/log	NnOs2IHm3n28i5csCz7lEnH6pLdO3ezECEVVKY1P8lQ=	d17b5c18945af051536164f7db8f33a54892c508044f4e3e01372fad21bf3796	108e9186e8c5677aa73877b6e7afffc25549bb08fc5eb817335e8d844e1854ebea10167f4da591fd	3071745757	1791014441
709	notbefore.net/log	0gIaH2iy4nxS7MRNm4rlBvsUdp5LCb7RFEif4R/ZD2o=	60fba7fc24ce35e6dff227886bbcec3193b19614275aa217ecbfd26d351a934c	108e9186e8c5677a91baa1f5687198c5c41309fb510a17c65435499fef1832b08ca300d738701b38	3071756714	1791014503
710	notbefore.net/log	jcOoe2E9VAMK1JCta6jSGcRZ+zYOMClK38iZOZCSWYg=	cb3007eec6cf10b4bca99ec21c50f163da6ac0624d8d13e674c69679ec66cba2	108e9186e8c5677aec7ae46d836c81a9caf4b3f803adedb0925b8e9c09616c34059b360919952043	3072513253	1791018044
711	notbefore.net/log	ewdOJLAxqTWkn4ApEsU6DP39yPCA2/mSVxFTuvBt5Tg=	eca546570530f5de6b85f9707e1a4cb73367a960e0a93df0000225fcce231636	108e9186e8c5677a970f1f8f0af51026ff387c7589543a09dc454d2ff7724b018ed1779ce3ec4277	3072527769	1791018105
712	notbefore.net/log	6ujbFPRPxmvsHXCEHjHyTbwIsRvvNDPOP3cvPTcJIYY=	934cc01e16bd29a5698b2b5b1e883a3a65cacc97a38208972eda44f7e10c5bef	108e9186e8c5677aa5866b507c744c00a9ccefd1e42bce27bdba7bf44f00f3a6f50287ad46098362	3073265385	1791021640
713	notbefore.net/log	RoVfb+mQAfr+I5I8DJVVcWw7EXlAxgZCn0qxB56oz80=	6a686a957090704fc7d87acc04d9d2d5913345936f6feb0992d4d9234d9779ae	108e9186e8c5677a1c0d4645c0207031f625145c507c8447b947b495f5251ffa87c7645541d58e29	3073282910	1791021703
714	notbefore.net/log	YpD/M/nNwl7C/7D8QbBEh9UqMVpvNFDQhTkSJ7JRWZA=	dc91b7a875505df13babe5f0b0f15984cf2458e465cb746fd5e5720d97d1c42f	108e9186e8c5677a87406d0f67bf537821dcbfe23f608e1451a4a1bedeaab2a17f7dc81065a50db8	3073739641	1791025244
715	notbefore.net/log	0LZqAPrgyNq/8UJTVOaaxDbXySQAAEI5Sg4q0jcaKJs=	efcc2b60e27bfa35f571de35f37659bd86f2c61cfa79736803ed0cde8ff0e2d0	108e9186e8c5677a87eda2aaa0091090b862cd31a5ac9495204764d8257b88a0648dab824dd2391b	3073754183	1791025304
716	notbefore.net/log	m9ARguGZjurulLLZ60Hcp1M8ocwEQ3ZEOHL1OpGP7a0=	b15c5340af443996c07ea5ca1c9985198c5d80fc00eca45572f08d63ddf75353	108e9186e8c5677a6acb03474ade59183eea368e2e8f8ee7d927e5972d64057a768e66513283c263	3074650225	1791028842
717	notbefore.net/log	UKUilp0SKRqX/b+FIjM5whzwjHg+/FCTg1O1vH7dQq4=	af5cb710bf0686271862e06789cbb1c3c119d94bc22c20818c9c1237ab4b8501	108e9186e8c5677a5dd47f2010e85607924d1ee1e15a55bf6cfbdff1545cac03b50e631c56f7b712	3074667959	1791028910
718	notbefore.net/log	vkn/7UdMmsu7STSx0b9B6sLMlPhUFcE8G6DjDJl3pR4=	be0c9894eb867d6904a202e182d9e13676379d61eb0e38a1acca013bcfa70510	108e9186e8c5677a7671aa66b701e8afac445baf28d5c72d0196a40c5742773138ccdab91fce3427	3074845591	1791032441
719	notbefore.net/log	9aQ3hzPtbg4M1apSYlrEt6riS4k92s4yjQCGNdNYSr4=	beeb7a2f5585ae6ba61ff7d16699698309ccc8e6604dde79243e26391cf839b3	108e9186e8c5677a00e67fb92befa0760c2696370cb13957af34ee1cf300237045f4574ecd2777e9	3074846976	1791032509
720	notbefore.net/log	QUioB2I+uKIaVX3WFSMQ+BKiHmdIVUgjc02qESimAAk=	9bb7eea777d2d52fdb245f63071fe77d64c1bb475c6db9e0a148807e0b15eca2	108e9186e8c5677aa1badd37bbf90fc93c1fbeca49aa3c9f391df96df9c3d989f43217566dd89cbc	3074940924	1791036046
721	notbefore.net/log	rewfA9Oh/BMOVrCWQgwe0gKfm86hTxEiCybbQUg8e44=	94daa2fb11e4ed91886c49f837d5d0955e477f91c8c6210e625f530d78d53d8e	108e9186e8c5677a27fb7ef84793972439f1da66836171fd2f6e336ded35fc73ae16a9efdbfae7aa	3074942312	1791036107
722	notbefore.net/log	3kW6qz171Vic2d3Qdnty0CbHzbWRMeBPHRSyGMzTTtg=	ceed64082e6e43734aede810caee0e29c9e13563c213099d025c8c2de079bc4b	108e9186e8c5677a59d0e8fe69b6e530445f8bc94ce901d8e4cfa842ca0792d5d061223be9f03c5f	3075027694	1791039642
723	notbefore.net/log	KuUaICe8yS0NzHVDs+1ZyvQzuk+37twf43Dsldvirv4=	c6024acc08cc573a8321bd601a854a669547ff73a5a4782050a98dbcdf2b3206	108e9186e8c5677a7746fe48679860fee84414120668c3d5cc42b0e166feafb2c1bb577c35a1c113	3075032531	1791039718
724	notbefore.net/log	0gGIB0Rv216RzWwOD4gbnXVBFGTC51v1ow0f3GLmOAw=	3a1d28cf99c4370d7ba3a6e20ad664a311e562e64d13f72402fe63c4dafe5a72	108e9186e8c5677a46bc9be532a554516f6ffca894084e0f279a7a6dd14edf2b9a36ecfc978d44d1	3075089312	1791043247
725	notbefore.net/log	20iti0iYrIvSFyurDiSdQpVXtKJeFa9JteQsWYGuBG8=	0c76f88d16c5792c72fecf628bb192c1bac2d1c106e802451a00a85ecd21821a	108e9186e8c5677ad5bcad44467a2f323b54aad88974a42680863332f3ce56b772be89b74965516d	3075089840	1791043307
726	notbefore.net/log	l0kDtPRVbv2SliedEP4TWwBMNAqlX/JbF3fReQczhVw=	de081acfc75104a7afc3d6aa2896def3e3274e7bef9739bb60b1c007a560fa9e	108e9186e8c5677ab5157a9b82bb79f220133025fa66f3d60cf88c691faa0584b0310578d83d4a14	3075163367	1791046850
727	notbefore.net/log	LEqR+m1PjoCjV5qdRaIJr0Fr9xwi0d95hRXyZa2kGi4=	d737bd3529d5f83b455162901bc4f1638c6e9a8af058102ece882406a875413e	108e9186e8c5677a4f0000dc438f5b956b5effca88432142c199900e44731da0f9f4af1f13af4095	3075180063	1791046909
728	notbefore.net/log	UEqzzNiYEdx8orJvK3idgzaY9qNgiBdcjXfOr6orJDA=	86c0df01315a7e8eb2c831cf1b09fff1e4985c1f3a6e6a1322bc10eabd5006af	108e9186e8c5677aa5bcccd795150f249f8df9f86deb972951ae92829f3381957fa7425f996ef145	3075445482	1791050444
729	notbefore.net/log	nkO+H9gyI0iJV0w/zMI1hD7VHXo+zwds1b32oHB5yEo=	823e880001f9e7aabc3d91c7bf9b5c0dd38ddbbd7a438d190d085a3ea9a2a5de	108e9186e8c5677adf5b56e84886c8d4f8ff66e79234bf79a4a32d9b4983b075c18d74881a163cd5	3075446350	1791050528
730	notbefore.net/log	BpxZi8cGknuP9E8KKcZxmy+JOjOPSXlZblUWVAJNQQg=	214dc0afe5d8bbb55077d68b161ae8f2f85d9b3288c93d1f05a606712a863fd0	108e9186e8c5677aa06d32d67eb9275ae44763d07c3ff31dcae3d61f5acaf2f6819560fead2d90d7	3075515805	1791054042
731	notbefore.net/log	XA/zaFSC/RZtpJNWjiBaQQPd/8RTHh1jzTYASq/cfEo=	1ea9455bf980aede9c27fb9961e3418cc16af30549249ba45fc162b50e3524f8	108e9186e8c5677a2c3ce1815e1123c838c44a2e7a90edd1da764c3d26eedd386ebb5be5ab49519c	3075518184	1791054108
732	notbefore.net/log	3E5nQxFGPssCohG13Tb9aOyoUhx+VpoASSoEUh5OajI=	2f019b753d17850d736155650f177165e0ce02f283af004e94c57cbb2b138efb	108e9186e8c5677a974ddcc406bb1719ff1c1b14d42452b07da5e56dac4f5951fd9ef69be9699184	3075579346	1791057658
733	notbefore.net/log	AGhQVQNCzxk8qjMr+OwRjos6szIJpN3Y19p2OqSMSFw=	27d9332dc34ada8e062bf1945e0e57d2a062be2e3d5d1d6609d823233462f9cf	108e9186e8c5677a53ffa2340df8c85478383f0b20dc46e7183ee02f131d69fe7d6690c3848625f5	3075580438	1791057711
734	notbefore.net/log	gNn1DSnXURxox9aqdrzg3xI4Xo9D856t6QNLuAIGQzM=	3e952bc975ecf869b73f738397089e87ea053773d4615c74d4788b7e4e5c6625	108e9186e8c5677a77622089f85ad89e0aa95fb8f8a38db0339938ac826ee5663ffeee3df000b5e2	3075632535	1791061256
735	notbefore.net/log	lWNq15wD++8s4NEDKlA8KzV/Aqq3vKyBAGaxFC3jg1w=	3cb49c14e3bc9ebb873cff3d2145debd2b6faccc1ada5ce2825e58d9d7a52e5b	108e9186e8c5677a00207d663daf0565e5fd742f7f24a1f2e3a6f40810b930b000fa6af8b767949f	3075633252	1791061306
736	notbefore.net/log	gvlLjB3IEHNd6e/KO/vdt0zGMjOaXrWsWNOsYXyidxA=	a02dbb2a322e59c308f043b3dc82cef03abd6f7b08b0a4e734b296cece7c606f	108e9186e8c5677a9bce4411c9628fb0e7526180ae4acea472e0701952a344e003dde96c644d06e2	3075689792	1791064842
737	notbefore.net/log	ISC/ql3dM7+r3MLRhUwG9XZ+SIEyYgaRF1pTY/1WW9s=	91469b969e39921345e4151f9bcb9fd0cbff37f714ec10b1a3deb55c5c3a1ded	108e9186e8c5677a96b827fc06fb51622365f3a8a966b49513c638e3b1b9345e25b3e2db5229de27	3075690307	1791064904
738	notbefore.net/log	4BrW533z/9SgDA4zB1VL3fUAQ5c6fUzsb5bXZz3PiXQ=	7104e2edb9a202cc670bb1c44ea4c5e578ad09841e96fc845b0f18ba701c0742	108e9186e8c5677aedd581acc3fb762b76b5637656f3cbbdda7a5891fddfa054bb20571d799db10a	3075747222	1791068440
739	notbefore.net/log	yOLqWmmRNm7utLPn3863cY48ru3zy1S95yJ6aiA/J2Q=	4b61c26ad1fb865641435745faff8e713944b0f9ab6fa4714b114d351482a49d	108e9186e8c5677ad68ee29a516bbca389cfa4db8ad6c6f8337368cabbcc85dc67b1254085e6179b	3075747856	1791068505
740	notbefore.net/log	EpdHGIdfx6xCpbWcAvNFuLTFS9iN57UnBl53v3CZNVM=	048812483ab0dac46c1167955dd08217bde150f7cfad7a1693ab179d2c57598a	108e9186e8c5677a08d6ffb8797bb60a8a6d7a1e642329890aa57474a20edde3897b0a8528cafcbd	3075817634	1791072045
741	notbefore.net/log	bnoZ15lrdEG58knyud2B6hR6ksPnkfba5FGeSd61Emg=	b669bbdb079d4d1879dbdb1909cdc671ae96713920fd2ea16d9ead8dd74d5285	108e9186e8c5677aa0d57a551b016814308942169a9530ce6aa4cea66c0200b01c69d1bc26cb100f	3075818256	1791072100
742	notbefore.net/log	9FrhLh3HjuE+hhTqFOiUaoBe2Xq/CLodRKn9Uy1pqvs=	639b454280c57da9f117f09098dcd65856b314a0eb8f405b2ae3230d283c946f	108e9186e8c5677a6792a7897cb2c085b568669a4893ffe7f423770bfc6d8ae632a61be6b49ea5da	3076085757	1791075648
743	notbefore.net/log	o6wjF8etwVBvAzWPJmHJTtfTntIrAKpcVjbaBFTn8y0=	37e070bfa273af41f81663e552bdee8358eef88a750f157e36504d0301d15ae7	108e9186e8c5677a0d8155ddae9915a6ca7880e84eb897314921f69cccf39a935e780bc1f55b2af1	3076086654	1791075706
744	notbefore.net/log	PNeq43zYu0AuKyW1uY7J3Hw/N0mcNWxWGF35ysxt2Fo=	39dc9181d5627b91f7ab926084fc1bbafa8561d713a7270ce4f98162171c0a9f	108e9186e8c5677a6fab4f72e6e5fd8e5fe57f8a3c9b856b59f91e619396718392c65994b0793046	3076156923	1791079244
745	notbefore.net/log	6WET7U/hU4EVJsFrG+MnhVyM5m4hbC9yF6mG5O+Og8s=	936ff9b0156d1a32e9e3d5d5aa155aced3dc2eb87bf9a98f90825f5a2244529a	108e9186e8c5677aa6118b3418a3f3213cafddcb0658e3fe307dd3c491303bc187b6b3b7dc286422	3076157690	1791079313
746	notbefore.net/log	n8XlOnqdm5qh0OdDeclHVOMyLx8T6dIoAWdOOrJcC84=	5d540366d82f148b2c13bef3ac901ce25b357d1c17b09b20ec0cc6af0dc7703b	108e9186e8c5677a6ffb421596b3cb446f7dfb50d154dcfe4de2ea32de19b5090694dd0e0876d724	3076287299	1791082844
747	notbefore.net/log	aHXofLbLFXWUo/UrLjLA9QD/uEjtF1lKIQTytkun8yA=	b6c2971bfaa553bc083103c5622a3ea6aa501e65bce7d315dbd30dea990eddc0	108e9186e8c5677aebbc79b03c419054bc1e5775aa5df527579a32c60319668b8ef25f1f2451be81	3076289421	1791082906
748	notbefore.net/log	6dd3gH0LAVQS/l5oi6LvQRQ6kgGYhHODFxm90+PXnbo=	509f22333cc41906181fd2dfadaa6ec2cd9f70b93a9d040f0f0aae48a24abc61	108e9186e8c5677a00e4768d127b3f718ad12ff81897c8445794732e79da5180c79210f90a355ae5	3076336473	1791086443
749	notbefore.net/log	JAei+KcV/Jsxsq+fuQO7P3wD45gn9H1SXiod3Ollas4=	5cf4031efa7a76c05d5d36ad6fb949ce38129b75ff03d8628a5612cc8ac6f589	108e9186e8c5677a751b9f5d1bd66a98d9a6d1b909c4384abb28c607f2e2e679d940c45ae4fccc78	3076337163	1791086502
750	notbefore.net/log	qcmBzBWWpWSRHS/pLDaI628ev60ISA5HOs44rYkI3RQ=	acd55dd13aecfdd9666f254c169056dba97379c843f3643bd3fa44afdf0ca4fb	108e9186e8c5677a805cb1745a7e1b255d9b4492b9208d101a4bad1ce7f33af11c10f532b3554cb0	3076390906	1791090042
751	notbefore.net/log	AF+JDf+cWzoSAqNaZhINmHYGTSRWgDoYgoTLsXYFdM8=	4de853b443b11cce96bb925a1ab5ae2a835126eea0636fa3da5099d00a2ee38c	108e9186e8c5677a222befff51f10075d32bb0c37a541f84a65beb9f1706cf16daeac0143510dac7	3076392219	1791090103
752	notbefore.net/log	7Ap+4GGptXtW6iGBkTux4HoJWD8gyKiErQoqjCiFxf4=	ba89849bbf17295d8bc81fd266a0e4144ca1eb73ec6ec0187896989e37e42a89	108e9186e8c5677ad3fe4953311e6d4d12256083d9f08e11ac02b1b1c4be193268b5e44f7b1c70d5	3076452411	1791093643
753	notbefore.net/log	9xQyYZqHuSqn71/EBL7iptApx7ySYf8K8BcPuN8fmsI=	c0e27665dea3698371f1256d7ba643a3988f1fb66acfb48d3f5997e931699429	108e9186e8c5677a3dc14a35ff059a74c40ed7cf2c23bb748b1ca26ea9f523c06cd8b58b08174045	3076453261	1791093706
754	notbefore.net/log	VPzG+2/FSI3DiK2zMsp1FJCBWtkYgvLVtYxx7vHk274=	93485a798df6ced2db2732822c725c69525f5a5350adfdaf70f47f445a59e2eb	108e9186e8c5677ae3067ab0107b8e9cf4f846925063b81465266ced63036aa4165e50d160fbc588	3076559441	1791097247
755	notbefore.net/log	IxCdD0gdEbiH2R88rDvDoIh9I0CgYccRzGEpcbzDkhg=	c06862224c969a7886bb9e3d7328de3478e93f3d60b78d18ebd803c58d787fa5	108e9186e8c5677aae631141e34f2de4413014e148d2250dd9c13537fa7c6c65c1eb31e82ff16fc4	3076565705	1791097303
756	notbefore.net/log	G3tsm655Vk6ZKakg1Ei5/pOYS4AWo9eiFIUSzRcja9c=	2b2f52e43eed23d075f915e1c4e75ea757328a15cd1d4343b1920a4268ea83c1	108e9186e8c5677aa46279a6fd0507a0280c4860cd7f01155ce8cc1a5023d7f30e9e6c8c46ca37fc	3076955360	1791100843
757	notbefore.net/log	kPduksby7Bwhjv7yRkGBsC2JqwSnrvDm/yWfIEsSzkQ=	ec5c409297bc157c9e30bf0e0097cf0bafa58cbd21e6b707a5484ed25a9134dc	108e9186e8c5677a3c56521bab99522f66de96adb42d7e079edf70567973619ff875f485d548b72b	3076970093	1791100906
758	notbefore.net/log	9lZhDgbdEOycb/2uKmg2a+Oam/g0H0uM/yuZemEtwEU=	7f4f42556fb220df18a3c1968f5253b8eb9878dae4f4edf32296b91e623f4d37	108e9186e8c5677a2590ad1eda9dff77406351447e76f0569e7e75e8bbb12d8ccfeac653394bd2a5	3077353509	1791104445
759	notbefore.net/log	EMQpBxfPvermXBJ9O7WNxQrgJx9/9rtnSLFb7+VzhZg=	df95d38c4bad166e6f89212af82a4c32d4f5df7d628675f340015aac719fe2bf	108e9186e8c5677a934f2423a3541289a3401445f4767470b8f742ec0c7c83e6bdfd10b7d586cde0	3077355591	1791104501
760	notbefore.net/log	Rl2Rour3pVjPXNCBwU6gj+r8Ynnmlvru0ES1mzA9r1s=	6fa8ed91afd6858b858d216f2fcbc4809181b4845f7564177a630507d10f9ca5	108e9186e8c5677ad3c6dd33ece7f61170c05735cb0ac80a9213605909ecaf8f59d64d838d54ffa9	3077468321	1791108042
761	notbefore.net/log	3LX1Nv5vHIFkpCW+lQkKg9mNzZir9+QT6E8LwLSGHrU=	cf5ae73b0975a14100ee1fcc0ed1be4c59f88b62ecf98d54138946c86f6cd8f2	108e9186e8c5677a06ec6a3f498adb8d62092a1714804be9dc4e2e67a97b90a6df0d853d8dfcadca	3077474145	1791108124
762	notbefore.net/log	CLRS99LZ3KyBcl2/UylHJOzHaN7OdIiMZSDEvwQrnjU=	e4829659fe1bee91312724f94d609439328ebfddc0e4b3e3531432838d0a4f09	108e9186e8c5677a106881c81058c31fb6696e640a59df1391b73187ea2c6a5bd3fa275e020ab1c8	3077573300	1791111646
763	notbefore.net/log	kf8m2fGLrURXckMSWi3I6K8My7ieGs4DSSnlLRYZ0LY=	03b4e23e3d674b59d411b6bd311280eb951623ad0cd8351325192ae26b7dc6e1	108e9186e8c5677a590ad64683c3652f384ccbf7bc68b7b82dbfead67e34578e00bd903a174c48a7	3077575475	1791111704
764	notbefore.net/log	TZkJNeX3QORoccpQX4PO8HngMEPdh+aZmRbcW7MqE3w=	a5dfd20e164766c59f7fa7de5a9ace52e3bcab66ccc83763ba90aaa582874b6d	108e9186e8c5677adf51cef07e7253250bcdc8dad5563f665e288b6364d988b3374cd69ee24bffd5	3077631578	1791115241
765	notbefore.net/log	NCBvIyyny0ZCOdulHi/QChsuGCp3Z8wmtBkA5vENPz0=	6c7b9f8e9a5945514f8d83bc2b87a5962a97222a2a990712b43bd3b4b92c9eaf	108e9186e8c5677a8b50589719011b515e363461186f76e3f65e4a6ddab222645c15e5b2880514d6	3077632115	1791115300
766	notbefore.net/log	aob2FtGWb6EZmPSZUisaH35Xfc78oarVzDecnfiOkG4=	8895e5fde4e3257d1395c53793294e92e6a80968ac6b2a77aa2c4c397290d7aa	108e9186e8c5677a0c701e5f08a3e4a563675d46cb58a4240eb0c179a381ba9c530d4b2a22b6dfc9	3077739287	1791118840
767	notbefore.net/log	uHQDvey9q6FWzZHRya5ohhrAFi8NNfiOootzy04uE+8=	658b78b855dc06d0645498ba7f33c46a9887f6dc3400fabf02ba2f500bdffe02	108e9186e8c5677a77544bad79d5608c41e7d9d70f741bc02298411699028f0b250191a0be0e2a81	3077740048	1791118906
768	notbefore.net/log	K5QHSzIIcxoyCaYcQrTVFMdUJm/UKV6+DuypW46+bQg=	7cc10627aafaa0a5760dc1c096c75e99c73774fdc3e3820272cbfe60964fd7b4	108e9186e8c5677a53d1827f3fd58bf843971d6b2bc9f0ae61154cb218efa4d5d45d972c7e7b2a7a	3077848905	1791122439
769	notbefore.net/log	lX5aU5YaIHgHl+1qSULE1jkhLIC0EPOAfanPr/hxkig=	3b30811d1d1eabea453b292ce491f5a728c7faef9c4ae87e1534e9070bd76fbe	108e9186e8c5677ae14e2ff9edd002510c78e01620bf73f0ac623d00a79aad2623f5fb5c68461318	3077850244	1791122502
770	notbefore.net/log	JDv9IAc9ig+Xj+wKLiVb99p99+CPA51MS/fV1RqDACY=	c3fb30c205d0eb2c11223bae868cb352464bfab5196577b99882d0ef52d33413	108e9186e8c5677a3ac137a82cd51afa1d6de18d47009f9bf8595fafd0467a095719c2af00b3e612	3077894260	1791126044
771	notbefore.net/log	i8dHbAy7hopX0b+1kR36YeUOzqcK9cYX/VnA1EeRw3U=	3af800a5e014fab5f1f911605e66c9ca2886037d5fc719bbcf576dbc7be50f99	108e9186e8c5677a6ce4ca142147650801e2e48f2ab851ca0d24338133ac1a8e533a1e2b8f45e20e	3077894984	1791126122
772	notbefore.net/log	xjmE0mTFu48GZQjhn21K8uKWYVPQOQKAfa9xRAsn/Zc=	c83d75d6877a02d42c82e819f7af215b77ea2c5b0da4304f44720e7aeee11e4a	108e9186e8c5677a81756e66c892958a7ffd1ff01da159298863acd9cb9936174e52a0738fecd2e5	3077969075	1791129644
773	notbefore.net/log	baSB9UJDYP3kvyC24CBu0/JNbUWEOnAKaHxeQEoVsa8=	d526ad6f12053064d72dae4d771aa99c85e7e243a6432ee107fe9f1d75d1ada6	108e9186e8c5677a9201bab934158a3d60798d1c35527507d39180db259300f43d73954bf9f4e52d	3077969815	1791129712
774	notbefore.net/log	3HpPKrdL+hF/3gkBg9hlTqPL8kXY7WAkfCCHFCByqNk=	538150bdc8591538778945d7cdc76ac509e80f82791fad6220999e068bccd3d9	108e9186e8c5677a2299098828dce1cf8d0d411bec49d695962715ad181a63f0abfb42792a4d3560	3078109791	1791133239
775	notbefore.net/log	muszNA6Fph667JtwsHC+rmjmbOfXsMP0MFna30eQlHQ=	5eb80ea26b9a9b308babda29f2aa51be6f3f554cd802f194569c55b96a6caeb6	108e9186e8c5677a87198ca60d0df4c538b3d413ead9fa6aa80d58b635150151f946be40ce1aeecb	3078111083	1791133306
776	notbefore.net/log	FGnPbPyr0j/MG8ajF9QMZH7xbKnDj27tx+hjkoCkjFM=	be0f302201052c08093a1fdc8d60b1edb02174bbc62479b9f58f6be6974eeb2c	108e9186e8c5677ab1ece5e64dd56fa02bd8f40e788c4b427067ce9d2a37d09cbe0eec36f1366083	3078160201	1791136837
777	notbefore.net/log	ertxJUdKorMQq5YEPUtxPinhJEx2WVRJJdob1JvUL68=	ad310fa1d74257786ff48bcb656a0a73939590bb93f7d74a0c0d5106cb8468ca	108e9186e8c5677a279f5a8227d584508d8b2ece4e060dc6c35b29e9fb0d57740de29bc90cbe428f	3078161162	1791136904
778	notbefore.net/log	PIC/1ny7q1wnznVnr5Pjgp7yLEuhqHOtJu+AAeSl2Bs=	d590365de947c6752f07ee9f7cddb25ac7eb727a4652792b0f2545c559ef494b	108e9186e8c5677a29f1200807692b31943cf81e7c89cc60620f8208c175265d83ed31550f973685	3078422012	1791140438
779	notbefore.net/log	YcX5zdDdxgnKJ62nK9mLfDxgbI2EG1wPJPweQZO+bI0=	1dd87f93d1f94ce5d7746e2fbce6f27f95942797eec0183b1bb99454e34cedc7	108e9186e8c5677a418c538910b346848eaa5e2b3b7126502f7689123bb90c93477310777c8d64f0	3078422657	1791140507
780	notbefore.net/log	3Gxzgz05YKDGYRyF9X0Worlt+u+fFHCiGGQmMVbpa6g=	12d93a6e1ed7517c3cc8ee697324a34e3c770c4c29cb0d12f6517762dd286980	108e9186e8c5677a5cfbb0a7167f1ed5232a00cfc24a500924e9511174d88162a09c593bce28f03d	3078482920	1791144043
781	notbefore.net/log	ZuxOrHkgIe3UUSxJEyXCCdoGnA+HPh7qczTNbxQ73DI=	8c5614caab4d592a681dcb284c4b4a570b0791e1642549fa48899096f42c20c2	108e9186e8c5677a16905606067d6c2b4ed805e3275b4864e1ebf2ccb0e20177a8317e1a188defb9	3078483749	1791144113
782	notbefore.net/log	FPzv0+99qJxYYX/W6vcWLffWXbGDnOM/yRQ5oUX7IuU=	aff0ec7e3b6f9fc2c62306adb53bd471811ba883075613c95be1eb1b80bb87de	108e9186e8c5677a39804a66e340cba7807c6121635581b1712e233d5dc21d05bb2a17949ba47f9b	3078549393	1791147639
783	notbefore.net/log	JVt+HBcEb6DwDI6zsoVKRX3i2fEUBKi2mfpPd2lMtaA=	f2226ed45f2eac84262c5cf644488e60151ccdeed4c2862a407816b13358c1c4	108e9186e8c5677aca219382df5d05ca4a30bde3a71ad45b5e6bcbbcd5e2c812d17222fae203f2d8	3078550205	1791147708
784	notbefore.net/log	gf2EzX3XGF5R7PykbWfWJQvVTQJN+DgifryCZ8EEWjo=	44c0991593f6ab5e32f5609bd84465d50768768435c92d75050952e2a9dee660	108e9186e8c5677a4bc61e0bc5eaa84c5375deff5307620ee4930567096374106fc208d06b1f0180	3078619444	1791151246
785	notbefore.net/log	tLqTHeR9JINPsmWDxeznS5VSf7dbJ17lkcEKFnolkjY=	45345cf133c0f1cf6c4aefe634a878b4210153ab1b767c4a91ccbaed5bf498bd	108e9186e8c5677a9b9a05e70417528341ca386ba0d6cf1bcfb8a7ae682e5eef32a403572d73eb89	3078621563	1791151301
786	notbefore.net/log	Jo5okPo2U0uL8Z2glh5a2hvWp4aZ3SoXjZAV1DePKVU=	42d458a090be6f39ebd5695024ebb7b786d032e569a840a747972e0b7f279929	108e9186e8c5677a8d8828919736a69fbd827c5fa7b74e69f37475cf09ea659de627e092e7558554	3078701395	1791154845
787	notbefore.net/log	uXFV/flMryIZsnb8hYU6RPSCquLaEF4fqJ1BHkYbMz8=	2c80779c1a429d76baf34249d492741df04eb8aef94a258fc09df163311a57c4	108e9186e8c5677a78a071e68b42bd1b3b2473bfd4db7f9071242c4cfa5c8b19f9ae4d5fa8a09237	3078706165	1791154907
788	notbefore.net/log	3lPrBHJfLq+zpjijzkzu0w2LAeefdhEcNM1bw9Q/12I=	8117c00bf226ba0c4cb1dde8e2e7c9e663e384dd6c7a1246cb34bf8d3239840b	108e9186e8c5677a196da4050f9d8bee973cbc9a445710eb16ebec79054eb620a2faa043c5ec5cc7	3079043021	1791158444
789	notbefore.net/log	Y9haycr1RGLpc/eLe8OHFtrhBPoRUQdfaVbWsH/909s=	26e15d12f9f180a4e2327c8c4b7608ef61e0b2a548174e230d6118785b1b7588	108e9186e8c5677a81098c690e6cdec92584b52551090231b538be3bc442b156692bd6dabd560d6b	3079050694	1791158508
790	notbefore.net/log	tARPvUx5Q0NCD2Eew6ehGVfeIsGICJpFgQXk4iaAF6g=	46014936654b37461817cacdc1c837d4517a1c56272b61a531a9fc3630cae526	108e9186e8c5677a12ce1d25c379e32c7b6a9c0339f00bac7563b332b36dbdf71c26727e0f8653a2	3079687644	1791162041
791	notbefore.net/log	24J0E8qufeSQ8TSZBmb5k2SMPGutF2bei9zgnv6tyJA=	10c125f8db0dd850ce819c209f381d12ca36eb1e65e725d4b88f3f8a4045c40b	108e9186e8c5677aeec836b6fc5565fc3f56c5673dddc4b5a9c36e580f9557707a1d8a2d31b1e7fd	3079690654	1791162102
792	notbefore.net/log	yzNZwB9qZbck11R6nH7DNCDiwAdm4PFZpLZqiYZ2DOQ=	9beef6d779d3d6fc59a8a49598891cae99a0764c4896f6df7aff0468a5a40bcf	108e9186e8c5677af27657464a422f238e6d07ca9baee5d09937c5cdea2df106f3f00329992f6b5c	3080351589	1791165640
793	notbefore.net/log	ozNMqGqGxIv4fw7ggmYqQRHHxPmaBU44vCd8+9fdDtg=	1bfc19d69f55ea447e7411392a70a4a684f4ac710cc3589138921f87aefe224b	108e9186e8c5677aacb51690e28d8824b8981e621d48500743a8173ef25ab8bee2b8177577b384bb	3080363841	1791165708
794	notbefore.net/log	TJwmd4b3M5gqcM3FEsublAC4iL3vye/FZLi4l+Z9fA4=	fde7059ae783ddab314b6db7febe2f309e8d43c0bb436c71869d2389b5477903	108e9186e8c5677add6de3644067ab708d7f3a27a9b4bbeadf018f15dfdaac3ecc2c55ec9d36fb18	3080823180	1791169241
795	notbefore.net/log	6hmHzd3CEwJm8/eil/VgBU/BUV19vIYY00qGaILDLoI=	2e8b6f20b14c4e39946dbeb1c368af7c54b05112b81e9dea86edcf89c461a4b4	108e9186e8c5677aee63635b85e92e84f6ac88964ab99b611070beea1f0d989d60124da7445375ee	3080832312	1791169307
796	notbefore.net/log	+gyow5YkqTq+Rgwm0md9I61AQ99BJHA/PlxHI81u9JU=	81f82d50b2695940918d3b0e5692424243ef0ade48047e6eac81391f078ab135	108e9186e8c5677aa8e5024436b510fafaf651779681d14cff64b09786ec21605f53e25a44d37945	3081487662	1791172842
797	notbefore.net/log	mwHuhDjr607ANXquRFuXvvyWDnvcUKTL3VWPPfssmtI=	eca7ea332057f01e16b195a9bf152d3dbcf13b2c309edb330bc8b229b2fe632c	108e9186e8c5677a344609abd541ef311c1c2d9addcf52ad4304ffa6568ee90a1abe790886094ed4	3081503736	1791172903
798	notbefore.net/log	+605XjcTp52XWi0XtWs+iHMoih2QsNyBQOSVuUXml/M=	58e8091b4ec562ee3522a4593f5f20a77b8bfdb746bb25d01f8f0e0616df19f5	108e9186e8c5677acdd2daf14aa5885ebf099585c68ccb0e65041862f57780294f29dd6f2602a81f	3082299798	1791176444
799	notbefore.net/log	N3RIuOl4QFXRdPc5uxEMmlQeVkhZ72cePY0X1HTFbsc=	37fea94353f72bad71f73c7a34781e321cf6a6d693727b02ea8922bf5cdde51e	108e9186e8c5677a876c6852f3bd5f28f02337c8cf5b3b569d0dfcd0cc9b6905b44021aae01bdc9b	3082317334	1791176502
800	notbefore.net/log	fSWF9VpztJtY8C/EGMFTIUMKthBagPtRnrZ0AjKdKQg=	9a05d642883a4f1ffc88d478a463878765d893b71c67cba6ffc815e1335d8671	108e9186e8c5677a2f4a6eaf65cdb58637f12db383e8982c6b2c0a5b8ed5ff8df825f056d182f772	3083207765	1791180042
801	notbefore.net/log	UYFpoZF6lbLov1AApIL/oisKIPzs+/kaoR7gYrzXGC4=	c3c7c8f5b1e20683dfe0a8347916433f81e94c851ec0f9ee1c25c8eb1f9f7c8a	108e9186e8c5677a9c63179933c8fecbfd270a59485ba40ca2a5b26e9990e44e2d8b5381b9a52d03	3083224669	1791180109
802	notbefore.net/log	fQca1Ks9mh7dIk9MXVULdtGgCHt1LxdqZAi6Nji4EIM=	9d2671c6cd0314379ddf12b67e323311f2855aee381c350b82d3ab5be0ce65cc	108e9186e8c5677ae8a21dcc9917806311f63365ed87c42e65d4c5452d505052778bc402884e68c1	3084003254	1791183640
803	notbefore.net/log	Uc6MVWNdwT9jLe5/ZWl+MwtybX5Pf8uUTYKb1YdSmKs=	8d74a50693791890d9eef6422817a60ae40c3d7738ecda7acf33adc8975987d8	108e9186e8c5677a7928bd4b369413d96a3555a83dcf8a6d095398b07487973ade7c016ff49835e9	3084012718	1791183703
804	notbefore.net/log	38oGVsbuPZOhiBOJ1+UR9eHFCG4bOLL4zASFKV527bM=	86bbfa3ce712e49fdc4496ab4c4e5bc13d48d58325db02421e827025ff872257	108e9186e8c5677a93db22b65b0b1b6348b09a48f11b2f9af34fe349c2eaaaa87ffefaaefed539c5	3084492240	1791187258
805	notbefore.net/log	yrniSVFprQoDC5pcL25hPJxXkL/9mmufq4wEKYecAu8=	6f1b28fb256f936d7666938dd5a208de25dc9f5ea9895683e95a5ff73f80b738	108e9186e8c5677ae329a14b9c4023cd98b927a9d3b6faaad183b2067afc195f06b0735d5d1f0b8d	3084502273	1791187305
806	notbefore.net/log	89QaxaAxsEMpqfX90MXooAoFLZ9Rfn/cka+IzflMNsY=	3dc6e2e2004b554173fe70f0cbe78854aac6f1a0ec7e0d9b95d7f1fc2e9844a9	108e9186e8c5677aad5cb8f0473b148d2aafd2617daf94b861c797506276c0a16ea39c16fc973a0f	3085086917	1791190840
807	notbefore.net/log	fsriHc0QMWUtQf4CnTyjPk10qLIdU142hV+RGGhY1J8=	06f02e7eea7b2406e911a73c48debf48ad428f0551c3afb5b1591abbd75c4575	108e9186e8c5677a194f8dc5107dc673ad1809dac1335d227911fee545b885399a15dbc4e443d514	3085096413	1791190904
808	notbefore.net/log	yaqMq1zLKwcsrM8XUgYj6cHvt2EQv09zkiyt7DN4XPM=	6cf2014df9387f5d95a89e1990087049ce4199eb8a9aec8b5f06b371a98358f1	108e9186e8c5677a2335f2efc1032bbf4daae8b95b749d321a5ad8323ef13063791069fca0e6e290	3085880897	1791194440
809	notbefore.net/log	0RczuxM3Ih+jaGhqXVTzqkZfCeHWDK7ZpaioxHtMjUE=	6e6edf9e9f22f812d4060727eb07251c6409821b3a3d434f9762e48498b411ca	108e9186e8c5677af8cbb813554bb8cd7adbeadc5c990120994f714b7359daf37e49547866e990b3	3085899658	1791194508
810	notbefore.net/log	q9gIFh+jxUzJjD26hzpq00zZARx1vgyVYN+O1p+PFqY=	2143ef7281c81ed935f8fcc51f07b1d5ddb5e75f0fadcf1609086ed1117e8d1f	108e9186e8c5677a177eb3bdf77878862eab9b4d1ff2f623b4ffde25ad7e3ba946d9d2c1836ef1d5	3086773982	1791198041
811	notbefore.net/log	tX7YTC+ZrRXVqpaR521e8V+w3yfB0ItcxlRAN94ETZg=	19d3a0ee63e39a2803d69713349a89348058cac9af42c1f135cfdc5368b2be1e	108e9186e8c5677a093b7409f3af0adfcacd09a7e5712cafd0a851ae149496f4f1d0ff3e5c0294ba	3086796788	1791198136
812	notbefore.net/log	MLVOuImcpIsTtevJQ6soeP6k3hKK7Ay6i3e2SpypshU=	bcacc7a4858adcaf56e5f783327ca7a05235b509e2aedb31c6723e051404a761	108e9186e8c5677a7b7b30a1377ef76a28e72bff7bb21c4e708b342569595a5f9199ea68931337b5	3087601427	1791201639
813	notbefore.net/log	pT4tScj5865o9bhRmkOl/qZrGok1jt0yt871McB+aQ8=	da669ae895443c534703cb3e4edd3ea28a80960f890cac5c77573b1dd058ad98	108e9186e8c5677a32a339645c9bd22233189e6b1500fddfd09f9cce9e72110155c4ccc5eea6f182	3087618831	1791201702
814	notbefore.net/log	ewgICXVt/zfU1ZhhEcPYom+Zh/8/Kn/wuz83tO3BYkI=	aea76fd2ec67c15f8e7ad9df6727b4274aa00d2adc1a05aebdf7a496cebd61df	108e9186e8c5677a10ed459095291dc17452010cdf2b9ef9e6ebde82c77776644e26285ca01aa7e6	3088267152	1791205241
815	notbefore.net/log	0oRXY0iFnYmDwO7bPVKn4psJDZmh4Tkc+Ja7TdGcTIo=	21c25d1318bd2be4cf8a29df683d22458b0cbc0d0ee52411bae983d1f7738fba	108e9186e8c5677aa5310ea775dcbebec8d41f895819d07449e3b8f53a6ab30d058838c3e2f11c4b	3088285329	1791205306
816	notbefore.net/log	MRlu9tRvv5mZ+mT2SaAujmGmFkDAbFvPePI0vuW4ky0=	5b1bc2e4a05242ae6010c7b949fc08a5c5d9266d6c5f6956e6c224696f74c0f5	108e9186e8c5677a5eaada5a8facfddd363a74890c58f365ada01ebb92a73d014d6343668bb97a8d	3089151882	1791208840
817	notbefore.net/log	WhOLCpgTplZaUlBgtbJp90nhri8hbqTXNkrsjS9gdcI=	dce5038b2ddcee6ee20ed8a6a48918e53d700051aed8e7884009651ebee9363f	108e9186e8c5677a4ddc826e91e1ee6a4fa935c599a13a0420019431c0a24bad2309d9394150a970	3089164120	1791208903
818	notbefore.net/log	/svPSjtQs7Px0x6G3l73zkmzy6ZBj5LoN3mDNTHXjp0=	a8480c0652c999e9b7c97b5f7b2db6aa4bbd591eef1b418e5099e872c6745c1f	108e9186e8c5677a4c43812c07b51d9328ef2e9b05f67673d47ac458e88252fb89c0f9b0f8360242	3089961283	1791212442
0	notbefore.net/decisions	47DEQpj8HBSa+/TImW+5JCeuQeRkm5NMpJWZG3hSuFU=	1042e232d601306178ec96158ae2a6e2d2b6fc94c0f83a85235cdb9b194aaad5	108e9186e8c5677a08a05789629763394d2aa78135d48285e97da0fbdb056f7c7fae0f3719aefe2c	2812220807	1789255879
4	notbefore.net/decisions	7/dL/bPZeIZRMSrpC5UCdA39F+ONILHuQaIYephfP2Y=	638e9a941c040838a84ce951481c6ef0d87ec29fcea94540e4b1e08857c69896	108e9186e8c5677a77260a67958b03162ca09bedde9e1a9d47086dc092842d09621d0a9e5375c671	2812659020	1789258108
7	notbefore.net/decisions	wt1Tps5b/hHqDlc+M1aR1jgaPgRp08/PnvhjUn6V2SQ=	9ba1e2487580574980806dd6e15b485c62270b5e8f8e854ca2925b2b7adfe0cf	108e9186e8c5677af3b58bb5ffa1c4347037a7daf53beb83abfff05bb1b41b6f64fb3e2f74d6e1e2	2812984003	1789260640
10	notbefore.net/decisions	QgW6UfeCGT2cXKdZ0KhncXZ4g9t4hUZaOrRhjopqeo4=	d4374903c969b281e8eb73a0cb643b84708ee8c10b94f48ae64a1f918d8ee94f	108e9186e8c5677a74d094492b8537b45faed86e628b6c97c0709dc374b5a253023ceb6c37ab4396	2813797505	1789271443
