seq	type	pulse_hash	statement_sha256	rekor_uuid	rekor_logIndex	rekor_integratedTime	ots_status	bitcoin_block
1	legacy	31f2ff09899f5f60b9c9e5e6990ddd2202380709fb43e89c67dbceeb9510925b	99cb3a26b6246d7cef0d514ba267379f3fd48d9641767964a1a4c96624cbfd7d	108e9186e8c5677aaa12b3ea729fe02bb2649a0b4e809261740625879e4206b67104f4f42162e292	2807702373	1789217148	complete	966681
2	legacy	8a4ebf6741ab46cc04e562bf51d35346dfd9afbf9f2a444e3ae13f79f5ab2ebb	0c18a40c3ff0ae8a82e00591981e0e9a84da465b20b3ee701c9203a319954d4f	108e9186e8c5677a9bd466a00b47761a80cc65a0ea8528ed0cd9b5da9ae6bb23a5f45df64c0f6644	2807702742	1789217151	complete	966681
3	legacy	899712d2f74099b97bd9f663661a5024c15e43d6c0e865446965900077304808	3bde068b0d3354bb6b105bfbeba98b881ff2c17c36578648a44609f29fe8e767	108e9186e8c5677a7987177f0c66b1d7ffeeaa657ac8067e4f8ecb0a298164251a3d9db9bd7f3f9e	2807703133	1789217153	complete	966681
4	legacy	060892b2fd3c8f25b5b9895db3f0561c6a153bfed22044590c3cae55f7a9321e	d2b765261390fe4d6a70e06f6ba8f47e8f995031490f6473be36326d9ce9ec96	108e9186e8c5677a044bb0b2aaf5d96070607168bcdc8106d7c1fda84043efd708c17caf8d538dc3	2807703560	1789217156	complete	966681
5	legacy	c5bc745e90a16a1805d1abcec21eb22c08497e7ebf6943d68e2452231935be17	88ddf0c06431e85d8155489ecf109973835becae41c1fa290acef22825f7a675	108e9186e8c5677adc08b70582586ec764c348b0a0cc34a6d1895fd93ec44820209740610e57a741	2807703915	1789217159	complete	966681
6	legacy	80f04448f308b7ed524d25909f123e9db8fdbfc80622f6aef56c7642905ea8bf	fc94c903556b4ae2606ae9d82b8951abd0bb57650221e690d0c31b2fa6d45b1a	108e9186e8c5677af7e534789dac7332d4efd06fbcefc18a51a18a1507b8265c80ad3003aaa9032b	2807704323	1789217162	complete	966681
7	legacy	3ce54a25f059255a6a82027bb578dc528a569cc8752d18ebac3921b9dae806d4	41350e8ce09fea5c3cd827312bd4ec7cf89b73281a71c1c0f58b18d0bd84bbe6	108e9186e8c5677a5c694c340712e8c2230666e7fe42e8766b889c0531f7330a2ec3ac9063d1932b	2807704701	1789217164	complete	966681
8	legacy	8ca1448ecb1ba8b1ce6e17ff83499cf3ae41c1ae7111ccdfc7cbf61ce3f278e1	1d34259b0ea929a6c08e5d1a8c0c0362308614d38656df9c2810f5bd2ca02a92	108e9186e8c5677ab22d8a6a700479bd6a7e76f757e45a76c4326a28519ca1dba01b96ddb971ff7c	2807705085	1789217167	complete	966681
9	legacy	74eaf3b5e7239cf0861b96f3fbce8b03c14f375b35fd09c3a156dba38b13b201	11e2a40cdf16541ce6faae62b2d9bd72e1ab074c2cd77db172c1721249abb55b	108e9186e8c5677a6fac38a2552b54c1e706eec40c9157998e4c67a1fce6ff5f141df78ae8a54ca3	2807705463	1789217170	complete	966681
10	commit	65c573f07fa9d016b2481e32d7a0e85f49d3fd7367b7f9312cee72789e42763b	c640a5bbdc0106e87abbd08ca6732788facee7dd22826d81daadb7357bff939e	108e9186e8c5677a3e0b0db2451aeaaa0a80333f8259ecf095121a5e86e20b18e94f25f03983b7b8	2807705865	1789217173	complete	966681
11	reveal	2add45b13460926e8db007a3e1938203dff20bd37c5d4452e166ac586f18fe8f	5b5d1281709226deee7f5bd486b5b3608d7cf85bb7200a3130c83030bfb3b7cb	108e9186e8c5677aaaec9fd101af07ec5e88b27b3ae8aac8a8bcf094e1feb21f05ce3f29c9cd635a	2807706267	1789217176	complete	966681
12	commit	c5f21d1284ba45874d405264d321af5f72ce64be5a539886c35fc8df8555b29d	aed5c6303dd05a16f43b5348662f1eec0601e3d36c8aba85f914c643bd407596	108e9186e8c5677a0a36459efd5f61fc03c13cfe03b2e5b98ec25814f42107c08505d3fbdd275791	2807706697	1789217179	complete	966681
13	reveal	10d9501c2f56df8ef651e25bb8fbc825160974870d6013e20976a4a64c8375ed	b40d2654c8214fcfb71abf42235e991d576ad2356f0726cb2467e8d1c19dab78	108e9186e8c5677a01d7aa7050361d8bad37c6fc5e7f27c4e9039e7aa3846b9dd000bc8f18074f19	2807707180	1789217182	complete	966681
14	commit	b653f09041a6b09897d3783df996f691d2be7b73e1ec7ffe5a4daff16341bb7c	c854a350a42ecaeb35c03b9afa1b83420dc12dd876246dd592a6c1f250b1dd89	108e9186e8c5677aaf8af64d48a50a82632398caed6675c5d6c8e2b70b1b284587e1c9bb1e304536	2807707648	1789217185	complete	966681
15	reveal	ef3f9f12afce9c5b0bd708b5f1afd23885af6b699dad05ebee4a550b7d8fdab1	32b3721ec884fd37ad193b380ea6cb426ab991cffa41c3fae84245063e9b35bb	108e9186e8c5677ab802bf925219912d60ecf65ea9fb8fade9e06cc21e93dc227ceb9c3d39267e66	2807708224	1789217188	complete	966681
16	commit	f7f34d8ab15c2193b9c994c1b715aa1fbd45bc982998c3882d1d5b2dc04add0d	d4700fe5b6151df81fa775d37ceb38b0bd0c6be2ebeeeaa9b79b62b6fdd0d3ce	108e9186e8c5677a02f6c88e18962bde0591df06ae653588472e9730c1421184c05a3eb1d8b7f00c	2807708794	1789217191	complete	966681
17	reveal	023ac4a5ba203e018065636d3e028b39edc98de26b0130ab8f97d351d5624cbf	8e9c909804c6713bfa7bd64207f3ab932f78af464e4c0ad6bd1b2c4ab71a3ab7	108e9186e8c5677a86c0f6b02cbb48ff78797f95185bcba1cabfa21812a3d0db0b98d4ab79abdd42	2807709337	1789217194	complete	966681
18	commit	96ded53a60f2eab5c280615309a0e4990b6c6543fa3ea4b2ed5d81a4ea37ee82	63607f5df7ee1a2910c8aa2297f7f56b894904fddcc7f4371260aa16189bd52e	108e9186e8c5677a4cea24111710c542b8e70b834876f87d1e80f9dc1b4f8e0d4b068b1817226b91	2807709773	1789217198	complete	966681
19	reveal	b53bdfce33c9f4ffd07b659bc6c3cb6a4e67aae0f3a4d402fc47fbe8630e2e2d	c8df3181666d4a9224b99dee97b11c3c85c49e2242f8aa4dafc964f2ff819cfd	108e9186e8c5677ae6ba52dac3f42a80f5560b27d5b77e8023f6dbd22c14a2f33c4119aff577f740	2807710253	1789217201	complete	966681
20	commit	c7c796e68ba3bc8356776bf28558fcd7c14990ad3494b0c3d161c3ed603a7ffa	63378e6f67305328dcac474b3a1ffce8f034d2131d6d5e9f6370e171d8fc5ef8	108e9186e8c5677a84edac5cb7edd265e584b98a61c171329c90b7dd78cad647fc52fdfe41a005c0	2807710626	1789217204	complete	966681
21	reveal	a981f0f3e6cb8d42c107afdf796f6f35a73021da328e1a72e8da056854c6592b	fee626cedc91ebe07f8af42e5d5e0f2982aaf7adcfcb32a192696d0e8eabab3a	108e9186e8c5677a7fcea700d478dfd20ed44c990a61d907f45d8cece210f901578a232aeba24c09	2807711031	1789217206	complete	966681
22	commit	103a0263438dc857933e3e5d7f7bc089fd73dbe9050cc8f0961df832c0704c66	b68944d9f906ccbb8c558e1d843f082492622cd2e736578869d1284cfa205f14	108e9186e8c5677a8b165dc2d6558efa4162467f3c1945f08f5ec702866a2307b3dd6ac85c6fb7df	2807711530	1789217209	complete	966681
23	reveal	8e074b6dc236f24dead8ad4956618c65ebc71ef96a4671bb7d8cb3a5aed2be4d	5704c77b29ef81cf5676ff5431ad8f6faa01fa6ac3a09dfb5e1e4a76d91d4418	108e9186e8c5677ae555bace0cd86ac9ffe58e844c367396585ef3d52c0760434e17ac706ea46c7e	2807711931	1789217212	complete	966681
24	commit	f64ff7aefb233759b68b24c63c9aa8bd93705238f1f3d9ebed358b0a36fac86e	a780a79608b9114607f0733cb2ea477068d84b35cf4dfb1e13abfbf85af6bace	108e9186e8c5677a11cd1e2f9f869c872f5f7d68954046dcbf087af68f14d76dab52d8d6ec0b5f36	2807712402	1789217215	complete	966681
25	reveal	965192d5baa91c78432b082aa5d2e802133abc4659b9498da5266d8484f1bba4	fc627ace010e011e37a82ae74162035a7a6190a9127fdf2884e3870f7fee256a	108e9186e8c5677ac9386f6519c1d6809d5e023e02c6bfc7aaa2a3ba1284261b0d3d9673af4ce0e0	2807712774	1789217218	complete	966681
26	commit	1796f6ee0c4d6e78aac8bbb2f24f936a53f46d952f1d0a6de03238ba630493fc	934d47a42980301ddd1216d43a54d6156cc041ef115f52aec5fa0ce93f51ed3c	108e9186e8c5677a9a17a7522979bf52fefbcb6467a71f1c939c57564bd6a26ff98c9358f39bd48b	2807713255	1789217221	complete	966681
27	reveal	a2c40076e6691ef4b7deb42046cdc13a0ac2a2bbb977a1994bcf3b07523fd783	94703638d07f14db1095496ef20bd10c744be57cf960f449b23e06f5004811f0	108e9186e8c5677a1a84b7d30945cd645c4bdfd2d6e48d9980d21f1b86adb11123078ea69649c4b5	2807713699	1789217224	complete	966681
28	commit	123f10a5b43d97db209517c6228f695761d069c4f9b8d47dfb57ae6d0a9a568e	6bf3fb135ef9d67bdd1ff1198a4bfc87c9cd7bb591d106055e0c143f56223596	108e9186e8c5677a2f52a8c9da81136c7281aab7058ae2ec7b0eab1ab282f17344ec2274bf073815	2807714082	1789217227	complete	966681
29	reveal	d6502ae66d871a1d13e12cc58c2fd7b8397ee11a6f7fcb8978fa6993cad15e89	f692ef86707396b40ccb59a729639ffbc52052f3c0d5960252d03e37041e31e0	108e9186e8c5677a8619997e3097b4b7ac47f08a576d2f542c4bc5391146c0624d960925a8792caa	2807714439	1789217230	complete	966681
30	commit	d019d10ba6a6c5d9361749b21545190afde9cbda8c57d0313090f4dbab68c4ef	9f89d552833aa3b648e492051f00639a6bd4f0b221464a7ab37373b017562d5e	108e9186e8c5677ade1a9aed4f16847cb194284d04ee1cd71556a03f5ac40657489769715f20c272	2807714733	1789217233	complete	966681
31	reveal	5873f93759948b6523b5cf056f4aaf47408814b23401d6518b39dabad800419e	2366e85269cb7e36d6460e7c94e2027705d69deebe11c6e6eb53aeae1d8dbf2e	108e9186e8c5677a464685520718c675a703ad419a4d12d76c0329a127e0b83f617ea5a89f1e4621	2807715069	1789217236	complete	966681
32	commit	b895c17eddc8f959b75fc289117b45251b39077891c13b6e236949fa18ac1d98	6ee50291789ac20e54fe5fd1de02bd7d598baf3cf7fd84e748ecff532507a748	108e9186e8c5677aab8e506e446e366d306e2cc6afb8142f5ebe6055270c90c22651c56e86428121	2807715353	1789217238	complete	966681
33	reveal	61a464e9aa41a8b784d8b7879efe266c9a5fd4631582398701ca09fd326d8160	1b871d1aa8c4b2fe8d6fab5bfed68f8788aab33a64436a4856baf0d38cf56c09	108e9186e8c5677a7745d8ba1c4554d18f8d18265246410d1f4660e9fffb4054a7cd5c9f4efe5408	2807715738	1789217241	complete	966681
34	commit	0ce383bab3d0615553516456f5dcf727c7df0569d1cb9eec6bcfa1daf17bbf2c	75408a0287a42e0b5552d3946e1613dd8ae649da0db9496487ca79ff5e16242c	108e9186e8c5677aa69860424c10ebe8da58fad4b015a0ad98debe487181e1082e09e800172ac5da	2807716214	1789217244	complete	966681
35	reveal	9c23332cb2efba65a8f034b175c45613863c1e9db3982f38643d2390cb25d166	384a1b24aed00ca9bc02fa2cb4356eab06c612bae854cccfd112a465be1dc8b2	108e9186e8c5677a898b71369c7de638c937296a27caa784e723a0f95640d183fb7554fd1d156636	2807716666	1789217247	complete	966681
36	commit	de82ac9caf44a1eda7099e8410d2ea804f54362faaba6790e3a58fef5828c099	22c1a8014e4a01668e21a3bb7e40b24edb1e983e95bec23136fbc28be5a028f6	108e9186e8c5677a6e54f15751a437f3680c39a9a8627ca06894b2e947902626e6c3d0dc962ef5ea	2807717038	1789217250	complete	966681
37	reveal	892b03eadd628715a1841d48cb139ce61298fa13a794e4e34a0562e4115f8185	317169dd921f08b9a330d0b3bf983a60cbbd791995da063db62f987f70cb014a	108e9186e8c5677afbd8aeff96c1501a6f5081e1c4bc5d3a9890aef42c227372edfaf934def2b0b3	2807717299	1789217253	complete	966681
38	commit	6e56e33c4a213cb5880324ed40fd46c03e6340de0a7a270695a51ecb41d34cd2	80173da8cdad432e6eb91c70f7c06fce221b8044dadf7d031f3faa1832860ce5	108e9186e8c5677a9ce906483f2553ac71925d4548abf51a14f8344da633ea55b786c2e4c4285d45	2807717612	1789217257	complete	966681
39	reveal	9a77f285f498c86f017a32ea26dd18aebdd6b01e1683558e611f875796adb76c	bbed7e41f30b9a2c066bf0c94a9d372fd625419fc0c9d36daf550976fcf2b7a8	108e9186e8c5677a6486b35db60228bacaf728777ea5181a406219dc3c1204881d0aa9da04e04447	2807717947	1789217260	complete	966681
40	commit	516c3400d1a8d2f48f0f41a043cb75af6b5562e282516c21d96045adb7a72b42	45561bfbd57b4bc6a444717086365a78634099c4ad6e56dbeebb787ca8bb4e1b	108e9186e8c5677aca9d3b5c059cbaad071d521cfea81ff342f8ad31c3eff5d204b81cffb71c478e	2807718316	1789217262	complete	966681
41	reveal	40d10d1d083435e551ef7f14d75ce24452c218e6e83c6a47431753540222b5de	7f8406bb4f75610705c79d223ef63727404ede4eebb36ab4e989635e958eb9e5	108e9186e8c5677aeda1655a783bbae3d5ffb95ecd12920b06f34b07d25c839823c9552677934740	2807718704	1789217265	complete	966681
42	commit	83c4084478ce80e6fb9c000d5d315ae91fcf082caddea3452b2474e08fea1459	b4512dfc619b8ffbd8ab4a243ad7e74611b51e4af6e165e9ce6549a94a573516	108e9186e8c5677af4fcfbcffefeaa2b7d07c561066caa0e70e06609eb3d7b6f38adcd2167685ff4	2807870417	1789218201	complete	966682
43	reveal	fe29b35fdfecc57bbd521609d63c840e292491c48c7d69ef37e6d8fb706bd274	8033cbf251d1ca0462d643dc97b1213d34a49640f7a6ee2b6f2d236de597b039	108e9186e8c5677a2ca1c4c64108dcbc4573baab46083c8ad773108d574bd23927e0a1359c1fa423	2807894637	1789218510	complete	966686
44	commit	01f874250a1b3bb7a9030ecbecbc45a10b60d04ec4ac434fb3ae4a64bd53a940	ddf292caa1b25d2718d7471bd1697874c2dfaac1cdb202b406f98da2774cc8b1	108e9186e8c5677aa673500ebf00be2e15e2e083a250fdcabb16bf84847376b951cc04844057949c	2808375615	1789221769	complete	966686
45	reveal	4d2ad9ecb3adede5ac7b5db06a785f432f06f622a36d588caf1713d88ecdf154	9efd5c3fde9577ae923bef73b4fed7541dc0bd3a29e459fd7be22ddcfd433fcc	108e9186e8c5677a375b782e4d6fa3c44dcb25314107a978fc25ef51b5ccbb970e10ea7954ad6d41	2808396511	1789222106	complete	966690
46	commit	a79bac83dda26ddad49ba769aa6694bc2d29d16d864e3162a89a7c690c9bf685	d4c909dfde0900ee561e2e8cd3d7709e18a61cca2680bb28d26581a1bc5e24c4	108e9186e8c5677af2e8e019efad9fcb4ec60e315b022c8c4f168deb3549159edbb567421f5f97b1	2808902935	1789225323	complete	966690
47	reveal	e142ee26c4041ba693e31a5fc97f1bbe51ff3c30f923219ba24dcaec63ff0a59	9ec45c956f2b1bb2eff3f99784001e4f783d8e70cf0f2fa8b7ac4cb5ac8f065f	108e9186e8c5677a35262c2a5d6f5199459384a1b9f3eebd8072493ddca6f673f198a11cf12a4a28	2808914591	1789225626	complete	966690
48	commit	3532b7855a2e8fe64f4fdbc4065f1d55e3b4be7fb1f8e62fda5be1a0b3d7f7fa	c2b82079e76d6cb036f0008e8b076e59ce5f1cdc90bb043ca5237c3657383617	108e9186e8c5677a500951ff78445aba073fbf6550a62eaccb886a457fd7c05b98c91a80cfc11e0e	2809409581	1789228932	complete	966692
49	reveal	4942e10e945df246b3c2160fc65366aee02a39752191f717ba046eef66186b8f	f9e871978c74a013150fed5e13cf711c2986d0a45e5b7564d087d65462c54229	108e9186e8c5677a198b6e8ee6ed4bca8ea71190e813a8346c324d16c33e464f3aae2601de655072	2809439527	1789229342	complete	966697
50	commit	0f96fdce66830b370e0475b2a4ecc986a7bd55b30ead63c6a10ef9556cab2f24	925df8ae88e1cb824b222b9471ad394a3ef96bca774ca385b4c9c536c45751e1	108e9186e8c5677aa50d1c78147a67d5d676b32002d93081c93b32e9e686796fbdcce48f373a1431	2809850939	1789232524	complete	966697
51	reveal	488941dbfe9574acd1644bb83ad0be2405757d026ef33d7b29bc9a0e9d4475cf	42a7c88cf91839acf1c316d1660a3531825b034a78ddba2c5f337dba25528a32	108e9186e8c5677a60f71df87294817a2a889ea2af62d10f1658645ac7aab4555dd84434a02631b7	2809870858	1789232825	complete	966701
52	commit	237e90514226cd0279416fdacb3d62b3b50b27a72626ccc13f0df64f39a5e8d4	cb4faedecc1b17e48acc61fceddd83c787b724e0a4e3ddc04f6c949bd0ab34d3	108e9186e8c5677a8c402bfb20cdcb2326bd331267315c5d5f83ea57b52d82768dd4eef8e65b1516	2810322296	1789236120	complete	966703
53	reveal	4f0272b9cc10452d1df0c51aa90d74c2af3c5dc35f6ee6b33c19dcf186ab1640	878e5c0b1c40f89c5dddc40c6947d4bb203c547ab3594c89cfa0ac5412057bf8	108e9186e8c5677a1f5096143bdf9862a1a9b25756608e74f1278ab040afce797d40ef877ed6c571	2810334501	1789236426	complete	966705
54	commit	71855cddd935740ebbb5fabacf71af1df089a6fe436bdbc5bff9aafd554f41c0	dd995e12ce677392b07ffb5705b7f1da152bf01b3f38411a06769afce64faae2	108e9186e8c5677a03a8f956fd051e65477bde63643f61de79b745cb6531c273606c2ad5006bf3e4	2810663682	1789239719	complete	966709
55	reveal	8c7500a0ec92f6cced9853b60e31bd7b660343bb9272b129996d750c0da755ff	623511a83fa4fde5c0159d2f1f46dbf0b52baf4f2773f035816c46ebc3cd96d8	108e9186e8c5677a878b724374fb484cb3371f586cf0eeaf0a7f5ada20438c93da93a3baad24829b	2810677771	1789240026	complete	966712
56	commit	63b0a6647bda2d9354177754bb463888f9091002a32763f9fd7a829f1d5ae9d2	8582729767bdd554ed01d3a442f66b1d5e85fb630860a56b58105bc8a8f8aedd	108e9186e8c5677a3330348efec4aec8fcd77ef74b7dd117fd97b97a9fdc7e8d53a6c92bf5bd3f52	2810825337	1789243319	complete	966717
57	reveal	ad46ac7bbedc02848a0da4dfe4051b6664ca9b2e2db9c4e945bccbffd22e0bf5	fb90357d233bdf4d0fef1b91bb399bdb59b820def610487c2fffc19b76fe8ec5	108e9186e8c5677a2975b26e64832b9cc135573807ca7de89a06c23a736f523c099fa62c103d3750	2810848523	1789243625	complete	966717
58	commit	90a272222ac7bada5f2694aace00ada6675dcd71dfc025e0d5cc2f091362035d	cadab96173ea598162d96b68f363c33edf1b4b26ebcb298a3439569719974bc3	108e9186e8c5677a46840ff7f9453410c08932945b7d00e160c9232f2b00ed1595ad0dc7e464a541	2811237088	1789246919	complete	966721
59	reveal	47a3e966ba141302ba4ef2d74b5a2a363eeb74bc3e1051bb3cf5773bed79cd28	9e20f05cafb4eac621f63e5690b56e0e24be15d3ba4e96cd42c778be8c9184a7	108e9186e8c5677a23e1fcf83bbcbfc2624393b166bfbf4dedaebe1ae7971da414ab9e753fd4ec32	2811280796	1789247225	complete	966721
60	commit	90fd5d23629c66c236494c654f51136bd24b6341c387bb7e29fcd988de92c956	5e1793c3f020d67ba3738bf0780f6bb96149aaeaee9c6986c46d083434b1abe5	108e9186e8c5677a316f89f158fd5177c85cde1fef4620e6735d83b8c958a5dea3cd3affc84c0aae	2811646991	1789250523	complete	966725
61	reveal	9c59419d54d4624b9c720fe6e8e6beaeae7b74d295e7f6cbcd08e3a8cfc0951d	51dc6548831303ac02b98c45534c84d18fdd40ea8e1a57e931155ee90f86703d	108e9186e8c5677a3bcb6d96f3472832d318c59c84c773ef3384f76147a48f6d7cdeed2cc614f51b	2811660389	1789250829	complete	966725
62	commit	feafa3238efcc1f4617553a8257c7e3fb7ee611657239f82ab63c773b2d24e30	c353fb5586ee5cec98e8605f1a05aa107f1954d711192704ea720fb08126a148	108e9186e8c5677a09c0ba01ca6e83ffbc1d162dcfd757d2eb1193086514dab98b9c4a290ebfdd23	2812058224	1789254132	complete	966733
63	reveal	cc977d458710200206f2ed8b2b29abf3d3d0726daef1a171284bf142e4bfa15b	fc296de1aeb48ec725c05392f73ce2e093ec1e9da8eeaae622579048b449ad63	108e9186e8c5677ae960839318dfe6390f98485fb2db00922d950399516ca6fa28bc104d04ce1fc4	2812085553	1789254424	complete	966733
64	commit	2d2c99cb3f8d14f96d1590e1450f130a25d316ec08a462d9b4fd3a2df7140e36	bed8fbb0950076f3387291312133a7fb716952147e2ed14d9bb4de22b166d64f	108e9186e8c5677ac83bf422058c1f844c481a52931e064825cd925191cdc858333e9e5e430ca35b	2812632474	1789257722	complete	966739
65	reveal	384d2a9ae03e3d0d8dcae5fec32bb228a36b66daa9c98ef1d297078989e87d6b	cf9c3100a5acf06572636b219a183cbad83c34101681442c67cc80a7a39b2631	108e9186e8c5677a8e86df5aa5171df02303eb94da6e85b0fa22a645147d8cc43e1bddfea5b96c92	2812652555	1789258024	complete	966739
66	commit	bb9c8daea1143d365efe764ab5ac5d0dbcc998217eeebfbd43d3d1fcc069d0ff	b3d89e6665d468711e5f651c2474f15d69bc141e6d566b6eb4c3b515d73eb929	108e9186e8c5677ae36fc1306f03402a2e55ac877cbd1ff69ddb90de13eb0e7e01959718d169d8de	2813167507	1789261323	complete	966748
67	reveal	cb126e05774c325ea9a4d3d275ed3e42b3d2b29a8f327ffaf6ab85747f554c4a	0d9e7943a1be917d2f00fd72570e7220a9fbbd337c2bbc82f24f398bf110effa	108e9186e8c5677a48fadc9237972ed17b07566912460b32d06bfb770a805202cf1d66318af4ea1c	2813206815	1789261627	complete	966748
68	commit	e67bc7d821f8e773165471a42334de4859dee21acd6d14be3e1b63d833db713c	40726847f5c9e2fb4186b690af5c9f01b0be36f0a3e0a3f13ada1224c7ab175a	108e9186e8c5677ac605c89cd073d13934213b99e008d90861ef9fa6ac5b6ff5c126fb450f71ab90	2813487925	1789264917	complete	966756
69	reveal	284632bf08322353ba9fade00e1122339ccc3ce4b61797c2e5b168832ddada5d	20a40464b4918bb6577ed2b5c284ffbf6c834704391832b55cbd11a927345080	108e9186e8c5677aa9905248141154d5a582bee3fb87320e53228adabb068871654a42a415e06ee5	2813497456	1789265228	complete	966756
70	commit	887b8f0a40658e3fe8198376197ae1b59bad00d28499fce16d98da2d23427676	1849fc38a71336305a4b3d3a5b3d049dfa36321c70fe999c840d6ca35925af57	108e9186e8c5677ae585891e565776cec86c5ff2a64b79ce18263d86cd9a0bf5685f41b753525107	2813641140	1789268518	complete	966764
71	reveal	bcbc786d8b878cc9ab3a20735802f19a3f81028e3ae626e9198b144cb30f6d04	4b7d686a8aef5e3637cc30f1c4b08208eb274f3eb760fc6dc8bd3658273117ae	108e9186e8c5677a1cdc1126fe6df51f18b1bcd7ed512b1ee0ba8bcbfe47191f61fa90c9f2279734	2813648416	1789268825	complete	966764
72	commit	7a4627d693528aeeffe4f28ee6d026ceec56b5603c5cce869fee1940fb3e6311	2cc9d4b8c94817972d1126f64206b8e9b55986eb8ba80c7745edfa0c3d84d66a	108e9186e8c5677a2bbe87dde5c0e60e7c76e637045a9345224495a2b51b073579d536f512a7c926	2813807736	1789272117	complete	966774
73	reveal	5b2989bf06b65c6ec7958c05eb70d91aa75606726889ea47038faa927c72f25d	9f2144564854bae5a04c7ff03322ab49ccf5546c3ab0efc27e030e941febd82e	108e9186e8c5677aeb3804610db683f27bdf3ad12a50441754264da540e33a4afa875155cb3af8f6	2813836808	1789273244	complete	966774
74	commit	1cd4a98faa06a4bec3f234b11311b942250a85c072fe1f689c29ccd6c0d46cb4	7269e9ea5eae165a3be87dae01a76e03ca17db5f6832ab80eee7437819292959	108e9186e8c5677a2bcc39226a917b243535b3d3f0cc5896112a49e48bc70897669b6973bd31b7ef	2814048338	1789275718	complete	966777
75	reveal	30abc388070c27f958df37ae2eb95a2ea186811092674aa48ccde42cd736183b	838d3583e1343dcda10f4142ab9f0c9bbe8836fd52bd29eae31ec14eacf44dce	108e9186e8c5677ad812a47d69eb51285d34dde44938e489336410eedfac5168dcda025bfcfd1681	2814069084	1789276029	complete	966778
76	commit	621ca1e8dfd296146ac944205c469576ee9422bd31bab0a15b10b3b0e0294f00	89fd49b499f6eb0d41a70d6b82e11e1427b9946e0784b65f888c8697f24f11ec	108e9186e8c5677a1bc6cd4f3ecf989d4ba63da4cae12461684349024b4dd140bdbf811bcc610ebb	2814479502	1789279323	complete	966783
77	reveal	9205589be0d0061668480b5b3d6bd79b46594ba67db7f7fefa0633d9c0b45916	e2885ddcd666e08b73442bdffc40eedb9d7fb4be1468062d21d4609c39387b49	108e9186e8c5677a8f9ae8e3ff48f2e6a6fa9d89f175f3e90dea400cdc4c6aa0752478bd85ff3305	2814506362	1789279625	complete	966783
78	commit	6c5b098f3486560517ff829d0f479909346341a6d81dbfbd5bbda710cf87292a	c04b65e9bacb64d3d9d4937d94c1b60881eb0701671cf2e74c497116c8c14a77	108e9186e8c5677adb1b41682ec5e8fd04f12668c51c12ceb01aba831b74dd5fe19a8a311af5b8aa	2815022908	1789282922	complete	966790
79	reveal	bbc936f9f61d08b93a5a2af1dd497bea95e6b225682e5fb4a0297eab42c02ac0	f1fea1fbfe881915499170ba0a9dbf8dfad08f4130de0d8d3b35f55483a74a60	108e9186e8c5677a48126f7fc60d605202b7fe944f19967063ef673f520c8de4d94ce810042c2e81	2815058484	1789283225	complete	966794
80	commit	fc6f79e6af45ab666600fb1075041526123539142393ed1ebc265443fba904bf	3bac485698d9c274ab9011afe2508dccc5e74857c2ac0cc79177b3d8ac71b078	108e9186e8c5677aabacd75a1d57a659c00378f7e5e6d773800192bb64e744024c57907d66f7f191	2815489129	1789286523	complete	966794
81	reveal	02ce9c396ba37ee044ef7844ed4d8f39f795519958dba8fd0c72f613be0e5900	70e4b154f09eb055936005bcb25aac0cbe5e70e5ac056182f305773939b73857	108e9186e8c5677a3012d44b1f42bdf7e6bce5cdb9dba7bd75b30a53b905695f89801337a04cb300	2815507954	1789286825	complete	966794
82	commit	29cf00fb2513bb56e0b8f44362443dc6327333014ce009416ce2fa8624803e4a	f1826166a590d56138a3edeb354df3b2de770894b6d313f2e79c9efa182aa8f8	108e9186e8c5677aceeae427b54401376504752b64b1b8fd35b65527469a7d2dd810b813fec076c1	2815932593	1789290126	complete	966799
83	reveal	ea3c15ad0ac22d955855f5d683fd5447e260eb236a7abb44252f43c56893f0c9	286dd860a51171be07f00f6e6277531de92829364a50e51e363f3cb67c405138	108e9186e8c5677aceec9ed9de5ebd2e12e6c059f17dd5fe8be1f02464b90ae505cbf07f4c7c009c	2815999526	1789290545	complete	966801
84	commit	7ab979f5050e63807ada186fd6e1aa0aa1b125b3016e4e812b5ab466ca7bd3e4	82765be98d138e0ffa7534c357d5ca0726e0aa366009978dc2cc02b2afbd97dc	108e9186e8c5677a60780c054cecbc75a9d696614541dd240ffe969d2d176e35a278c20ce70c75e4	2816529536	1789293719	complete	966805
85	reveal	d4d0e1999c2bb506f69f1db97e693ad1c09f05f523882f82089cb95ed68725c8	3cbd7c8f0029821e3a5ce04b3a7856c016ed0dc42d2e40e6ceff121ca5efcc09	108e9186e8c5677a4df9f0440e9e47d89577634be9e4a5f4edc481493f5e5a49e81d64757e68e351	2816555247	1789294029	complete	966805
86	commit	1b2b24c22065539b9edb5234185f4a34a84a9fcc9ee6422ade7885433ba3ce90	eea7ecfde7a616fcefc09230cc2ae53e0a7bb36223f17172f54bcf36ac5b470d	108e9186e8c5677a6581d1603f3bfbd2ed9a97a7876a18a8bc8d9da6e148cfdd9401d5e8bb86994c	2817170150	1789297325	complete	966812
87	reveal	b8fc532146fd96d632971b942807d1abb0856550f2ab7bf058a3f15bf37584b8	f03b201e44e4f1abc0bfbc1dee1552a301341a5935477941c60b929fd03844da	108e9186e8c5677a6aaf71dd3ee0417ee535ac319555c59f488389bba42dd3077bbf2860634caf73	2817200383	1789297625	complete	966812
88	commit	b3237f6b7015dd04f9cf62ded249e443aa1b6c7ea082e525c387d55c890a155b	fc3ad4b8f769ecc28835c2e8277d266d9ea33d57249a1b7b044b20a6e3e8247e	108e9186e8c5677a8f9066f7f50bb5b542e82f0d354a4bfd2d561bc30b1020db531b9e1d0b999395	2817654826	1789300918	complete	966819
89	reveal	50756f2fc5fd82f54a1869c57c5ae488286e1313217d2aff4ce175b5a895c985	0ca5518429171ea37d9598300eded468aaa6cb122317a2729e4b6b19fda7d09d	108e9186e8c5677a4aa85f2a56d9308c7df7b3d6adb5f3667cab33b43f50297070dad772f29d4b9b	2817667954	1789301227	complete	966822
90	commit	6249aba668cb338dea642916553f54493b39324c2ff179f8841c97561ae79d46	d2ac6bb9855cbfa30b3a1856d1520057abb629f2b9172262537f0d52b865258e	108e9186e8c5677a650c88746de5213aa6db18c78eacd503a69e715871d634716632cf87b4ec8049	2817738643	1789302446	complete	966823
91	reveal	21e2159e54b7d2b243b6e57128771e662c973ecf1465412b6996e5311cc055a8	3d0076b334febb0b668dd1faa49c7bde3c6008be0ce24b16c7632c4e9703fabe	108e9186e8c5677ad5cd52ab44a94e9001acaf1526d4d17d36af7ac979de5e9ff91526f512966246	2817766336	1789302754	complete	966823
92	commit	ad255480ff5b9c091673283d16494cf9d1196e9e0483d37e4da2a473bf6bb2ea	ba3ef8bf76aeffaffe299d1c3afeff848ce34e8ee161c786f88ddb3c4f40ebf6	108e9186e8c5677af4c5f789163ab6cf2afad62c5d27b8ea176f902a58272e31d944f348de6b22b8	2818025270	1789304433	complete	966826
93	reveal	b47623a42952b7e00f77804828bae834da2318c833f6b9e13ee83ffbfe866d2c	4b77faa1c473ad0ec6c5bcb15d0c3a46adf8412518b20f481c8bbcf5b36c6f30	108e9186e8c5677ad03bc8047cffa845d2ac830acb56bbd1af8573640156e42573cb0c0dd19fc8fc	2818059133	1789304734	complete	966829
94	commit	9b5e2a1fff52d8897973d539851ac0e084077262571130cd7154f15ca5f54012	aa5cb0d683014f57be98544797f0cb6e0c283554085a32f409c3336e50f95c80	108e9186e8c5677a1a175ad7ee68d85cee723f371d0064eef5bb3b698fdf70142973e2617113e496	2818412188	1789308032	complete	966829
95	reveal	27a4acf9799436b2295aae3279eb57c136f43d63e721235cead52543dde67b2f	76dd672d439be701d4cd8f7993224b79e1db69aa2fc1734f8f830e161c1d3226	108e9186e8c5677abb8a29ed8f32017e73132b4fd9c050fd990ceff1508f090d46c2952aa2cc6d66	2818443767	1789308334	complete	966829
96	commit	a06413e7e4827a3ca587951367b11f5e96777b8762c817980feb08883d0e1e0e	f053b0396dba96d169b5f177719efe3808461b3969219636b4007027f446de29	108e9186e8c5677adfb49a40052ef837ff5ed5bf3480f7b9ffd2a5bcd8694e7bb414768232147e5b	2818995494	1789311749	complete	966837
97	failure	9363aa73d26b3b312973cfae81670405d7ccc91007abf345bd3f87859efdd6c7	93de8992f87169c329c3a6e527f47eb2ffbbc89a5107e8a060a34275050678db	108e9186e8c5677a72d6a208751541720d96c0135614dd0ff2478583598c83e90d268f6424caeb77	2819020770	1789312209	complete	966837
98	commit	db50508a778d284e8c44ec04051729d85b1e1c0b8f78aa48b6a2fbb301fe7331	37e699e7c89afb00f81612fe21d055e15ec4de02517bb07966c613747b9de785	108e9186e8c5677ad6953ff74f57d2e1444cece3cfe3384f3df11eb889632430cf67ecaac31e9e95	2819597219	1789315214	complete	966848
99	reveal	6720b1037ff6b3e68023433a734620ca8cf4664df7729f014b09a7a90a86226c	0a20e6d555f83501445184c062ccdb62eef87d3e457c7378fce42f415869b791	108e9186e8c5677a6a1356399334214aa18e2b1c1c1b5b9fe60a0b571ab3c037c4b6aa6039c087fe	2819649856	1789315515	complete	966848
100	commit	6542dfb22e143fdbafec719f9875472d56b823b61c6a6e1a1e62a897d7b0dfc1	01f4a9f3e0e537a44d3f71cc6a03691b0a02d038732c40ec3969113682c58db6	108e9186e8c5677a1ec3b35d175a72cd7b8333058c2455cd03e310bd6505b7079876cf75b58934c0	2820159880	1789318801	complete	966855
101	reveal	c199028fd691679886498b829791a844bf9d0420a6de0b095794a06ffdd26ac2	ca3f015822b8b11a92c632c282bff4288f340d3c99f198f656275e9a5fb11968	108e9186e8c5677a8fa136a5f9be3b9baf4e74e3ecc0464ee8699db55fc63775bc21571796c57fef	2820198210	1789319122	complete	966855
102	commit	2f4edf41aae568000925157d3e56d9965b65812866a78a854d69c2d0388da44c	9ab7fb4203fc2b1b00ee159dc29377040f6fa224c55b83ebbff4bba9c8985ee4	108e9186e8c5677a0e202a862dd48dc66a039ff1de344efe13f5b16e93c6d876215e301707edc859	2820633782	1789322401	complete	966859
103	reveal	44c58cd99625c96974e2c2a265115fff4090f385b7b5dd16ea2f802cc1b125b7	4c8fe4d4d13b8a3fab1544d9698a6157cc1aa28de2550b086b085cf1f43cbdb1	108e9186e8c5677a2a4d7ebab111cbf9deebf1eec72d57275512afb3f7afb95216afcfac04af09b7	2820648575	1789322480	complete	966859
104	commit	4ef04144204f740f738731f44ae137d089bcbb3856ccd821d99ae2370ccd813c	41c8cce08b617687d779d2aed287acfc2be570bcd947868383303ce9bbab1878	108e9186e8c5677ac6450a36a9fa066cb911b5f388406837d9e7b67178603519b5dc123794423762	2821160159	1789326001	complete	966863
105	reveal	2949c5e2e7a7a2fdcb2afd0bfc98b38635d53c21d0ba4ada22eaa01a8066fe0d	1ab16e2fa753b59483f9307fbc3b2a938040ab0ce295f91eb97ac39d88699bb4	108e9186e8c5677a1947457b46eeb8c30e0b1e40f57c02044670161de4b6de994ea6e93537e32fda	2821165704	1789326091	complete	966863
106	commit	eb521286e70d4b52b4c8b7a56bf711494106645e9d442999284093e2abde295d	d0ed850f0af0dc70468d3d2c3b715d4219ec9633a5a383f4d1bd103f53d73cb8	108e9186e8c5677a7155f2f2c31df3a6d1045cf5539d5a1cebb86464d4dee2a544dec5a00d581b26	2821612654	1789329601	complete	966868
107	reveal	edf253eb52795bd8891787421e45f94ddcee7432203441893a916f581ea3e513	0e6d73b2285cb88e44386a006dad1fb2e61d7ede5b01740ba9e20518f492d89b	108e9186e8c5677a4294809b44d2629dcf24620a0c99155ab24dc8016f9eaaa6fcd2ce7e22ea5b6d	2821618209	1789329677	complete	966868
108	commit	88314b3b2ea4252076077357d92bd36e2b25bdf2462fcc9aec40a6cc7542b680	331670e97ec533b18c1973aa4aa550e2a5d37391adb1b010dcfbb372a29c1a2c	108e9186e8c5677ab21a3379d372cb8da2fa5b0695d363070d5b693c0cb79de93c2f5282edb63488	2822119915	1789333201	complete	966873
109	reveal	c74d5f1bafac23bc4b71135f5c8aee41fe0b3d118cac2c7cc2a67bbb1d37ccc6	1875f35cb309d0df7b646ff8c1b10d302b22086048840f201d602704b4d562d7	108e9186e8c5677ad5be5ba76f8d34d172d72fb675994c22425ce974c84dba79fff7089840b5354f	2822137014	1789333277	complete	966873
110	commit	453b6efa2cdf7ccaf0b45317ee8b58c584f9e6dabf3963fa45ef78de08d840da	6db9701f2c3ebb7a1ca181edcf22d89d27cd34be63635ee42b3b901fe73cc0e8	108e9186e8c5677aa95bf8da94ab9560c3882da79e650af11a8b18f792a739404f0c63b207624606	2822613310	1789336801	complete	966881
111	reveal	e0ba6e125f63c5c401d477fec0cd7455d067dede1768cfa1bf1182ad21cb75c5	70f104009d8d79c104c8e067db77a93c7515748659fe84252621c85cc9d7bb39	108e9186e8c5677a26e25da955918f0e8daf2263be0f595b3e8f8e88f2bbde8329b881845f4b6f6d	2822616618	1789336878	complete	966881
112	commit	8c5c2af7e700b2daf61d1449aefe4166c3fbee26608cbe40a09ae349fc255799	0bbc1f2bce839b9fc65c50e30bee9fdf86e4a4b0a95d3b62800458c0906a6aab	108e9186e8c5677a5991428b4daa3e4d58c10fe59cf94f6f6a8ae914a4c72a0ab38df9d5e2826e39	2822966435	1789340401	complete	966885
113	reveal	706737982d020e9b7715212f02da3450aeb87c9a023f689df373c64033b9b365	f69f6c5317d7a33ab554c69dea56997f943d6b1f17e87ef3830eb4cb952bdfe1	108e9186e8c5677a46924a81c02123140116f8876ed9fd95c297cc8ff990bfb5ba788ad21531a782	2822969640	1789340481	complete	966885
114	commit	0e70efbf3378f989264cc154601bb3caa239d31d346cdfc0dbd92628f4e10e5b	e2bfc1b75d1ea1c77ac73dbad556a778eeca16784901ba5cf938866e04f9cc7d	108e9186e8c5677aab866dd68fa17ae5f6b3ef64be2d1697d32f31773aeab4751ebe185b45a10e59	2823395017	1789344001	complete	966892
115	reveal	b91ea611a8e11d57ecbb11dec55e7118f308e514f19c7f0473266bf7e8a65b52	1b59cab0adf7cc43fa43eaca53a539720c2524314521dab192ed655b516cebb9	108e9186e8c5677a1a7a186893de848b38fa5abc48b18253b2c40f32a692358a7446d2f69784e418	2823406943	1789344076	complete	966892
116	commit	243beeb7ce21b8594da517891122b8210e9a5cae74afa2862ca817c691f153c1	5974650c22fea9678e5ea2cedfe9916e52b7de5faf51c58415b111dcd5c5f637	108e9186e8c5677abf72bcafbf1d7810168911e0182c3629fc4d06dba8c95e650061863a7167a6e8	2824091732	1789347613	complete	966892
117	reveal	a479488d44d105cb9aa06c100b753c66a2e5ccdf2e92af2958261e44d3098532	d0c91c72a8e172ba4b25439931a349b588e2259f63fdf38e52536bb390b8a43d	108e9186e8c5677a19ad29bba5a8386cab9fca0f889eea8663c26ab34f73ee378354a2d9fef5b632	2824117387	1789347698	complete	966892
118	commit	c4a7ce30147ed854fadf04d6c6a11c488291a1f445bca275b6cc82ff07d6aed6	167cb84262bf4339b229f44713544043ddd2f79bcbccfe5d53d9cde9ebca163e	108e9186e8c5677ae3e87f84a70ef466624d9f59c5d394a450d17e857724335a32bee4c773eb6a13	2824672654	1789351201	complete	966895
119	reveal	c1382edd6958ebbd94696c6d2e82ea46caef407b10f51c1ec888d4be0bb85578	a50e9f0cac04b608bc62d680398ece61e917bae6533c92405e7b857e3c1729cc	108e9186e8c5677a717d71a6bd90de2f92de5fa275968336387db211b87962b8be503a52e402bcf4	2824687218	1789351284	complete	966895
120	commit	f9658d1315e4ebef39f6e8b09ff9324284f4d95c5d088743771e7b82e64dd76f	1331ee351f60e509aa8712ff630bcd8aa963d4546c3993c3da6864e12601b768	108e9186e8c5677a6df82f7a04d85c36332037d6f59066c00bc271df42d583d9478d44eadd228273	2825210023	1789354813	complete	966903
121	reveal	9bd74f41f2c594c5de1e95bea52ec2ac91cd46c1edec427c7fe9bae5c28f60d7	4f6f4f034641d069dcb5449b0f211b6139fb14c6b290b354aefe3c0ebdddbf51	108e9186e8c5677ae679cc81d2a36b84218c57700c7010c40b1bc99418aa40f9179963a75a63adb7	2825216431	1789354887	complete	966903
122	commit	3a8929c1a268bafa1d6015976145757f1ad0eef817bc3abb840a10c9739101b5	8de026263ed0f092228128e0ccdcb3a5aadbebefe461ae25d50094221d7856e2	108e9186e8c5677a59676b3d7a659da834ca9d3722ed7687ad75e3946e7aa6519c901f3c0b4d0173	2825783302	1789358413	complete	966911
123	reveal	2ecb82d8c13bef71733ae3c11bb8f3f3e28e6ea98ce1e3f636bbab87504c34a1	eb738e81317934f2f9be84c071ff67a989afe6556695a1fefcf2cbd220f182a0	108e9186e8c5677a9663fe15596caaaaeded33446c2a3ff721e987c2fac95638fcebcb9acc048b48	2825796231	1789358491	complete	966911
124	commit	cbc300284a19041e168907e3c5808c08f9821d7a844375acfc47db5f0b08e858	e44a2e30271a2a53ae9e658cddba16062f7dcba50f79b3a8b81af35605b5773c	108e9186e8c5677ad3cddaf89ecd5cdb6294a126ba51c8b05f338c32909ba0205cb7a20b5cffa3b1	2826419711	1789362001	complete	966918
125	reveal	15a6bd044adb37ec59c61409cfafe9d86831d3d171f89921e45897b3bd1c4eab	29eb62e9f7334f6312372653ab0e86b8963ba63a775231797231ee01c63152a1	108e9186e8c5677a62b5101f9ef73701b4ac56fb7ce64f36fe63c69be4fbfe8ba86fc6ae702833a2	2826436496	1789362081	complete	966918
126	commit	ae62276134348810d5dff7e4c96c24bb71f304bc1aee2c5869865fd6e749fe74	f0d6fe3f26dd98f345255d8d3493d73a7e6d5e02fdd73a93e9d1c85b82175dcf	108e9186e8c5677a5ad365b1b36fed1b091c868dd0d704ebdd2d1f3dcedffd7bb6d86f4422b05a86	2826960285	1789365601	complete	966925
127	reveal	ab9daa7f34b6947bce361ab2f51c87d1c645cea0966d819f124713a43623b4e6	4c51b97d17721f8cf14629f3157f310efc18dcfba8c03e801c4845d8467660cb	108e9186e8c5677a5c51970cd0aac32561871b1b9fcf990e42574a6ab99b256c8967c847f71b7451	2826973776	1789365679	complete	966927
128	commit	cc05e8dc87dfdd100c590bd16eb8146b1a1d52d0135dfccdc2cb20e44dc94df4	569db5e7121b8061c10d83e52c296c4f76567d34c392b2d567fd4f613bfd5564	108e9186e8c5677ada978498d9fb305728da3e0030e14767ffacf04a29d72a8e1cacb3b9a02798ef	2827584183	1789369201	complete	966933
129	reveal	aaee1b034cb0912034970a56c19648f3fc95e42351a168cc30444891e7bdb5cd	e19e89ed273e026b5149dd05756fee8c2214a3fa9e0e981f1c3ddd6176281e52	108e9186e8c5677a6c711aad8cba3637f30a94f6ad199742f7587a6d5250a6b467c2de6f9ef00188	2827600580	1789369290	complete	966933
130	commit	2fd85e332fc28f14c3004c9433977cd11c76f34be4d25998faa44db4994c92fa	dddb255aa992488ee1d8f6300257d28d0f35e2a17f507650d65d16c2121a4ad6	108e9186e8c5677a07c0dd7cdb1328cc70a56ff87258aa9a3b772af2872da8fdabde71a9a0dc601e	2828231380	1789372801	complete	966938
131	reveal	f6a98be2abdd44c5749a46ea21d295dacd866799146a480a6f72265195607051	aacd1e06629ecb781b436780b62c2c83d07a3fc95c9fc52585e28a0c43b75ed5	108e9186e8c5677afd6171125ab0a17c689bfe92668bcc473e7d17de30757e9f521f0d1ef7cd3416	2828250574	1789372880	complete	966938
132	commit	aaccb4c95fba3f37ea67e93d445abdb7c451d2989d1295cb0ed3c25d2b1746ae	708d2bb221203b7dea6308fb6cf6695d51f4aea8e9ab13ae607c3abedd28bd0e	108e9186e8c5677afc0da19445b3f7c7367b73470b77707ad43645cbfd132538160e956fff1888fc	2828910567	1789376401	complete	966942
133	reveal	50e7aeab0d760cd92f1e03d8b7ceb9fd2613edb46984bfe463299423030fa440	c4c01001d80c351549b0dcfccd775172887899d95aaad37d3761234664cb9bfa	108e9186e8c5677adcaf2a2e021f0463bfd51363091d2cd1e1af5b78bf005bb47afb9bb6e88481e0	2828916253	1789376477	complete	966942
134	commit	0380b8c12e2e3af62f502a81a97564e96fb5e6abf4fbdf83e168953fdb470670	be15835a6e60ab244bd9544204e4323a3267fd23dc99b2a33cf888f219d13dcb	108e9186e8c5677aa6220a54d7e4d144ff7d81f4ca5f3c7c57fda720ad5a0baf3115449ce21aeccd	2829329021	1789380001	complete	966946
135	reveal	a94c8bfadf83679ea1ff6cdbd424facc87febedf213eb346b6948afe713b2bad	2f9b45a56029703909acc7ca8695db9f3351f2f7e38dd89152623add09f606af	108e9186e8c5677a822602287ef93c624e34977fe2291eb4600882cf8663dc8f6b8fb3f215673872	2829343341	1789380084	complete	966946
136	commit	b2429858d2a2bd79b6dacb9c59860bdb65173db872d242c9a6b8baca7a905113	73075432e939f7409a565e6533ddcc4a65b437b6e1b4133d681b472ea1f70e33	108e9186e8c5677a821001c09cc3421b9b737fc050b79cdf3276b636f76574cb12f7d0825bd92521	2829970620	1789383601	complete	966953
137	reveal	d771d9c681f8f36da702183889a63cb39c07b4c9dee1667824c36986dc4aab71	ffd161963863a6bb4b58b7e4a617ba8b6810673b15426c45e91ce21f188acb68	108e9186e8c5677a9a997235f7256ad722a24f630f4f65f86f27ff3c6d8ba02737114fed6026bdf7	2829975875	1789383675	complete	966953
138	commit	bd293f820e0b83801aa09a3ab2304a35176bc6d48b17a88b1945f5ba2edf801f	59f5b99b5814b8dfd82a1371c56aaba92c050991918c22d0d6c861d7ef8e93d5	108e9186e8c5677a7e1189910a9694cfb2401c3cb6b1a0d32d7debeb51a774d6f6684580cf87a91c	2830471562	1789387201	complete	966966
139	failure	347660fb1f8d0f23991247d8b409da32698f32056f4a9b171c8a18932bc38a36	52a762c31e20a3a471ed9e3ccfe2a9a5983f6650e9654f27579ed11284781a9c	108e9186e8c5677a992a5e46e76aad8292f36e91ad29c5b64a8482ee0e6f0ad5511a33496ce7549a	2831892638	1789396589	complete	966979
140	skip	339cfaa487c0d907dbbb15986ca87149c4b69cf9e07440c9a4560672d983e101	43d0cf274cece8e6486fc4f0a77987225c84bf395746c7ab687e3c2578657ce8	108e9186e8c5677a1a975a639cafc3b0afa8b1d94168811c0e699897cac800441cede2863e5e7fa7	2832139533	1789398075	complete	966979
141	commit	6115cc849a1dba5ac962d4106cb6c86a960102252bb01cc0899b5becd0449d34	93b7d0abfd620f7194af13cd20a7a6e365f0ff392e7c4db4de6a1c4063ea705d	108e9186e8c5677ac5d7a6e8231e139f88e26283826db1305fdf2a5f96ce89000f5877ded8dd3135	2832670111	1789401619	complete	966987
142	reveal	d446fe94224707dc96827cf8f24e9b77f4c547846aad6089748ac2178316f97f	f78e98fd6f8d91d842beebb0f2e6667525e3ce70f9826f5cb0fde8f59ee4ef87	108e9186e8c5677a878d7c565bfdcce36c5d172de228f3511218a3a1de3fb844bd104c3c767313c3	2832682825	1789401680	complete	966987
143	commit	8e21aeb25134d9f5bee1f7fbdfd94a37ac6ac3d3e330a596362e83d53ebaf35c	e2daf0b847b630078efe8cabbb20e2ee1fae135382df136ab9e2e09cb0fd9f10	108e9186e8c5677aaa1287b25dfa70addb24f476b942333b11dca7e2ba82db0b0ddfd7db02af36e6	2833266856	1789405201	complete	966998
144	reveal	e1b324ce03b1f6a9df8c42fa20cf3fcc09cbfdada8bd1ab9dec9c5550832cafa	40a1090590f242fd241d6dfeb8714881182c36c7a46855a2d052dad82943cb77	108e9186e8c5677a00ab70bbddb4689a5cbf21f8bdeb0a94416957b67a74bfa1c00d68064cb71d8c	2833277324	1789405276	complete	966998
145	commit	01a0ae6df977166999b63dd10140dd3b002bc5b4ac1d9bc76fc3b64b9b9b770c	f7f11814b7cb9d8cac225bb3d4b5f3463f04cdd538976e51457bf402fe5fd3e8	108e9186e8c5677a6c037cfe8247cc05af533fc69c5f506611533ad35a1b488fd17d85ce156e2003	2833559872	1789408801	complete	967007
146	reveal	f7d9a30dac71fd6cb69422abf60ec1eff8fca2a4d7e3facbde44bcf242ad0b15	ec53eba10bbde37126674a907944aea81817e48f975e096e18b2a7f38f189f5c	108e9186e8c5677a27e554f8a24906dc26a879aab4270ec9da03ed231f4438bf0c57a24562b3c9b0	2833565347	1789408884	complete	967007
147	skip	65dcbbb23920c8565276aafe2bc1e7cc421a4c319dd612aeab8ee58874f6e2cd	eb65107e17025300a41edc4a0873d7cb8f62128ccdb1d2765d3a3177ce715be1	108e9186e8c5677abb8fa42863af036f250ab673c2e12348b946f5dc95856cf722c8acbca5cd2405	2833946675	1789412416	complete	967020
148	commit	4ac6587894a0ee9f9ea6c9b9d1feba2d09e68c0a905e66f1eb6dc9b6930f06f2	b46a527d73c6b436cac1c9a400d8ee4502b1f2ad0dc844a483d29d3a3a6e0692	108e9186e8c5677a5474ab82f672db621be7a6495a7106cf24d66392d7b8cd083ff95a588efb583d	2834535985	1789416001	complete	967020
149	reveal	aa46d769834c3d0dfe902f6feb652c2d50207a0db36482b19d7342fe0dec5cc4	0efbaed80d21d7155f759003383fbdcde08971b4f73f5fe87cc8183837891771	108e9186e8c5677a939d98a03dd9ea1f13f15621a920084a0425dacda7465d1a83b8acc59fe4cc9e	2834540077	1789416088	complete	967020
150	commit	835972f89ffc8c3c80d2fe37a664a31b705763a18e6ad8691e6cf5a5d972318e	60f0926763447c5236848e667ba7a9fd83c6d6e833dc87f10f50a0f972d210f3	108e9186e8c5677a5957ceb81805a62236982d890bdeebd5b76f9d9b6c69d143fbdb391df7370566	2835042869	1789419601	complete	967026
151	reveal	2000a928a86fac6e6098ff866f22e3064aa97f2216db0bb5005b3bad400f97e9	a45afd9b73819cc5f223c1890e1a9eb99b708ff210a67161f4d861166286ca17	108e9186e8c5677a9cd553020c44b2944b6de04fca87ef2adb3a3e8f773ba95a7966cc1bb010372a	2835060515	1789419688	complete	967026
152	commit	34b6aebf5f686a1d171dd6289eba8465c6beca87ab4a87d142ba184d75a2aef6	6dd51b3beacb7c33b1ec243f06d1ee3d66e96f562708f7cc747cb3f589154e49	108e9186e8c5677ab3c955e33354b5a6b05eacda2f9490ea79131bf0c4d1b25d5bfbc54d199449bd	2835565100	1789423201	complete	967030
153	reveal	feeabef385cef9c9084ea2d983bf95d599c58ae75ef43f0bfa1a910eca78c180	414ba456aedf836408e843dba8923209d72786c7b054bee365e4cb7dcd5780bf	108e9186e8c5677a2e8d6653b2519b17b24a486adf4f609268549fd4ea7c0b172e73b4e0209e35f0	2835574765	1789423281	complete	967030
154	commit	49ce4c76a61b884984aea3de816ddc16a5eb37c064cc0451d37a4057e9d9c27a	2f121ed2d8aaafb48e7b2c13ef448d43da89e7a8d3dfd7b8da11497f11c74eb1	108e9186e8c5677a874d44890252f374f9bd1e453a579f100ba2094cb67af18b7dc26f1bc3182ca8	2836034199	1789426801	complete	967036
155	reveal	da6c9f97df7bb369d3276fd3e174299c419d4f2249badf053b3d6f030f52a4d8	8959d1d96d2779cd524a2f4decdeb733b5b1610d501dc602a695326aebc1ab5b	108e9186e8c5677abdb3fe59f782f48f9046d35d738cfb548f1127a6325a726270bef0e18607c6ba	2836053426	1789426877	complete	967036
156	skip	5fcb55ab57b20248ad7aac29136d80c1789a34c6b649d22a8dc07501f4c4a8cd	948366acd62f43df6e0e0c9d905f22465459ea42becf027b75075dec9d781a60	108e9186e8c5677a3ff00eb9b21cacb4bf0516ca42c1ab5684d4c9f4961f43268b8aebecb3861b55	2836703498	1789430419	complete	967040
157	skip	a4ac629eb919a2fd4988fbd68494a9d7100ea2498a7278a6fd1ea7a304826385	0e5b1320887fa7094b68a60cfdd1fe5bd93ee6935ee980cd8a515f53d66447ef	108e9186e8c5677a5a3ea0cab9d5c9aa85a2e44a5a3391a271b59c80e08bdfc418cecd9e4b5a7df6	2837626318	1789434028	complete	967047
158	skip	471c75cccd4cc80e401e98dfebf0e6fa31bcc99205fab689585f889fe7ba054f	3868f613f9f4cb80351619c49aa9d14d73ed60bf53d389018ab372652560b153	108e9186e8c5677a3a33583fa300b897c267265e052f39ea9c66b05acd21f0d605ef23450f42a2ff	2838060351	1789437627	complete	967056
159	skip	395c4b35f450527f698ee837fba4851d6db5a80a2f15df0e19ac2cf9910fbd1e	70ac0f21c25fd3b0c1612bfed9f71b6fbe5d585b5fdddefb8310287f2b22e915	108e9186e8c5677a4f9961419e47f290505dcc6319fb48c07c1618c38cbfff71246f43f0ac9baa18	2838497113	1789441234	complete	967064
160	skip	859f182276b263ede294bdf7d7c08f55648b7b53fb2b72861f952f9ac9c5ef18	fb7a885156143bce1aea2c894e98e4d1a58b602e271de7453c5ecf00e7ab248e	108e9186e8c5677a33e375a6c4a3b49809e212baf8355490df9bd4ca11ff97f1323c9b34a24d42f0	2839162394	1789444825	complete	967075
161	skip	97de3b35289d9727684b47d334f70d005194d09278457f47edaee753a08a2f59	260b3118a792e43da0e6aa74907dd26f434ab5a37ad149d1199d9c40c71f9a72	108e9186e8c5677ad8341b6fe9513dbdf03e0ecad6ebd92b4251a6f572260f176692cc4e3ca415f7	2839844453	1789448429	complete	967082
162	skip	d9c83d3d088f1c84e20772d0267a1e5eb7774497c229aebd37801044c572aa9b	e6aca3644fd4db110c9f2dc690fdc3d35d5aa6e77940b46d0f00f6f221eb5293	108e9186e8c5677a696140780c2f2f4449978886eb314878d05ce3ca639fa334239c9820fbdac370	2840751750	1789452027	complete	967085
163	skip	649b2f7c9d8f6029b39acb6db9f5d96ce820e744d33ca2c0a2e37031c4dca8ff	89bb13feb320ebd6afb5a78b44e0c0b7879bca8ba852ec60087d72571c9bbd9e	108e9186e8c5677ae64155d9f8052ba7b8b9743dca2cb141dc652716d59f9e0e72a4f11462f8ebca	2841453056	1789455631	complete	967093
164	skip	bf9a2891995b12161180772447a9ce87a403229d351fe9ba65e5e8377613921d	5d31557cbe3098047629de03a9745c5a2bccd467a7bf7ab01fa96bd82a731c92	108e9186e8c5677a1fe28e744403b4f1eefc673e328d74b4f6026c1a3b17b5b126899bd4014a9572	2842076198	1789459226	complete	967097
165	skip	25529b64686b84ce236eb367cb51d6bbb0c325800d9e2a890074e0c01865bd5b	92b5352fd93dd2d705d5405d475e7e41ade59897802d17cf5ec03d12d0ed5e1c	108e9186e8c5677a996e5385c12c63b2712daf9d05af6d7f8660ddc5d7011ca3855998cac6d7b962	2842720512	1789462830	complete	967106
166	skip	d56f4497feb05f493187074f5cc66a791495e2a5e44817c315d19cc13349d541	5260014b4fd9b0ae662e809477fb9e2a9fb8169a72b80b98917722f2f700bd98	108e9186e8c5677adee7b4845c940b1b1d6a0a2f2d0b799940fa675c5769f6fb6af05943927cfd25	2843430362	1789466442	complete	967111
167	skip	86767f9fa15cfa2224b015a598f2165d2b10bfef8b791c1504fe789a5877c982	eabde6bf0d2646eb4703cffd9d6c32d5986147b760eea3804157ee7812388397	108e9186e8c5677a628f8a1287c1c0bb34ac9b7e4b2ea30a3dce27e62d620ff8c71ab6d2be98587e	2844101324	1789470032	complete	967117
168	skip	b81249a1d01a7d78f9244d94455e03caf7d19f34199e6af6ecf69b23ab4edce0	d33b1921efd3aeea0488c5ed88558c684a8e98a3fa624152f67a065242b83afd	108e9186e8c5677aaf216b8c609272e1b48696316dfe341efefe7d84e17c10548723314ec8ebfa98	2844824858	1789473632	complete	967122
169	skip	3efc20104047a1685a5728b287d573289a36516fb09fc379d2b3d8b7f5c053c1	24ee5b4c291dad4fcfba6a1c139f32ba3076b61582b23c0b2e1b0218a3af9a98	108e9186e8c5677a993699aa5ff6e023f48b0319d06aad6dc86c3cab9ee56bb4f00e39442f153f88	2845578595	1789477240	complete	967130
170	skip	ae9f8a92885340d4383d8da8d490b3ba51fe550c7313acd02dccb530d09aee0c	55e6006fb4872517be52a136845333ee34cd7d79582ad9bb8a045012736ae05a	108e9186e8c5677a80bf42c30ef57440c28f65aa91816789bfe198a9fe8eaf221c1982383dfea284	2846350515	1789480832	complete	967133
171	skip	95867138b37286eac2de741ba5ce90c22dae051ff1cf7a49be0dfde038465962	57bff3ee1d394a77692bb2b5f22cc6e264444448d45e906a59295c54f9214b66	108e9186e8c5677a58bac9f068cf947f5bd44a8c79155ff0727e9bcd4a518fde15cbcf826145a427	2847044018	1789484438	complete	967140
172	skip	460cf50ed135512f9e960d148a17ba811c3cf9aa5bf98fa734dc753fff93f55e	c793f80dc735fa180e090181e91d7da6c7c344937c7cb2b89c57f8c5a4b2f109	108e9186e8c5677a3eaa58a7f54f1b5c297271199fe236db7fa6ad6d674bac08e9b20537915b83ec	2847657869	1789488030	complete	967150
173	skip	abaa1c6875a9add955571008a23be9b3d14c9c969655390e0a4e4ee4dc2d44fd	e8ed3789094f3967fdf57e6b77156f4c4f14f1f9b4808bbe05533f62f91f3d41	108e9186e8c5677a2734fc56922db58bce984496c562098d01f05d055f1dda4d83c2a66ce6b0cbc9	2848603370	1789491630	complete	967162
174	skip	f081230353aa491a77a2d03574753bc28b4d2f1aab5f475ec7366e109d0de3a0	0500a9207f2d74f5cef2d6571a373b8712b2fa5af4c0f0e32bb3784435f37cdd	108e9186e8c5677a5e7e24e754f10851fca329ae436dbe2559f39ec304d4e6b03aef01645564d706	2849305198	1789495229	complete	967176
175	skip	f9881808e92f7e99c74cdb07c6c3dcbfd0b98623a11b33c44db39662afed8983	40f41c5688c1254d963bf1c96bb2cbea916a4b1a1e01d6fd2b72264a3334bf1a	108e9186e8c5677a9ce3ddf7ba0434f42a64af9fc1443a0ae6a39d46e69427e46f544f3b9e87ce4c	2850099592	1789498832	complete	967186
176	skip	5ccbef6d3ee7fbbf231d63ce69c41bec8d2058a327583e7af96386f96a01e547	8069d2d5f4d254f4f02bfb6771c1e410be4c786797d57d377c512d60cdcacb33	108e9186e8c5677a7b7213579d4f487ff506a12c415a378db05b862356ac2fa099ebc5537e462c39	2850616762	1789502434	complete	967186
177	skip	deaef44862dc316b04c98e971fe5cfa8255ad4e540506177541583aa8225f641	fe7255f32dd668a46c33f827f52205630918b490f0454ebdeac7c213a822eb26	108e9186e8c5677a797ade58d4fde844f073372187c8799b4a1712444b6ec95c83c922e10e67b905	2851336861	1789506031	complete	967186
178	skip	65a7ea4ddccd6c53848c8f3976e0b27b82fc87173c9e72b9515d3918d59f6784	430fe7c7b93c3f833dfbd649310da017e2cbf73a8e1cdecffad35b5e8a425385	108e9186e8c5677a5d9670742d3e1e7bba197f4f2d97b228d4291826fbd58224ae02655215fad699	2851827991	1789509639	complete	967193
179	skip	a12db265e3be545724f0b33d0689f72cd5d1ac70a46eb734395b9087503789aa	a4c10d4e4abb8b9ccf7e501df2e346737e3b4394095663923a39c469a733e56f	108e9186e8c5677aa8eef1821d6b9ff87b1c7f017fb83d270fe6d09d6e7322bc19e4068d140a8f10	2852328508	1789513235	complete	967198
180	skip	d9ca4d67f8d85d23093bb5359f396de77f62221f0906bab72d342a6ae1e12aa8	37302cc261f9abd5e5064d4f4f6e59ace706660c3d3bf14677ae018bf7e3f522	108e9186e8c5677a971f36c3d66a7433d755442752beff30149760ae85cfe66a8a213c49734e316a	2852880711	1789516832	complete	967207
181	skip	3fe34cdb9bcaf3cfab4760b239349dc4c890ffab8071cac33ae8fd6bc117317b	1e8a9b979262b28efab1545e608d030d2af0e50e5bdeb0a814ca6f97eaefcc04	108e9186e8c5677afdd536161a7086a7bcf55a2ec84635eed74edd4b718eb04fb23a207495d77e7e	2853434862	1789520427	complete	967211
182	skip	84a1d8e6060f3f8a2cf82525de0776ca0643092ba8208066554da964d5d3b820	9184ecb1cecd755b6b512fd22886ad8426e94234d54f51ed84cdd90dba0ae3eb	108e9186e8c5677a54697e279b975c4a8328338cce24689d13151a76ca8b044dcdee40b2f6371133	2854148008	1789524031	complete	967218
183	skip	4f2b991b29a791e0e61979a34c269da28edbe007fe2f941dbae12b6597504359	a14b77e8c1baed82a3f6310899c25382419be04a988d1a72e343c424570e8429	108e9186e8c5677aaead01ce3a60747dc82d629388ebba6a79fed49ea14285da12a5d4a6a95d87a5	2854524061	1789527629	complete	967222
184	skip	f9455ab6fbc82cfe86097812a49323ce42d050e8147b712048252984009bb4ca	f9fbb8624a81e4dcffc37a813ef2c8ad7fb0dd5765894d86b089236ecf246f37	108e9186e8c5677a3adb710904c33240d4e1ca661c34db98711d45b16c9d782f894bf97fe4c26597	2854983430	1789531228	complete	967226
185	skip	18b8c4e600cf82a91dda879d78a40e211e40d7632dfbbcf90d89b2ca2b2277c5	230c12cb14a9aa7d77d416c118460fabd887f50ad0adc0a4477bde1c0fe0f53a	108e9186e8c5677a3865f7c143b2a37af7a92b01dbc34a4b9c3d2e3755dce6ed89cde8a89824ffa3	2855632230	1789534827	complete	967231
186	skip	9b97b5b96f32f2b9c11a9ef9829390347ffe5ac7555e7cdc6e63669b81741966	0b54bcbe4c424fcf5233847f9e339acc268ac864c05e5474e769dcd25d06df39	108e9186e8c5677abdc2ed1ec920a93a75e4de9bf2578276f3f930d5eb61424b6fe86448397a1539	2856059162	1789538428	complete	967247
187	skip	fbdeb782ab784e0607cb130044ff8083d1add92273441171d6feb4c053c676f4	f55de55d19cc769f4e9c1be009249357e8a9b8f6c552c56d35d23d8ee786efb8	108e9186e8c5677a2a292810aa2cb7ca2f2d8c3d6152b138e351e515a39e8316ee9f37aa29b9b927	2856854138	1789542031	complete	967247
188	skip	d4b3dde33e95c56a50f7fe16d89e4f7188a966ec488a9a589647d127b4c62e5f	ce2d567d8d9e115e72fe60dcc3a846955826b4a9e56a04fa88144799a408ace7	108e9186e8c5677a4d28cec61b7a21582e7e4b9c31179ace445116809285c24928399052e9b01ea0	2857593968	1789545626	complete	967260
189	skip	aae803accbce68ecd6b497022c3e45eb70c6dcec0ea14d3cc5e38fa2681ee578	ceaf2122768b9b6c36f9dc6cc5b782899df2584ba448254995a33ff25b9848f9	108e9186e8c5677a2ce372d75ab58ad012aac4651b30c9b643e2940eb53dc9a143d87d160e6e510b	2858289249	1789549226	complete	967264
190	skip	9d651412da2a9582b20b8fa66041eacc310ded5a279afad5cd8162bf72675bea	29d93b6f3b1ccba7a58b2119d88af43e01732e7c43e2127a8a225f02786bcff1	108e9186e8c5677a834c9a62cb2c9b7cbccf0e8eab91c957330fe321b2e47cd7d5f6e8639bd7c140	2859059614	1789552833	complete	967268
191	skip	d5c6c680e87a16091ddb883c2bf4e17dc6bda3b01e7bd486a105dfb340c7374e	9da30eebafb1a34fc9a62aba307766b4c98d913a71b561073a0128989d834604	108e9186e8c5677aecbffc4fdd6b6810cb4d468b56600258fe390b0a8f60f9e12af0206182e0528f	2859877206	1789556567	complete	967273
192	skip	d5cac833a94bf255a813c515618eb1c7b576fb4e2f5080df40fd78bf45868991	eed28afa506b7f75d2e1df090dd978d6ecfed5ca8fd0f09cccc9707ae286be0f	108e9186e8c5677ad2cc24cff978451906023372d2d335d46d7430fd719a29ea2df61c2874555bba	2860658591	1789560028	complete	967278
193	skip	4942bd175a634d2290e173e6872fad1d17e7d2a53ef796a87357f5eb06d8667d	def2d17307e4c6ed92a6dc5e52725bd9071f87848656dbc30362d8f1a355dea8	108e9186e8c5677a3133236a3d28306e13ac209e801ced3cc006b8ae6f1e14c496190951048165af	2861386524	1789563640	complete	967286
194	skip	0cdabaa3eb2353629cfb919c67df88e602fc3c88ad15027ea1eb30c3f7d42211	8e0d8f75115bcd83ef6f1cde968bfd66bcd304ac08d9e3e74dec06cb5f0b4040	108e9186e8c5677a43ac5f33b592a7a29f5d2980d744347d47fe3cc45cc4ea777a5d37c550b5f518	2862240918	1789567231	complete	967286
195	skip	485eaaaf5e7ec2e4b27ae73cdaa0cd406264a327156391edbb34f0a030ff4c08	54449bd2f337c61128c747e880be8e5bbe15c783fb4c0f16fbe3e6a497c315c6	108e9186e8c5677a16704b09c136ca1b5d9f865884c5facc31c4210fca720bc0fd71b5dc92bcf8e0	2863242930	1789570828	complete	967295
196	skip	c8b0b15c72887a7025044fbdeabeedc350a5bf3bc51243bdd3a873010d474fec	58166f3b0245b51e1019ab5981c618a5a076616458501ab487d7484c64de496d	108e9186e8c5677ad78b63977245cbb4c73e75a5700471940ca2843ab983e23b6f8b4294a3b600b9	2863866511	1789574434	complete	967305
197	skip	d5b19b86393543cb8106311f6261cd22a1743a7301dc4100d988ec12b0ca25e8	a96158875f2e65a56d5ba8a8169b723322ef84caa120d614ca6e59b0398e258e	108e9186e8c5677a55dac9ce9b735df5ea8f9e4b209e5a78e10513880256929b82d4e5a48b6a5fa1	2864605364	1789578032	complete	967305
198	skip	f1c9dcb8c699ff113806d914eed07d3f6eb559187cab6b746b5789aeee13934c	37265c5e08adf585ee2158acf78223eda02a8aeb86ce0f4c16e35f1e13b73bef	108e9186e8c5677a5b3b977c04c517d9600a73dfe59fbbdbbd28543be9ab6abe524e1c01e6252ea8	2865261065	1789581644	complete	967313
199	skip	9cf248181944e4153038f5032710c5f340e345bf4f5378799c89e8ec861ddf0b	efd013693745376c7df7333e7ab7244ac39c8b88c83d792ab7227457b8baa71f	108e9186e8c5677aa0d3227d5c07eae8907eb0d506ac3ecaff9bfa034bb1255a3ce66397671ebadb	2866098404	1789585231	complete	967320
200	skip	6ce17b702cc2ddeb4700a42a5eaaf6335ba15efc030421c80ee281aeb1b3af8f	25dfd75dc4c877e769cafeaeaa4afc2ee2c39acb45d9d40a2bafa81f4b22062f	108e9186e8c5677aedbefd5bb9814b89afd1e7abec5b5bc8beaf09736fa021dc1cb2d754677a2767	2866785415	1789588828	complete	967320
201	skip	98675b87e24495a59642b9be0687a5b96cd3d988418542deaac7cf2735f0cc3b	7f1a10506ee849d1e6897de6b9e6d5845a387cf133504799e2cc4d9c98dcba69	108e9186e8c5677acc011341db1a3f645c40ff6b9133ae1f23cd106d5db290706fbb3e6aa4094a07	2867460043	1789592429	complete	967330
202	skip	2d00022baef3eae110cc347fc54799c95dd040df28b75b412289340e6a4ac55f	86e98c35c209ee390ec40706a912d79db2d0132a8cb481c5e21602f694075760	108e9186e8c5677abc014a97eced6b9b1d69e43f2e341d730c286cd50c15d5e4c281cbaba551d36f	2868152573	1789596027	complete	967330
203	skip	ff66a9617ad7fbb36e5564000c411c44e9496aca60fb01265a765550d7551dae	c269d072428489eecb8e00b714c63c59b70989fc576fe1d16522203fafb74eb6	108e9186e8c5677a35f133a45500aba9ad196e0da36919a2d30995fdbf12ac684e766ccf678b0046	2868856218	1789599632	complete	967336
204	skip	ddf45b6eca82f377152776d14875e91afa956bb586d6b4f5abf26ea1ef34a5e0	a7486939ae3885b4a41553a39d5c036850b26dde1140ca2aadc237a1024cfec8	108e9186e8c5677ab602c585375a09902175430205483f434469e51218557528bf047542bee61f68	2869428494	1789603227	complete	967340
205	skip	e0c60d5d615612f954bf85e00a3b7ade459eb71dadc50bd337e39a9d27d6ef52	5a4d90ec7fa054c4d19e0ddbd42ba8332365ce7724416dd5e33c212d0a1af82d	108e9186e8c5677a66310c3fe48c7755a04c80f3b939f238faa71fcd73eaf58e0bb3321482c68c50	2870280085	1789606831	complete	967351
206	skip	496fde70d9101038d3ac56fe58b20bcae7e463a03f7fbed9e104163fffddc6aa	b7422f629f0ee8a32bd155857866b0f259f85a72c4372a25e89d31865ab76591	108e9186e8c5677aa05e3622d01940791a1c21f7c6ab3c4d3b8eb9dcd7990ad94838da55b5b266b0	2871094177	1789610427	complete	967357
207	skip	6759ce0fd87ab41790af67576e70b8cbc8b2b5632343b9d1e919adb127ceb410	5d99a115455602a5b142febca6c917f3b0ab59a57e19cfeb61aee8cfad206187	108e9186e8c5677a30cd68273220dcb857965cfa6338c5ac0d5e9b1d8928995308f566e0d132ff9b	2872043711	1789614028	complete	967362
208	skip	9cf856523c31d8731f44112294e2b83e3d0559aed1ee249acce1130e6959d387	fc2c1aa165b4b638e3e8e77672abfb8dc2b4af9a91d78979b3350b8cc8a598a6	108e9186e8c5677a0f2d7e728441350449792cce5bb5f45d58cc3f5444ad7e8254ada9e9c0bd4761	2872596898	1789617632	complete	967367
209	skip	f53bf419d58d958b332134dc17742b69365b0d86dfa365578f997ac0266fdc06	bfad72bf290efe0d2ec78ce40e1fc5dd6946340ce0c1b72786072dd2abe5268b	108e9186e8c5677af2f70f2236beef01dc9f802cf61f01664f26064cae2675485dfef5bfad639424	2873255109	1789621226	complete	967372
210	skip	2daf42ba9e4a1f55a8168ad668cd26a0e80d655658c5c1d5bb90ff5a2d37c748	1eb3d381194da5ac5e09656eec8b52f20ab0332fb6e978b0712069c82c7d7d4c	108e9186e8c5677a67fbbbf85b9261a32c537d70ed05a80992ea9e4d2fe70c2342566fe68030aafe	2873978755	1789624828	complete	967380
211	skip	3158a8c4513bc29b82bb1b537b82d2f08d09303000b18babbee901866504596c	7e33a795488fb924fa6be7547ce81a148c6e7bcde9dbf5546126952fe2938158	108e9186e8c5677a39a4193794005aec961d6076b94e7e8d3c619f5bad79c0fe3d50d9ffb65952a9	2874861894	1789628444	complete	967380
212	skip	6d8d37fae163b1fbaf777fc1f4bc710b533ef4b0543d4e09f2bf001f8619c09f	5677632701a90f3725157b0b622f76ce1847fdaea2d4128a5915302881e356b6	108e9186e8c5677a517ee7e7816959e883da27b71c4e807cc463f0d8aa34739d3933d25c010f8a03	2875724964	1789632028	complete	967387
213	skip	bfcc29be604f6c12970aa04bb5898c7733547b3d980571d3100e71b9cc72aacb	83f06d564a14acb9d3d38cd1d1c16e025da60c489540bb3456c5bec05604e1d6	108e9186e8c5677a8e92eaf57656993810db4fa79cf81367fdf3c4d4ce0dc4354b551e19b3d4e781	2876529534	1789635628	complete	967393
214	skip	79b6e2e03a15c9be670666a4881259cd4728992d30ad2a40c0282089214e1860	44bda4fb37457b27f844b67f50cadc7996a22e57bb9ed78bdc2cbc589a14ca15	108e9186e8c5677aa348e781c27574f2c8a32fc7c2e24c4dce7de983fbe6ccb2a0838733c9542c94	2876970854	1789639228	complete	967398
215	skip	ed331b62abb5b983b29c97bc07a00d76d3354047be8c923be36f31859c481850	c1240ed3b5ef8a4e6a70e91c2df9c878974190f36d8e8e71c532fe5b07cb80dc	108e9186e8c5677acc221f9a36aafe75352d5cfac9dbc550eaadc81029c05d002001f8726e5c1500	2877334238	1789642832	complete	967398
216	skip	de260bdb10d6aac44ea7cdc02ba909b0cadfc65152066da67fa9d649524ea7f5	7f57080c5dcda7caedb38118d0414d637d3206784207344cbd1f9a01900c4e8e	108e9186e8c5677a33014111dc22d1fc52484d1e56346d991579e788addf2c1ab277c90c73fe8096	2877846567	1789646428	complete	967410
217	skip	8eed87eaad18eb57ab4a03e9688a707261e09d7bd830b6a2e6f5e536dad21c1a	00d254556155f129933ae502f85c8c5ab4e54ca5c920a67780010898d9326c5d	108e9186e8c5677a441b6efff9446042f9a471c9cb397c52c34f21de67f18493531c74b5d2a843f8	2878295716	1789650027	complete	967421
218	skip	5b031bbff1170e031320242db3a1b6cebe43038cc230c12dafe0fe135d915105	a81f784d8894ea00a658f6e165ba73d39a179bbcaaae9a5a74f5c8f90eee8a97	108e9186e8c5677a62131e3f123fda5eeabb4d8342545490aa151e0dba04ebc65fceff357de63646	2878544148	1789653636	complete	967421
219	skip	dfcaf3fa0a0e7036936f5afb38e7362c3516db15dc88ad99c686558d3032fdc0	5362bd8cd4964068808d9533436504553d32bd2bbe81606806b5efd04f14890d	108e9186e8c5677a44e88ac6753ec1d752697ec467195c0bddbc9afcb72952363535c08fdc3777bc	2878823179	1789657233	complete	967428
220	skip	a1b74428781733b1126a0c1a86106ba4de21fead9c3ea20d02a6183b8a6ff5ff	32e01ddd88c19dffc3109d14be39acfc9e184df22814efe31899d6b51ce3eb62	108e9186e8c5677a50eeeee45097bc6155ab6082bcf28567dfa9913d1136b78942f57215db070adb	2879006136	1789660827	complete	967435
221	skip	0898ee0f2065bb6759349f5ab0cfde8eec8f368b1b40877cf99484365b8a8f65	d5ed212b57d60b32e97d928fffbdea33d86e22b52d3d07082248cdcd93fafa70	108e9186e8c5677a3a2ab329d4e504397220c40a227916337db4e443545bce5d335a6adba5d5d8de	2879230381	1789664433	complete	967447
222	skip	fe621765beeaec279d2e812e89d7c727370149fefefef6ff4b32ed079581974d	ea544699f71786cc7216fef9231e9c9255b36052817d77cbc1aeb57c32fc0835	108e9186e8c5677ad4a4a0f86cfc7d3a38dbc20e184760a8f6ecfc518a66a534686644d840e69fe7	2879423508	1789668031	complete	967455
223	skip	9e936dfb8b3a129ee37ab7530ec1f51064f72910c1f7d6307a5e65a17646379e	a34d13cf69efec2a35a03effd42daf73ffed53d6c3537b1a046ae9f96abfdbfc	108e9186e8c5677a411b986f13bf198df8ece3c3072ac2a528b600b8feff4ec410ab7b4bab662628	2879618891	1789671628	complete	967455
224	skip	d68c19b8ac3dd2612337d6c0163204dc72d76e0fd69e6aa144332defdac947e2	e15fe312eacc132fe5b7e2afd6c5147c77fdea2d81885bc1800a0ceec65f6d69	108e9186e8c5677a11f6289488051957aed4581605c362fd8f31cb4d5636bab776dd76b19dd826ef	2879904351	1789675229	complete	967463
225	skip	d6b839175347c6763c947f88887e6e2f1fc3bbff2d6c3cdd96dbfb5a79c031c9	15c9f2be2f1355e0b369b74d0aeb52991cde9090466b184baf3230bdcafd9bea	108e9186e8c5677a87857d1a5a892be43ab572726d842b4e8d2ebb97ef5f050f499b326eaafb2491	2880103421	1789678957	complete	967472
226	skip	03d066ae484d442b33864b6b2ca7932c6a51780b95b41efbf3753ceee63861e9	669aec4be0cdf20b54be7d10a426eec4fb3e21d7ef4563130de54f8997ec6103	108e9186e8c5677a7b0282a019e74d6ceea9ab2a655d36031b698667e70b9bece6c11e8a9ac0a238	2880516877	1789682428	complete	967477
227	skip	21585837a36560a1c5d3ffbbe6f9e4a7e0b6436c1f08460150c7698b14e793be	65f34e9c57275042298b62de6236a918dcd735b16c810995ab8e6c26463b9e3c	108e9186e8c5677a8425e5660d473b4e61953eb351a5fd1e51c3123878400999017346433d6f721f	2880899275	1789686028	complete	967477
228	skip	78396e50dd910780a8b107ef2066fb46eda696ff568bb5c3f89d9506ceb2abe2	16407f8054b5c3dfbdf28e4033708740f60516f435806c972b01dcad39ba89b2	108e9186e8c5677a53200a73ee3c79da16edc479eb5c84d3fc45440a91c7cfa609f9bf8303a2abdd	2881478827	1789689632	complete	967483
229	skip	8a174a81e58c0273369eb9bd4492ae4e3cfd93bfbc5c2b95451d877fafbb4637	d77abcc1cfa42e8769bc1b4f2419bb2574093a297def3ad3d43594943a806045	108e9186e8c5677a294237bd7ce8cedae17afd20c46efb3550e7f2274952e694f5b13ed5071eca3c	2881827404	1789693227	complete	967489
230	skip	e71c597439d6cce9fd2cf6e6acea0e0fbac2167dc6cc21a17e88af7d974a4aad	e882c3c6ab4320324cfbace10850f58378f2f486a8722e20858e396660dceeb5	108e9186e8c5677a7f21d99c2cca94030079a4bd590c84785481a2baff8f352c14e495f42288be7b	2882346537	1789696834	complete	967489
231	skip	85aa43518e956a198c2ab6907e46ca33bfca1f8050489956596f80fd9fe9ab9e	8b2e239eafdbab132aadbe2794033c96b14c615ade8be072dcdc1daff86c47a8	108e9186e8c5677adc814e673c13c784492890bff63ceb67874d1633d446b6e63e0910fffc69a01f	2882662813	1789700431	complete	967497
232	skip	82c55dbef25962453a5bbdd5d2567cb704be895e49af7d5a909c29a4f9d3ae04	7f1cf7fb53708fa1cc37cae3e53e87323fffb9b0f90a6488070b71479ab5b0b7	108e9186e8c5677aa0da59fd1efa3375f4ee475bb45180394636595976c88ab5f21a1e10e1dc6558	2882878781	1789704029	complete	967500
233	skip	3f8bb8b73e4c8ca424eadea679c4327a57fbfba021e12e80ac351c49ff79a0bb	cfe027e642f8b0323507df871bd7565c8d3abf9c6fa7905e17c3c34cecb2fc9b	108e9186e8c5677a3c1e61066e0e3c819067135db0ed7735225c50b597b9b2fd205c4587152bd57d	2883159960	1789707630	complete	967512
234	skip	292de2ddd188316f01da97cb800935ec30c9fa7518da434f902576fae3a2d625	122b6ff59159ae5a385457455e8568914ec844e2c01118b23903e7e8377b1a93	108e9186e8c5677abea3c2b72e00d36b8780ec131af21b001ccfbb169f90164c65434986170ae910	2883411764	1789711233	complete	967520
235	skip	b84d2ad489851b99f7dc786d8d0a6ecebc01f8f1ff0ea011f3235080b8f4265b	24e25dca2a17c3ae1f9655029d9924f114980af200b3588722e752eef7d2efcb	108e9186e8c5677a3086045b3297cdecef21af980db85e52f748e65df39288ff7526e069854a29e7	2883566867	1789714836	complete	967526
236	skip	67a368ecd907012c0dd4034e284146968d942bc873f91b896c3c92ba35ed3e14	8bf2947469f9e8d755abc82a2b11543f09c8217d95cda618c381024eb42cfdb9	108e9186e8c5677a0d75bffd2840ecea89b30849c73e0df1836f40e976a3e1a9a0c7f606b23f7e8e	2883750925	1789718428	complete	967531
237	skip	c834507acfd9fd83273c23abd2f23f41a2688bdd9e9c013474dc727169585524	bef79312afbb42ecb26a85eb37171d54be321b659b1f6796ca384ebddaf8655e	108e9186e8c5677a74e280ccd3540a0e954c9d44390d65f2b66c389b7d9babe42b4859a8b7fb179d	2884055689	1789722029	complete	967537
238	skip	19cc8e4419feb3f522dd80d4fac4193400305cfebfb2df6177aeac0fcc46e67e	ffa217fa238caf832585c3f3fbac87cffa1e236e9a631109f4de0db4d8967bf6	108e9186e8c5677a1ed496b6f9ab6a4fc4a03ee64ec385b154a2219b34bfbd375f8e90b6690fcff6	2884465521	1789725632	complete	967541
239	skip	1854a995b8ec8b8afc2d8dc7b5c20b657752290b46dc48087d7d9552d586e5f8	9e3c435ce14cabd6bdec3a9db4724fc010e0e287d3b28b3f6f4076a7e0a6438c	108e9186e8c5677a49d53a963d2a472509dbdb64b24941729e513504a4788fa9a3c68b8cf412955f	2884725766	1789729231	complete	967547
240	skip	d5432f3ecf87dad58e6139e0db4d60455f1e2b261a0ffb84ac737743fafa36f0	e38ba88e472c2ee69f365f749114861d462f90f310f4ab33eacd24175781bba5	108e9186e8c5677a54b872b44d5af19b89bab75996f54e75d72f89f64c884826b7d59ea5ab03d859	2885321351	1789732847	complete	967559
241	skip	f4e3961a8d1f6c54a0432c7e6210513de1235c752dfd1ad447bd5e306361e3fe	c38728535a12577cc5e1f56f7e1d56634aaec56efecf5119fe9822c02cc727d1	108e9186e8c5677a033b404feb77607e9d2050179e77d00edffcc9e1c117fbed7f7dbec40b878165	2885781802	1789736427	complete	967559
242	skip	5f041439a1c1374ed3c1687fa2d58e963101e23de2f653d4ed51e5c805ebb3cc	d3dc44707a2ebc4d7303603e73c3698c0e6f802e70901cdca9cd28c5f5b43493	108e9186e8c5677acb43e698b90fbca1f51043db6797ad368bbfd6ea3d0636f67480946d7064197f	2885960395	1789740032	complete	967571
243	skip	eec5881b2f4112428709fcb3a830e246be10647e338801e13ab48cf2bca43ed6	9ee9516bb7923b87e4efbd9139ac9362a8f0ce8854bb4eb7f74539a3c3046d56	108e9186e8c5677af3f0bcd68dfc0c1aa39083e2f6c6fa868b3b13817e916bfb3990b162e44e701b	2886193617	1789743630	complete	967571
244	skip	bd05d016fa28abcb3b8b5ac43ffad103c684b5b2393d79439a86718a2ecee9ea	dbccd26dfa63330d92ccc1b626819662bd6b765f75649f554db2a27e28e7b7fe	108e9186e8c5677ab22f2f4d824956e1f7d45406e17aef1df26ed02f3d8cd4ff7679cbbb101e4d7c	2886457785	1789747240	complete	967579
245	skip	ab6b5c7d4dd05fac80116aab81b13ff4c1200fb01dee537625c4851a4ed2d36e	bedac9f031acdc526ab38a5248be943f5dcd382b7542e14b306c373e05dc797c	108e9186e8c5677aeffa708a10db92280380aba4f94d84ad83ac73aeae7fa003e922e4796948a25d	2886634689	1789750830	complete	967593
246	skip	003de4cbd68e39e5e780d001eeceb5c43ac65cb807a85e5fc3ff15f703085674	e567d21b8a9e68b095e42f4eca574f5016e7e493531ffb2eb1d61870777725cf	108e9186e8c5677a46e9669f1f2b606f344e7abd7f242836b678ea453ab4892277a16c2feeda59c6	2886799072	1789754431	complete	967593
247	skip	bdfd75723af8d0c81ea0028c5d6da9ffc2edf1df7b1676a8803885fb400c45af	7eec3798b3eb3de96fe585958a4d008ea35442fa6261b6c360f0b28af89a6c85	108e9186e8c5677aa62c6610b8b28298b7225e4a102ebe10a66c84af367a270df422163580a510f2	2887193540	1789758029	complete	967597
248	skip	179ffc750e3fcde3a83740f1b2b99f92bf247a8e797ada1ae9a0a24cd5e2f52f	de23e55e3a44ce24895ab199631672b25ad5ba71cd2c69a6b6f995bfee6c32e2	108e9186e8c5677a41971e88f28c0a02c45543c399089fced86e960c231d1b2dd4a95cbaa9043609	2887687514	1789761628	complete	967603
249	skip	6b3bf9f43eb80ed37360bef0cb3cced6e7695a474a2a7e72ccbf1d707781bc4e	ca184667e3090c4d63359bd7ae0d443eea048825e5912deeac608d977d1090b4	108e9186e8c5677ae98e0ec556a680fdfd1d6d5e1c0d2f1864fccf580b7ea35ec5c0d826f2698c0d	2888091323	1789765229	complete	967618
250	skip	0f7a3974d17fdf2ed8d4f8f67173193722e6e391367b7c1e9ccfdaf1d73b58c3	69168d35db332351d58d7db24a98cc4584ee8678eb6afd6edd6be89cd14273ac	108e9186e8c5677a2d164c8824d8e9e2f4872286d568fc681bc119325871fa9c6a92bc214d4bc64c	2888321330	1789768829	complete	967622
251	skip	4810aaeb51ac94c57acea5c2c1645ce165fc48fe64715146405b48c92f64ecf9	2e0429b12497dcf34bf90ed88ad66ff738d1afbd292e6c46e34fa5a1c563aad1	108e9186e8c5677aefdee2b54ca09aef41b1bfd67483f4d21568042e9d2989d174777d613b0e7b57	2888562727	1789772430	complete	967626
252	skip	4ab6ad083582541ff8dc29c52ee0818fd4fb6b072cac8abf47cb0d9e792db364	3aa325c4ab4e32d37437e381cd84004ca036d7413fd33cbd1b467fa6d7aa32ba	108e9186e8c5677a324447a02656f1a4e9ff86bf6a38aa9fc6297afb30a60b494989500a9f3eeb5c	2888848919	1789776159	complete	967636
253	skip	58b164bd93cea844c33172b39b932337211ac3e4e07d9ed145d9decec310758d	a14aeebad39fbaac88a03d361c7291e634e84170d1c8fda18b236fc471dd47cc	108e9186e8c5677a71bd50982b060cd5d261e975bc203ac9b55b567d5d6498e782f218e610324110	2889351428	1789779631	complete	967641
254	skip	6b22fa677f839215a205a7dd432bcd994178ec7af331f139268be5aaf64e524f	c02a8b045737b9951b0e93fd356fe8ae6276493cd172c95dafeb8b3baa20805a	108e9186e8c5677adf2ec34cccc3d0f38e17f26231d143164e4297d4862d7319e5fcfd989f696b38	2890176468	1789783228	complete	967648
255	skip	a85729cc0386634bd5689ff86614560c004f56a50639fd1aecb166240df5d9ca	257b0a79078fb24a01eb678d30fff6e07ad2eabd22ceec1faf4c8eb0f33fd555	108e9186e8c5677a545a8da6723915eeec47ed8a57f0b2c72160cd205c2ac410331c05a478bf66b8	2890417050	1789786833	complete	967656
256	skip	ff90e4be9e3cbd0b93ae5fb082a88133393225485e3cf6e8f7ce22bb5c90f793	f8ccaa85f051441256f5d4c4306b7876ee720582342228408f2a68394874798f	108e9186e8c5677aaeb465d652d81ac4679264c95f0e501a76a9db2d6386400644b67b4fd756453d	2890660829	1789790428	complete	967659
257	skip	f34701137356d409c060e8ac897c7a13ede3c42ba9f14453ffd3e320744592d5	835d0e0c4985d1de83fa7048d035794215b590344c8b3d9aacff57d3c09cdcc2	108e9186e8c5677aa4eb914435dc31d592db27f42b4c5413ebe4979bd298d41b7f70ec0678818e42	2890874442	1789794030	complete	967667
258	skip	b5d174045856345fd38d622978c914c5e01bf894081cd96d3070b46992b40a05	8791e5f5941982869753487d7e7ac2fbebf3824380901d490f9638332c1a1909	108e9186e8c5677a5f94066a841bc4d7c2cd769859327323acdc7431f3adb763f344ea6380f16c59	2891264443	1789797628	complete	967674
259	skip	948fe7e47473643ddbef9a8d0e12133adede7c87866c3d57ded009cce79f432c	b02e350c61b48a36416ce0f70903d92407fe9153719175b1cd2ca242b713508c	108e9186e8c5677a2226fe41cd018a4a6e15e4e75e726f8d327c1149b55456e0a000136202eb1e54	2891423537	1789801233	complete	967682
260	skip	3e02fa368d052fdd75de356a445f04b72e66edb4e6fe6a66812f0db39f5abfce	988b6a029cf9af70e9abc19328afd5c0bdd3e328edd1f25efc882edc20f0cd00	108e9186e8c5677ac3d81da7469b9a5d53fa73c96e259f05523da4540af801e7674122cb239edd77	2891776080	1789804831	complete	967692
261	skip	57562ecfce5e5d1f91c9e44371712f88ed8ce9bc9e4e8143b4fa91919c12a18d	44fb4dcf611821e49c415117dd42912fb30768d9975f5197a2706922de20aa80	108e9186e8c5677ab161afbdd7994704cd230dc825701439ab512cbdb54fa6fba924f26ef837f067	2891955181	1789808430	complete	967692
262	skip	d2e23c4c6ec50c598bc52e20b5fda5e108a4ba197fca9b02e6b591f1215a6b04	3ad2a22968bd3984f32a40a219e2108918959e827a4537e187427562c8fcb91d	108e9186e8c5677a2ce3362acf833334bd389135680bf2b26b5e8c79008a2f5c282f6562d982bcce	2892077124	1789812073	complete	967692
263	skip	af286d3db71e71fe064a84fe1b79df9b430a7cae3997e2430404bf8d0f066a31	ca2bd5a1302d1ab9c4b5fff2eb9938c616a51a12d0ff9e31f0ed649a03adbfa5	108e9186e8c5677a0681f1e6eacf591b7d85d5a735e0e4af163508e91e7c27a045a61c8c950f096d	2892255176	1789815642	complete	967700
264	skip	3f730498f928b6b2ef08f922615c11b644679597de8b6a583aeb630673fe2bac	dca9fb6d409e96f5f7b9f6446e711a57726099ea8583e8b7b5b3e4f475cd1ec2	108e9186e8c5677a523fe454f6abb49d6fa66543233d1232135378a0488fe5c589c924d1858044ff	2892365406	1789819237	complete	967703
265	skip	52855d84d6090dc47b5bbc509cc28d0e4ea3fa31566ca79b57c3cebf8e99117b	42ec4ac1ffb9a49202d808d3a8030c14ba738c1fd9fd617e4fcd94eec7e23ac1	108e9186e8c5677a9cde6b0962d94d944e0c1153bb934eeebb89fd8966ee0a3a737f14c2a6a8136e	2892511307	1789822828	complete	967717
266	skip	969b2d4ecbfb6f3176148322095de20fa71200af2c70508f76777e82f38c9761	926dde168e73051d799e0d789d8e08c0e789ed9358bad51eebed7860ab97e213	108e9186e8c5677a995cd4bac6a25383814c0a3b519fcfec2e20a7d3838146d76ce0a90aa1cc272d	2892605449	1789826434	complete	967717
267	skip	2b797b188cd383070c077b1b891270d08ee2400e6b5ccec36b149a7f0e7f3ebe	354ccac536d299f94d6757cf1c10bd1327693f4984a3c24e5612adaaf1ea8051	108e9186e8c5677af087cbc304b6498f9edaa1d9d72564015c5fd45d49c88aeb3b7d6c9a415ecf66	2892763606	1789830036	complete	967720
268	skip	a5a24525b9694467ed05f0a49b8ab8e5cea97b6ce13ed865a501c4bfa8fd0a7c	b985392c8700999d3d0673954f5326fce85b95012a9dd8f0726fa7cffa7159ed	108e9186e8c5677a4561230e36d9cb1d045e9f84ed5621f7cc24363f10b155adf59e572ce71e74e9	2892854955	1789833643	complete	967728
269	skip	b7135242292452c1d2a196b8087e5018e42f0da347f8462c0a2ef6fe4a9aefaf	acdaa629cebc164946da26c40699472d0d6be76afd3276d000757fdd8633a861	108e9186e8c5677ac859e26685840c0a6fcb2401f30281c7110c1989370b1594c9676d71d1799a8b	2893002051	1789837240	complete	967728
270	skip	aac7393c864b8fdf955edd329ca36f5965fa8f9a1d40b7e59d359ff703e99bbf	81c5f7712989755a300f1e78e54fd237b485d7cb82d83614c4dafeda1193d3ca	108e9186e8c5677a486a8b712130111371dfb166e5965f8a5afe47e6f6e474f2f17776d0ed8cc2f3	2893095382	1789840832	complete	967736
271	skip	82fbbc1393482974823377355db4d21a8765424a2a990c405789520fccc5f527	b192c26ff8a544104ba624c0abadf5c71403662773568ee61395430a8f13c9f9	108e9186e8c5677a74c4402cf2a154b20ebc2d08174665677d0ef8cf63cced6d8e6b29045118bcac	2893220527	1789844433	complete	967736
272	skip	a44bac283356fb601f9c9a6c17ee6f320fb3bafdb9e4ff5b40a6592dd19229ea	7321b09420ec00acc008bae5d1c944e61f49386a924d21876cc822e4e913b66c	108e9186e8c5677a1659aa41ddc39cf1f554b1106584f5cc12c205a97a2c1277f0305ac41cc5e2cd	2893323283	1789848031	complete	967740
273	skip	1572992d8708d8e9f217ec5ac28aa445f4cf6ddb800fa5a6125bd51d3109e773	13aa35a0e62a049bca95f01a6f315186987a6cba44baeac6c2e2589d3d32cb7b	108e9186e8c5677a28019928955717694b1237189093afa5dd3dd2ffeab5ad73f48649b83efe7644	2893445434	1789851629	complete	967749
274	skip	2c2df49f3ac2c5bf9d3b25e5552c114c0887dc21fe46a7f1d4b5bf6c06ab2e88	ec33b7b340c1b7b1094aa16057f6a895c55d0ea6920abaff89a23c54f81c8262	108e9186e8c5677ab0e7d4642e32ddd1a65756aa9f15ec6d86a806da3b79e172fe2ec9e0d2e50b30	2893587432	1789855230	complete	967752
275	skip	c6d156252dc049febcb3327270b85eca98a891df9ee5019a00fde1bdf4a65e68	64640888f7d399c66e411c8b122ea37253c5646f037a4f8f2f9c6a24c6c7e961	108e9186e8c5677ab9ef34198425531ffc9ce5d84f2185c7ac331394e97027adeb4d1cc457015668	2893649427	1789858829	complete	967760
276	skip	cb5c659e30def95bc9d88998427729ed6c43852541e66ec135ec2a0ff62c2d1e	13e4c437ddafa1b2d8d1be6e1660b3fdcb4a72fd617d686a1a5efe5d393d064d	108e9186e8c5677aaf393378ca34cbc83e739d88139a79ed7ae3f41b7e11b8ee2f8c6f71385609d7	2893732251	1789862441	complete	967762
277	skip	6993f41e039505dc33b05d232d343793b849c0777010534adf25cc4848026dbc	e7f001a61ed6bd26dc1fafecfeb86705da3da18912644716d78ae653a66bf1b4	108e9186e8c5677a6bb6e19955d09cddf84b2f4ac6d1f98dbb93c413d252025a79e68de355abf214	2893799299	1789866029	complete	967771
278	skip	cfe408f087741779e84f495a06ec748d0f3f3a7401e958b12def9fc7abc201c9	e99df48ccf72d0e4d5ee4449e4c74b7dde12f7178c8ac87ec1e536a00990418d	108e9186e8c5677a9ace6188fa5401384c7c04d1b5ff36932272fd92fec9805596b6820173f9a84f	2893887459	1789869627	complete	967779
279	skip	4eb49f7292b4f5d18902860e06bae4bae5ae7ca7cae16542e934f33671e3d37f	87002a00f9b001851579f5058a8ae95ba89016b152104ad0875282fe47ae28c3	108e9186e8c5677ac3f1751a6ae7803164a9b3de3ba34716d1351a82e570bb94bf555a29c633a8f4	2893929285	1789873234	complete	967788
280	skip	5b22fb413d68e64657ab2085997427777d3603e733f98549c69434c6fd7aa114	c162afe77dc871c99b80ffc20ba39c534ed17373b5ca9551e109bbf1402a6d16	108e9186e8c5677a588910cb64a72753e7d8a6f29a96953148e8ee0a6e2a1b13e825fc2961dc8524	2894014105	1789876830	complete	967794
281	skip	4c078d6f401d9d51b07a38b99829b1f5c1195e88feb41b94baa7307b471213e6	7a9970ea85afd551812c0297016e2e43bbfe60a06cae5e34d00f0a08d91b2d9f	108e9186e8c5677ae6ba718a1e2173cb66b621a857f339404a33fba647c59ed37fa83a01c2237d59	2894306327	1789880431	complete	967797
282	skip	ae6ff918bc7bfaae191310e62e968a82f40ae9353660228ed01fa01af353498b	5464a246d48deb1a816caa5bf06247d7facf994506476bc74e37da64402bd160	108e9186e8c5677aa91562fbf09f2817cbfd5d8d4b1d67d99fc16ff2abf1eff1fc7dfbdcbd8960f9	2894991794	1789884033	complete	967803
283	skip	53c2a84a5f5fcc699a13ebaf945c3281a8d4d5a088777efc846f7daca405bf7c	89177fdd9d28e4bf6a4a047ae2b9e287b3b91683fee6ff5105d0d629de68036d	108e9186e8c5677a69ca856d45eb8510c69a2416b798c141752f509dd61d6dd4907b889408724f52	2895480335	1789887630	complete	967815
284	skip	f8409ba9f894fe2a196b7b9d1c4ff4855afc4d106062c00c2b568d1a77a8eee6	bba98d5e0afa19b34635520c82195b09958366ae4a80d3e23c41f948736a88c3	108e9186e8c5677ab466d2b20a069c98fd0e6417fa5870bdf887f91175994cbd5ce6fd11a9fef311	2896094697	1789891235	complete	967815
285	skip	0d8eb9a67e8531072975ba8c003a5dba296ddee214d3f5d527c05a602b88b5cd	7a4b2edee31a447577b1003d2028232c73b8aa68f9172be673675bd97d25c5c3	108e9186e8c5677a8b3743d3c57c9262dfb8ad198507fb42141386c2cdcb30a74c7e9c9e76378510	2896613731	1789894832	complete	967815
286	skip	1938fc12884137c3ec64653c400ea1e5fc9547f40f724648f4d77db071784861	12087d2468ed4e5c3cd44548b07366b1dcf0c3028a41ad500054a6d1ebb76e5f	108e9186e8c5677a24e07c7773d38e751ea0827fac656d21cf9d1cd53d446fc64ba03be47013b8e4	2897195539	1789898431	complete	967821
287	skip	904401b49bfc7ded0b35b2d3ad910277762376f04c6ce23afb0782b184cfd128	76ea577671cdb470ec9b413fcf3d66f9716942c8e642ed4045e9055b1e4e70e0	108e9186e8c5677a235d36695fa6a863329d840deffad34a267d0a137c42f3ed6ccd2a1ed1d95973	2897654371	1789902033	complete	967821
288	skip	ffb163b3250f40fa33e1d3d70414bb4836ad34b9133d98137998162e9f394c0c	8ce472004904115c1bbd874f11145d831c6f304e9b579d657e6c58233365d476	108e9186e8c5677a99452b17e17f5d69e74d9e701493245e60e20da4119b080426ae41ae8394f197	2898348831	1789905666	complete	967825
289	skip	27f0f1fa60ab632fb3673bf7a55612ac86757b4b4f13e94da427b5aa69980123	a62e03cf624e016fdbb5b1497239e9132efdfb695cf22d6b6d2d4644542af787	108e9186e8c5677a645e9fa9d1b64362cc990756b0c0ed54d288bdc9bd985ad43327ba598acc7fcb	2898994514	1789909227	complete	967835
290	skip	7a8cbfe6d35ef250e07d7959c5f2fb61aff43494f9f528c3642b5e150a2f99e1	aa554e11afff92d26a5df720d96873078542326494578cdb64f6d55963f26de3	108e9186e8c5677adf97873d122191b2355373cc123d294c40ee68c4a2168f0ee412688c96310446	2899794914	1789912831	complete	967839
291	skip	ce245bdb417f37d81ac1f64e69ae87b145307ccdf8634fe6a3d764df61f8cda0	78ce7b3e17df8e1509c9ff074969e9102acb4d003a84e331f8f8759d203ce249	108e9186e8c5677abb3a9dcc57d2182fa6e53de45e684ec83685ff89c299bb3c82944d53de22928e	2900589621	1789916426	complete	967850
292	skip	96f6e70676c96596c2cacae0e1f37acf8ec054c3d0d1a19b8e6e29d37057bae9	f41599b52c87885f3f5ce8b85145e60b31077feea5702f5513f10ff2b3272acf	108e9186e8c5677ad6fe6552f2c92b62d692c67ff26e9e5b6deca12fde67bc0326bfb3f2856a13d7	2901169664	1789920027	complete	967859
293	skip	c7d5985ec63f06e0b82619e7a27427411004bb0fdf8037bbd59b4537766902f2	a039ddf10509d28ca112e6ef22df1de4ec6ec802ae59113044b9468518289c96	108e9186e8c5677a17182748544bed175c41f6ac8f98ffe6a457df65bbc1d495faf01191d5c11533	2901554540	1789923662	complete	967867
294	skip	34a49c99ebc1b41b7d089b940be7b53066c85549fd3326a630dd86e4e3abbede	1c5dcf87433aede4f19de48a8eb7a2ea2f202bd7874e144d462e2cab04e43936	108e9186e8c5677ab3b7a61bb91ea6cf568ce39ad937e4b41ac256eae0dd2376052692b9ad7bc966	2901972769	1789927227	complete	967873
295	skip	71b8ecdd430df1aa9f690f3e983dd3a06d20e7ebe3ee20eb987ef175c2e9c06f	51e65b2d9b6602835587361e49dbea31efed2ad49db9bc1fc6563f7c646e8f42	108e9186e8c5677a21a28b5195a0c0ec675907e9c3ff0a63aa8e3bdd750d3c496ec46fffb8f8c272	2902540302	1789930835	complete	967882
296	skip	fc6abc9a739c15ec82e30eaf9dd511e778d94cd079ffc170cb68ad9980aa08de	336db135f85ee44b75b1f45bcbff2354ef4e3d1d82a548135eb7b45453daa1bb	108e9186e8c5677a2ae13bbe7398ca7b169d17f0ecadd89ebfb2675f72d04ba7c5694eea8d5fa295	2902930532	1789934430	complete	967891
297	skip	76ff7305ca9373e727affc1478f62dd457b12a12d9e0dc0ed53cfecadfbba38a	35e0cae3714f00ce9d6312f4b86c68df751fc91d87b784d00685aab8644c22e3	108e9186e8c5677a0671f72177b83d6bd649a9b5e8747412a71e7ba12b64e1e9bf9f8d5473b97c1b	2903280787	1789938027	complete	967899
298	skip	e1219f1af0aef2865402296d34db67ca140b4788cbfef009ecff364d388fb7d0	5883a12d41721b143bdc9810c07c0bcdf79d37c09ba6539f2f2ab22782c78f4f	108e9186e8c5677a84069b35e1f145744ec06e9f6bec6eda900689e9f338e3e38abe882c41cbb4e2	2903599888	1789941627	complete	967905
299	skip	a337b64e3ce13a26a9ebafd8c599cfa289aac8e15b3029398ab280525b2bbb64	af5224366ae53eb981a7db89961d5970efcec02c96b1c72a5d534465e10cf0f8	108e9186e8c5677a7c5119ced6ba47b0029dd4d789378317763dd0acf90f689029bc9d4691addfc9	2903858080	1789945233	complete	967911
300	skip	104e18dd349051ac2a17e4f34181eea8ec9975b8bc08ae85822ed4e1c7a69289	10c0d98a9542af2000ac4e18aea8d97965aab3545507cba949a157add679bdea	108e9186e8c5677a9472b44e90b33f03c446993295b4d51bb714e355342d0f16951d550429d8a1c1	2904581369	1789948832	complete	967918
301	skip	08e3a3065cdccf484d81b19ad07ce54ce62d63ed64a41a9572b3022188afbbd7	23a2d2294f07aa351cea35d7e6832309720140e11648b7e3fbd8ba904e457bb7	108e9186e8c5677a879fa7eace118ea567feae623b049ed520a8ddbc157aaceb705a10fcb210347e	2904776733	1789952433	complete	967918
302	skip	45d0c1cfcd4d0b3112239b5532963f212d7b12d21a19742591b6496020ea5d9a	2d57d9fe04a31569c09b6ed2b864155a187a02aa30f94087c1ac9c15b4844507	108e9186e8c5677a15ebdeeaa7c51d5073c29f435591f83a7ddbb6912ffdb0501afe54292d561909	2904827521	1789956028	complete	967925
303	skip	9fff62da08226dd950f4e23f8ebfd790a17cfeb1e82130d7c58c7c6f1fbaf4cf	c544e37268ad0073960f9e9f2f34735e1f387f85231c743f04e4a7aaf3eb8ffe	108e9186e8c5677ad8897f6d124ece9e66624ef1122acb349c46ecccfa9bfdb94f62078323d6a273	2904867549	1789959630	complete	967931
304	skip	1722fe771338a99683fa4f16e4101c33145909ca08fdc3158d81176d27181fca	12abbfdf0bb7a35f66f4509f30f54f3e9953cd6b3e0ebe690c0cd5c6ae112ad2	108e9186e8c5677af53e25543f0b7feac7083ed69601edde0103fe44aeb020b1b73a014ac493689f	2904921091	1789963227	complete	967936
305	skip	a63b4ad7dbc69ac4aadfe15df2ea4d24e9dca29a64a7abd443ac3b723c2c5cb7	a1d06a04a735068c11ff120347c4f734d73171eb996917a3f77d81f9d22a633f	108e9186e8c5677a0bc2bd624aa671540908e62c0ac0864a164b0fbf762e032b9074c8b0dec6fa59	2904960565	1789966827	complete	967945
306	skip	932a90dba10b3e159174525970b4d655ac072c5bcb626a323be610f362b99c86	ab84c0c3b79ce5888bf8bfbb12d3230bbdb3a2107771971a4489f5dfa654999b	108e9186e8c5677aa861b065eb5b31823d3e241afbe84adc60b9dfbedd4556742907d973ec25d2a2	2905022571	1789970426	complete	967953
307	skip	f3d6de344465d80c63b9d1cb67ff72a16f2a51688cd3bfdb6404e3556fa986d9	e04f25c854d69ec46dbea96e921615a75b768bff7529c87361b463fc427ed84e	108e9186e8c5677a882851a1361273205e5baa77226f892718c601a70937bd71df72b74b193225d6	2905095805	1789974032	complete	967964
308	skip	c78f640622c23a816058486ddedd79efdf3eb4a684f79e1e0dda6f9048a8d071	5eba06101d3432d8036421a264558d83ab4efd1273f6d12a87b306117043e2be	108e9186e8c5677a48a44afe26ffd867c0436aafb38581dfe711bb93a962ec3dab437bdad00c6140	2905167751	1789977628	complete	967966
309	skip	d8038462b0f698561ef64d77464a8eb5991337c418fb04697b0c07daa80cd60d	fb9d84afc76784a5007846041357c4c9f55de7cc36927d886eacaa08ad9b8a00	108e9186e8c5677ad60af92fa3a11a81e4da7abaa56638f34f5f4092e7ab6583367eb1be248560ba	2905299307	1789981237	complete	967971
310	skip	77ae8456dedeb643f0d0c6d49826a5f68fc9fc2fcb89614966bfcb5bf7f8854a	932970efcb94cf26e8d0cb8960edb4f8859381174c2bba99849bb64b02aa0cd7	108e9186e8c5677a81efe0f1d5f4501cbcbc47ae18e614d55f71af0797b676931bef3f4dbb0955fd	2905476259	1789984831	complete	967975
311	skip	dd5e4d33f2b936bc1c2f4ccb8230a8ec9762d00c829c2fea55c465c2030a3243	169c6b9c0d08f7bd1d697631db2411a831253c94f12b3de7484f83cb32cea008	108e9186e8c5677a8e6ea2873928fedfd33151c82f4b74daf8906317a8c535f6e871e413a8deb066	2905555666	1789988431	complete	967980
312	skip	b31649155ec52640ce6d84c7fcb3861ece310ae3e789317082b7316dc2317375	8d94162ff95b5494735a544a6cffa873b049ad1b96adede7183e1c2f44520037	108e9186e8c5677a0b0581cbd992366215e61f27ff4eaa364d238eed2c4e53cceab89249a59bf315	2905716228	1789992032	complete	967984
313	skip	00924f6b2c6086b091e84c47527c73ed9067f46c42ed809dfebe5c22d75420b9	f1fc5d1d5a4b28c9c1f220065fc26486f30fc324e977afb68be5ad2b6b6fd9b3	108e9186e8c5677a9a111d285b07f7f2a9c194bbfd2e205f51b72544952b89f682ae0a3013b23155	2905811726	1789995628	complete	967997
314	skip	fea016b55247202c97e95c2e5eb39e4f5c1f69d6d28d97edcbe41096f7b06c48	794b2ada444b454103cc5a146f8df265c3db03f0c62af310c29820dd44755b27	108e9186e8c5677a32b82a635088b109ec2d211bd5d79586d462986fb22b9c961e8fadb57eb5dc5e	2905907660	1789999232	complete	968006
315	skip	08e391cca9887aea32663f25e2af1f8d2dbc453057bb6581ba2afbbc68545f1e	81d456cf2dc7837712c98fc1d11a72fbfa5ac2be1dad1827a6979b33c37a8cf4	108e9186e8c5677a3ca7b64e735df3cea89e21ecaa06e0cbdac98a5ff884c5e3febf2e3a4341c40f	2906067766	1790002831	complete	968007
316	skip	ca2826db8dc39ed04a6c621825af035e03a98acbd6a7ff87e373446513e178b7	7c8528900439fc66aa3a1ac6c7b97519bdb72cbc2e1d4c80e6b0f11dd3adddc3	108e9186e8c5677a6d8f61298c721b03b0282839fc84b4abaeeb9a5259ea8831e159dbd276d53dac	2906342788	1790006430	complete	968021
317	skip	65b4346bc73e7d5b1d06e0b6114dda904da583f7acb60cf9d5fb8d6d079258c1	42394accf1edb58c89fb85683cb0271c0d425f1378d8a47c0320f13d7ad2c5b2	108e9186e8c5677a301c53e3b77dcfb8342a3ed7510e6b4330ec7221960dd877460d23cf1030714e	2906434758	1790010030	complete	968030
318	skip	ddb7bca454bd3e6361b310ac82e3b68e9b7bc6eda84ee5f7e1bc603ea33b8ae4	b88020797bbaeaf6bf4dce5adb1319a6664d4bebc9c9e9da8876daa38dc561ee	108e9186e8c5677aea4a9e0ced3a2268807a27e4cc3b911f6fa09437f4b7718d2c0269bfdff5583a	2906505301	1790013631	complete	968030
319	skip	78f681c34662a242e6a7e13105d7825a884065da7cf923ed68a289186ac69eb8	c797b34be0b8070a13080ec0e25997f2376688e17e3f5ff03b1c47b0ef6b5a71	108e9186e8c5677a7e7504d576bcf106d86fcbade952a667ae7689c193202c8da836dc3b0babaec2	2906634366	1790017231	complete	968034
320	skip	fdb2925c8a92464aed6466cacfc30ed721c7033c1760e9cac99985ff61e3d9ce	1cad361893d6941835c9b037f1dcbfe4574bb1c6bb07afcc854dfbe39d4119d7	108e9186e8c5677af2fd6910298612f47f4b90b56b7228ed9d92f798c7a2d581a735bbcfaccc7b04	2906890411	1790020832	complete	968039
321	skip	1b9c61a5220165e36fa208d0c55fb06ff425b4831ca7e336f0a666664fcea448	5f9b12761e385e3d2b4dfe27c179aa2b655e0810b62e039d0c32c4eb61bc319c	108e9186e8c5677ab3cd5177c8a55a1f6450b29e7db719c782cbe01db0e632960f982720989781bd	2907030532	1790024430	complete	968047
322	skip	7b165b09817e6111d73ccad203422b4fd1ec98d57e788fa4537868e0c08d0479	27f8dee74d1cb663a71e03df4bbbafbfbd2bdaac67b7992991e357b409e7889d	108e9186e8c5677a9cac92f73e34c17c7fc27a24ae86d0fb8a234c4bded1cab7608937da081fad85	2907111355	1790028028	complete	968053
323	skip	1fcc997e63b130dfe471e39e63a120a86b40197a6eddc93f997c1d5a7e70dbb6	884e7e77ee2630bd14a9db669ba7673ef4ad3dae26e30800ede573f425dd2599	108e9186e8c5677acedb2b11d31169b71d4e7da1dc9b2b5e10893861042b638bae8e4b54852e13d1	2907249377	1790031632	complete	968055
324	skip	72b99e7046cc13c88dea2a6595f7f8187b01c4b304a3634ba0be117e8a20d616	1bc96c7fcab6f953415e0fef32efd1bd6c1a9c52e340b892ba1efd3feef55794	108e9186e8c5677ae169fc211ec06bd0b14f3184d949458dec715da2adc096fc551e2e5aab1bd08b	2907352317	1790035227	complete	968064
325	skip	6fbe881abcb4acaa6c7e460be894e6b01f2011df0e7f409a49a5aa7b5e6fe48c	644c0da9c8f1db19f6a194037e5288bfab8b35b9c8239a14d5114d02c8c960d2	108e9186e8c5677ac070f9482351efb3a68ff0528a92693b33ad3587dbbe11a0af154ec5dfbaf562	2907601866	1790038834	complete	968074
326	skip	124b044f53ea0ccb427632da6ebbc50747a3c6517801718caf6087c839d82f98	3f31df3e0f46bbe7190f88a16c868edf3ad79e38bd3d5a8b45d09c67f2401b63	108e9186e8c5677a48dcaa81f42517bb0bf9d1ba016d9576c6349cf75b4277657fe724e1c7063e0b	2907673597	1790042431	complete	968077
327	skip	edab3a6a932aff3fa40639c7a28b9965181c83e3265f59590773b4c9bd140e3e	2b831b82acdd05922e17f2ef92cf3be9cbe07061d6453fb48d28e029ee5d3522	108e9186e8c5677aeef4447b4591faee9033751006d4537ab07078381adfc564c0a74db1a4d5410d	2907743950	1790046028	complete	968085
328	skip	23288986bd62d9db47913ad874aae835d6fa0a7b1a546a7897bb89f532330e7e	bfc3d20f8645bd2114dd7faebcaed1a77030518300f6259aeea7a3ac5ad7a8f5	108e9186e8c5677aadce8dc8d94b5643e3945e1aa2a6eddb9809303c983f3fb29e2fd81cf4f9db4c	2907869012	1790049628	complete	968091
329	skip	68201e854027bda0d85623425233b8062b9e46c5d0e91ff6c2b39565f14b75d8	2546851a92fe832a6699eacbb5493968d1a639ca4fb4196f3a0087248876ea5d	108e9186e8c5677a03931426cb9ee662857527f99a54483a5e65c3c6fbd1fe9a3e62dc230e490bf2	2907978242	1790053241	complete	968102
330	skip	7f80a9cf9efe670a5b295bb47327d2618e81ac9c9593cb24016ff739736ebb12	1032770aff9687d84843a80bc3a46245a04487346678de96d411d5fa26a636a7	108e9186e8c5677a76ad813a7b950ffd0b481536c28d011b0d86a6950d05be661d4af7bb24f391b4	2908080197	1790056830	complete	968109
331	skip	303a35a42cda8b802a18c677a56901bc5ad0eacec6086dc1729a39f2f4a2e523	817a5c2d94a5d181827c084c8906d2d8effac7a3ec86932a0d0c969ecbab5fa0	108e9186e8c5677abf14ea1978abbcae69781e5de7852d590b5ff98215174d849531b8d36d195086	2908339463	1790060427	complete	968116
332	skip	5cd77643aa7795299de73583b461370cb3a30a3c355d4f688b664a02b96818ea	9b5ecc8148994e13dc87a2a3867d12547bf7f2f3c9e72da8a16dbd871050ee09	108e9186e8c5677aa9e357a5dd3ba1c5d6e0f49247236867e7fce7b651cfa6fc87c19e8e17f4c34b	2908709954	1790064027	complete	968122
333	skip	1d7f236091667fd0ac7c0d2a6477f7e0ab1eed404c390e0e117b7cd20b5a507d	5d3779e41e18ba30a7a1208f72118727b9153bad96a2d2fc731af0286854afc1	108e9186e8c5677a9696613fc23124ae8bd383eda9b2d3273e74448a1e72c0538cda9092701f0bc3	2909040260	1790074831	complete	968139
334	skip	7a0790e4dc012832853a11d461637c9c3ce3305d35d2dcc7ea332b7d2ac83cc2	133feb115476e95b2ffaff0bfd284347e02dcc2d9881a83bef64331d29510f5e	108e9186e8c5677a7ce2c99398f2216fa88f4db80471c746dda9087716e3af5d6ef4307f00c40bd4	2909231204	1790078430	complete	968145
335	skip	251e66f2abd70396dd701adaee7aeb2ece7ab173cad4be63a9199500a2e82f74	41f3c8350d6ec12f3004e2074a5189de8414841ec664a33e9a004778573a394c	108e9186e8c5677a8e6911c74dc84ad9633daf640fc6979fdea2362f1a6e3e39c9aee30b74731601	2909430639	1790082029	complete	968145
336	skip	44521cc4e3e78dfd36aed73f2fb7a3fae72205821d279c9f08bf4a058d126bd8	e91ca782a564b70135cf65437322b3ba4bff0dadd7e373dcf4961fb49b7fd5a2	108e9186e8c5677aa255e96f24201837ddfbdd14a0fce1e83392d12f405ae13c2d30175c4442fb29	2909587062	1790085631	complete	968149
337	skip	c9694e6d55a15a041a9d99831b658c202d23e7025a535e95b1e7d8a565c0e466	8a8bcde6714b870bfbb9ba16fde5a23ce40d5ae4387d3aa9f40afd1c6a8fb8ac	108e9186e8c5677aa2e05c9488d18f2344b3e4cf85111e36379da5b9fc1b7a4d6b3164727dedb473	2909689513	1790089231	complete	968158
338	skip	0fc2fd8018c78f594d8b1bb56c8be8244da6ae37cb171ba825c744128ae043d5	81b28d774c43c1879b27f2207b2eebf9d06e9ccc2ea4e735e4f9d8c2ea2ba2de	108e9186e8c5677ad1a90073ba863f42dc946b82498b97fd7a86cae055eebbc7e18302d78c01620e	2909820942	1790092835	complete	968164
339	skip	adf8d7d27167fdc090141a63f78648166396e5c8349898055a47731e3df7c644	e700ae8f26d99d7fbb059fa43102fcbf91f347dc0178aa54ecb3eefc7880b5de	108e9186e8c5677accf7e4c22aebdafdb680ce728729f43b0cb956a31a76eb5039d1ff26909f0917	2910043295	1790096437	complete	968170
340	skip	c7862a4638a768b69300865b0ab4bb4eceb2184c0a56fb19c869e0d5fbe7a07e	6834032477bd7f1815220662ba79b286890ba04efc2316b7d82613ecd7fe6e29	108e9186e8c5677aca5dd6cb5927d08824961e2d883d9c2f6905de8097b420afca2add9529135027	2910145706	1790100029	complete	968177
341	skip	d9d55dd8b6956966151a82c26a1cf4b73d74378c0fca19bd976cf22ffb6ac93b	2fef5ff050be85f863ad7417b099ce6eb40d2dd042400d9eb9ea923962979a95	108e9186e8c5677a6e0e440ae69b7dda65cc9b2bfb3be689b98ba25cda5c4fba2277abef7f5ab9c5	2910234813	1790103635	complete	968177
342	skip	29090a9361cccb7b1bf6ac42d736ab024834bec2d4415c57da1e432cd2933f82	2ee5ecdab02bcf1c4656e93b004c0bd56dfab3403f17bc44971fc26bf3734db1	108e9186e8c5677ac98d87d5a9254a04184ecbb86f461f3f9fe16dbf52c28b469588f0cad9ea8993	2910381153	1790107235	complete	968184
343	skip	deef8c52fc935cb251d39e115788fabcca3a0aa0ccaa8920dd20fb392833f4a9	93c4e2e2a823b5afa9fd3bbb6bb2b7411f8e0e84865962aeb722327031d4847d	108e9186e8c5677aa113407c8762d728a5c6ca823ef3d3a8f93f863a741cf6f36d6ba4e88d629fb2	2910504742	1790110834	complete	968184
344	skip	f4217f39c6a5c73ba308b8c6ffd51446ae5e8f5fcf7dac035c0a2406d86551f4	850fe5700d29091838ed1db1183ebe96efc55a4ec2b5a1dec1a94c7d46e2338f	108e9186e8c5677ab42077577646d6a4400387b285738c686e76ea89191450a07504296c4168da61	2910903042	1790114429	complete	968199
345	skip	7e777f18678391e6a0f9235a51730b2b98e5460e897b9c318ddef4593e6cba42	30aa965f54d3b6f896e083f8f112806cf673e0f9135ff5d05058506a6ec8f059	108e9186e8c5677a33d6530416fc39cae7f977fc1d0d4ce0f600c3a6cfc6f35033c6deb60eb195b8	2911558574	1790118030	complete	968199
346	skip	b5fc88bd4586115476b2f57cf0c42e28bc303008f6a269a12e58202416dc2fb6	33d3401f04127279cc732c37f43dd7b2c976593e064281af7965881db0dd718a	108e9186e8c5677a87f19ae779cee8130d0b627bfbe08db1cb26b8e08fe1516fb4452382a832a107	2912206245	1790121629	complete	968205
347	skip	bde7e1f60a8ddccdea28aff700bb2057c1b6c92a8eb997085b6ebd7e2a84c0b3	29d40a0a2c11c23f34c1da45d1f1a46a9c329035b820752c82a7bb1fd8bef1dc	108e9186e8c5677a40107c8033f993d600c40d139693477a3dbc4d42460404145f295042bbe1fe4a	2912959801	1790125229	complete	968205
348	skip	f22e928bdcfdd6cb701bc181acf4558f89ec347c6fb4f69b3e99b9d82df73b6f	9333ced35397011e237bf0a16ce5bcaad0c4a68fdb35b24f7b21434d4d8663eb	108e9186e8c5677a7add6b8d96c865d9ff337331bb3dcf2f10b465115769aae88836b793fdc7ecdc	2913630816	1790128827	complete	968214
349	skip	03ffe68d75f491d97b185841aa0a03b0793b70af4f73274fbdc82381518e8062	9eaf4c7bc88b39b3eca8a7b4396bb9790b55619f04fa42a42a03727bb360d099	108e9186e8c5677a873f67da02ee9ae92cd600261689c2aed528048f7567da694186fed613928e50	2914294936	1790132432	complete	968220
350	skip	bdd738ba26a828ebedc5ed0dc2ce4f92223384d09bdb9f53c6529a3cead93342	af062d20354242e7c79efb68566aa308a2dec339aa1c1d770cd89c6b4b44cb96	108e9186e8c5677a3c5bd32309825b973973929566cbb50fca3752df58acbfa08544f5e493640402	2914768680	1790136034	complete	968225
351	skip	5bd1c89ca9a6b39343e2eff8d3cc24bbf4f73e9b5bf8cd66441d9dcf283c1e68	e15486abecc7f3b0926ae9aa28ed62cdd6ea2380e58ec87190a9c8ef6fcbbe3e	108e9186e8c5677af959cf86a32409179a08763824f2f3281bbaedd341bb3cf291b1f51f87371c1d	2915401275	1790139631	complete	968232
352	skip	a1eb9e08a038a330a99ceb121318930d4799e925872f2ff6d0d494743796b741	a16550f77c7f8dbdf5589935f5b9f8b7d324c4886978b6cf43181a1e667f0ae5	108e9186e8c5677a324dcec9271dffd2940bdc65dca994d168d232eb2373ab8fb4fc3839631b3494	2916153896	1790143229	complete	968232
353	skip	dd66c8dfa41c5fc1e435933a32371b8bdd19b1d396f1dba445ae8fc54b5f7863	0947f46c89b18860f41fc2a95eac8141ebe03a3cf31b2160451930664abe2f5c	108e9186e8c5677a0d2eeba753469206c202e679003aa8d83e5b926d601b89236fa3b4098787c97b	2916695135	1790146839	complete	968238
354	skip	5761e4a575dc1dea3852c6455992cbc908a5b56f1e916359eb5f379b9989853b	78c808b62e7c7cc470f9fead98196a036729dd32ade324d1536d3ed885534e9c	108e9186e8c5677a2d26f7a5ba5aeb4a54adb3b15fb642bd87701e5a3d4674405eac94b970bce699	2917148029	1790150431	complete	968242
355	skip	92f0c8fc0e4e4a0fb1c8d446111f3a13cc4bfb78f2bb442ca8efe629c0e59951	bfbb8460fc6a943acb6b9894ee098efb471338ba205b022c41d4352731196ec8	108e9186e8c5677a1df6a76c9ea19e7acf1e6da1883f5c501339940ff5725d7fb59f953aa986f4ba	2917766000	1790154030	complete	968248
356	skip	1535d3e9903944e210a5644e1db9f6c34480966e59c7e65f7da97f082548fe90	ef39285cccb91cc2b8f3edb2e481111ba381253c688727187255a7cdb7a07ec0	108e9186e8c5677a19b23a568d86391f1f494344746b57679df922a2ee3e41772576630fc85db414	2918292309	1790157629	complete	968259
357	skip	f57d198c1221a0165a3eed3e28192054046130e465a42bb3fc3c7cf8d03b618c	c439fe281c335cd7718c8a34209ac299d2881714f3b1c68c9c384b60ecab44ee	108e9186e8c5677a37b83a7ede51c269dc27d07c7137859da7de6a0007d514cdbeb8a7f2aaaa6379	2918770462	1790161227	complete	968265
358	skip	70be5c3e9846be7c9c81f1b61d26a0900c33170ccb0b4e015e60ff41dafbf13f	93857bcb8e074faf792a3a719e97695db0c087574b5f72b69c613f5967bf6667	108e9186e8c5677a73c01d2eaa33d9375e266f266b1a6582852571a8903bec8f747fa37571f45a43	2919284260	1790164831	complete	968272
359	skip	43c8f68cb6e835cd8343b35732a6e22e55d88b4adc4c68f3ad9901f2436e420f	db6ba5fe1d13eb6c7906e71d50c9c26ac6c1cbc4440dd5101bdf40252bfcc5ed	108e9186e8c5677a60754bbb7a4bd4c15868e5930b06d216286c993cb6ee5e61c92192223f1c8f49	2919774708	1790168437	complete	968278
360	skip	9ad3a764734638f993173670d1ff6e001e75a3a0018ccfbeae66153fdf15bb53	728df579482d608711b214a4136f34ea78a44394302f7cbb2a2b1072a6750bb3	108e9186e8c5677a3af6cd18ec4d0986a075f1499003dc982755ec3c5ecd3dd0654ba2c2d0468d05	2920557520	1790172039	complete	968283
361	skip	d57eeb95c15afcb32c2987afb0bee1a5224ddb1a6685d42431c09238a06e6742	cad35f7ccc66cff96516d0792aa3f3c8cf1b5509d4c64fb2c1a440cb4e331d9a	108e9186e8c5677a7d73a7520cfa010f40f648debeeefd7ce69503ccbed82c0b697dfe579340196b	2921454897	1790175632	complete	968289
362	skip	df129e04cf25209d81ae1f2d855a99ab07b3d8b1abfcfa52f513c0e1a5c4a415	490d020d96dfbb22d8bfb606356bb770743cee0b11998d00fbe90ace2c25a01c	108e9186e8c5677a0bf9df98a4ae31281c2117e1689cc1670a678b500481414718a19f32509f4e85	2922290849	1790179230	complete	968293
363	skip	ffc012ccf0f3374d323d9091e0a01cef501fe3f1ad81edfffd00ff1d2b9c5969	adfe6fa4afeef3862b0d01a347c6cdf0ddf2b12fc41927f783cb9142f8ed99f0	108e9186e8c5677a1a44ae94a0b8974c2e3c4916a9feae2f92393e2191b0ddef6b985e60c793ab63	2923136907	1790182841	complete	968297
364	skip	58168385e7649e82c47d739321c57808eb214319dfd8702f7d93a8307c0ba640	d490d7bed67cb74f3d4c9eacfb0ec29f4af856ea7c8eacd8ff1e273e843e6c6b	108e9186e8c5677a7d188c7851f26d7bdbdd71dee7c4daf00f1099a429ccf683c0028daf78c6a7c8	2923956598	1790186429	complete	968305
365	skip	805696289709584e81d4d34a67438f3980d767dfe31c667c2ad289db8b39a0fd	69b3cd16403223609b60d6c0e479450749123a63af50040c061d4e8bc5e1426a	108e9186e8c5677a45bbe1f900819bc9db25b6a2bfad143400f9611d3104f452b0f52154867f0791	2924550229	1790190029	complete	968311
366	skip	9766aec15acc19d91273ae28262ce914b538b5ce26bbdc713bbd756caecc20d4	0eec269201f7175e9bd1d97f23c0c01e582a3cfe38dbbc2e96343f4dca84284c	108e9186e8c5677aa44440fdd0a442a254edda624c9976f7f1a9d5a9e13dd448e873c4c30b07f15a	2925248476	1790193632	complete	968320
367	skip	dac596a5cb08de8587132ae209a0db5e3559e52291b7d14c44f37f854db0551b	3f9ee048c623d85112b3f9873f99972e495df5e412acb796c58c33c03ecbbf5a	108e9186e8c5677a81c395f16ecc30fbe589458a102249415d592b31bac44b124f0a46588f5f86d6	2925832559	1790197228	complete	968320
368	skip	b1ef94935893319a18cce564b811392986dc543c5d41fde71c7c7b280d11840f	56dc8daba14f9c4c17866c331941e7be661734d12464c3724b4a7df02c2061af	108e9186e8c5677a26783f9e090e4b9052db4191e7d96883745ae3d7573ffd0fd9003cd4ea76f46f	2926445228	1790200832	complete	968328
369	skip	3b85e655c4935a59222b48f8af9185a4c0e51aaefcb5549a5bc231c54a9d96a9	57a48904b1ba5dffdac83512fdab70ae07343e7794197875c2d750456bf4c89d	108e9186e8c5677ac08d51146f39209d42d378f3dd8be814d768db37e01a74211f4a009b2f96d6f2	2927393409	1790204429	complete	968328
370	skip	f1e6341a9698b19ed52e30f17af4744f103dd30f7bb6cfc0335276a5e47a72fa	615cbb627d99ba6c68adaa65609c101a61642c352b23911ca857c103b723563c	108e9186e8c5677ac20ef3ed6fa482685f2590ef959aff47fd8c3f4f8cbddb250d276633b7dff950	2927973070	1790208058	complete	968332
371	skip	e5a8f3fd135887d99bc7bd79def1091f3c3fe7af53a2db47f68e8504739ec413	899794db95ced873476dc559c24bc651e9e734e8adfa8c43b827ca4daa587e21	108e9186e8c5677a9af0fb6c941aa670dd9e37f9c49f4afd57b1e98b244bf98f52d291a58b94f3a3	2927995158	1790208156	complete	968332
372	skip	e7dc2ecd1cfbe20bb182d50f105f02ea7fa9a0df89c34505cc59f505d632f0d2	9c0d80b165ac2ba389b09781f96ff4c9f7f5624e903d78b0c56b507384304ae1	108e9186e8c5677a94d6780403ee9c641b8fd2660895cfe63cf857871c2e85c2a9be2df007a3230f	2928681732	1790211628	complete	968338
373	skip	b552d8a87f7a0237f9099a09826c9f366aa47c82aa1eb5d37888fbcd887f1157	ab445300868283d9e30866b64c4d7c875fbd152e9767b0881d2b0b69691334b4	108e9186e8c5677aae351e6e3c2bba32ffea2f400d45006c70fd07ffc5fd98dd52734ddfb1c084f4	2929510452	1790215234	complete	968341
374	skip	8a82298554efb6d5bcf1a26995e7880c8a6d1f27e60b098db9a4d6073c8fc675	b78f67c6ad1d69ce504cc29a7bc7317fbcb488375570747856ffb1389a093266	108e9186e8c5677a8b055a9bb4add903f95ac843a690081f1994f42a47e21538b6e88868861e67e3	2930481060	1790218830	complete	968345
375	skip	6450b5493075fb70d6c3962d127ec7b4aef85cbaf3c76ab04359b07e1e009b8d	ebc0faf17edc08a370a6f416bf804d9b050b37e1d68f8a6820f184d656373ef7	108e9186e8c5677aca7a7dccef73ca7c87f9bee0312e0339e62645d7bcb448e4c94e931b8b1ae3de	2931375637	1790222433	complete	968351
376	skip	6cb007eb70e94a4a25304260e01b1312bc130f492d910478095b4a4bb9219144	9c41ca50479e7a5b57dfe2f14cc873a0f616ccd3d4cf1d7b291c6aee07318bc3	108e9186e8c5677a8204581ea6cf38b53954e7fb42dbb9667f14ed0e2a5b57c5c3ffff30318bebd3	2932120555	1790226029	complete	968359
377	skip	25a0d65174868b145d9c3ab8511c52a1b06a76fb6bc33e9acceb1d11f669a1a8	4e0383cc41e554478aa9dc3910c2cacc06f6434e8981f918d2b4754b7e5740bf	108e9186e8c5677a963f75c35b5049fbce1273d58683ebe1a51d77d9b3ac7eceed28b6ca0618c5d5	2932822929	1790229631	complete	968364
378	skip	5fc1891ac5cf598b956001d51fa395acc2b6bedf243d33fb58a957d4a48fa02f	985dc60e09a85a7ce16c8b0148a76042c9ab77f740a3567864443a24d598dba9	108e9186e8c5677ace03fe7c6faaaaf42edfa27b7c8f9e31d3381555475ade0236f83a3316323e29	2933787762	1790233229	complete	968372
379	skip	8adaa2807e9006fd6573cc2438a39be2c36e6af6f33812a766bce8e49036e097	a685d977351fe4ec4be79b4d0254043d43e75f0909fe2e0e5e7378dfb384d06e	108e9186e8c5677a075712b6adfb56aabb0e5bfe4767fec306e18dd71364f235e925a7bff2f05eba	2934479971	1790236832	complete	968372
380	skip	7df9422dc516ab0159c1d35669d51d4df2a6caabf71ebce4f70875d3b23f8248	57b4b0ce20704b2e7217ed8326f22de2397e08aab4f2a337767df7dcf913c5eb	108e9186e8c5677a60a9f5d44259817e7a2db368aacb9ebfc7ff91eeabd6c0650c575adf6fa45485	2935249936	1790240440	complete	968376
381	skip	0e260703b15bb6079b3ce4052e6d88fe4660f8979691886439a45110e5ed5519	c6aa63996c188d584d7fd24f374dcae2fd7a39871123735336ba2aca35738c85	108e9186e8c5677a45658d1fcf00193f51649c78a51d7ceed59b824ef0344faece7e14b9de8a6517	2936069534	1790244027	complete	968384
382	skip	1092c52424a92ebdd5c015acf4b6a4f2b80123b7adc042ac8a9d309b74647db5	f387958c380f880db0d744c03824fd0c34037068143ece26516d08b24c099ab8	108e9186e8c5677a33fe5b8bdc7ddf60326c0c2de3052806fb6727679af54fabd6f3c73c371ecf7c	2936942789	1790247633	complete	968390
383	skip	8e9f2171c1899b5af41daa193f351e870e7eca5669420cc23ac0583dbda3df6b	f7ef873e9962793a6f6792edde8c20dc4b1fb4c62dba190d2eaf8dbb69e86666	108e9186e8c5677a8f6b6504224e58e5b9204fd3f196180bbe28fcb0a78b6c8fe429118c910555cb	2937906664	1790251232	complete	968395
384	skip	66913ace3d6e2816c3cb6f9790d92d66ad6073d1690eb524c2b175978780bc1f	57eef9c47a32d80e10b4d4dbe7cf3edbd24428055c74723a066d6c0cabd12aa4	108e9186e8c5677a0d0f22ef30b628a7c0e7cb610bc9828fd12e0ee44df01bc7a2c84856622711fc	2938659410	1790254832	complete	968402
385	skip	2d468022da8579554d968653e092ae3665327682b1e42114a3921721bfb7a4b1	8541373082cabadce3c59d203988d3d1d56e632a88dfc387e341b9e3217462f0	108e9186e8c5677a0066be387506d65a848030e2b41d7a8129e1b97b08f8d0272ba5a61439d8bbf0	2939385318	1790258436	complete	968402
386	skip	0195580ebda1affbb5b24a41609ccf089b98796858a4254d8b3d2739cd665728	bf20d56ed6a7baa1bbf22c94d29ab64d5bbdfafec15340f5a80fde2fc77f6ed1	108e9186e8c5677a6f80bba318f5edb79319f7e8fad30eac89994715fbb1e3d02414ecceb3c9f090	2940257537	1790262036	complete	968411
387	skip	d8a5a7d92a29d3005ab5b02f6526f88a6215f72b9275960b015b11f2bf6bc582	5debcfffbc8ab14090b6f17555c589d40f60dd7d90beeb3f36a47615ba355024	108e9186e8c5677a2b7988d9d0a254a92d3b1836f2fc31383c2de6b4f48c64193e0523d73ded074c	2941192471	1790265630	complete	968420
388	skip	7d9fd67844d1f977dc0c13e78d9b488ce007a3c5c4f91ac2595ae7c618c40531	d04b79d8ccc6e08bfccfd032235d0ca0aa5c2b4c25d39e00e57e1c84ba566405	108e9186e8c5677a579c2ab9b11844bd4c7819db65dc9f552bec0d93e80ef34373f52c4c3b2eea0a	2949486338	1790309452	complete	968496
389	skip	8a6a246f4992cbce54ea78edae76ad2ae60598ea433924ebda5627e0235369dd	7d2ff0ed074c04a6888b673f2b36b4e81e0703495094d690804194c16348d6f6	108e9186e8c5677adea1bdbf7ddce825c9f03854e23cdd9206e33865424fb140f303f745401707ef	2950386226	1790312841	complete	968508
390	skip	bcc5e1a0b4151b449a75e652ba13bc69f55b81335756accc1d68b29260634d76	1d58b265e915a2f007f46852c16fa42ef6cce078fb2bc9eb97607e11e68fe7ff	108e9186e8c5677a5e9650f998a3a3f3dbe5b79ea0c1a5edef02f65041c2bb006d104f7b38d9055d	2951036216	1790316230	complete	968516
391	skip	1a4912ceded82f68605c0ef721aa4223c226a96d2bcf7c99a64bbb5888e02320	f38b1b295d0821e93e33ba585fee27dd70bb96f6f3db53bedd2806e1368661d6	108e9186e8c5677a76b0b66a21e115c0d9c1aca4f276750e378eea4ea1a4721a88aff866b4dab40a	2951743396	1790319616	complete	968519
392	skip	5627c27a05a54730c064ed7668e72a6a5b77ffa2c8cfcdbb20d52d03dbc26cac	856abcd39e59eccc8fbd1eb0fb6b744ae9a32c2dd2a20810d6ebc706b156d09a	108e9186e8c5677ab8f1b34c272f4f82c6eb0c55fe94e44c25e4758c105191a022f7e0c855b3ebf4	2952379667	1790323003	complete	968526
393	skip	71546bfff28ac6de55dc66224ccafb74ae189727a5cbc361e94504b8a86e6f9b	a27d647996ca8fcdcd66e9221fe291e0d964dfe21c054775faf4bec477ed3345	108e9186e8c5677a350c61d973442f83450bf4c842895ff708e84c1508b9327df6c84d860b92dd4c	2952971037	1790326393	complete	968532
394	skip	8b8c160665d0e5a9156c903b1548fe8e9a1a0b271968454edf2a75265351b82b	8f88f4285a094ba2645a1a6a139ecbed59b7be21de31bdd128aeb22be7d4dfc4	108e9186e8c5677ad57e399839689828aa44813ca6747c5f18edd0b28752f87721bf281f53233e82	2954037423	1790330451	complete	968542
395	skip	0e2ffc4d80539b703010910047154a2c1d8d1b3860287ab07142cd2d7046a6ed	1ff205c6e66e96eb16369703d26872a7d2031bbf30da424009166d23c3e4d260	108e9186e8c5677a9dfe0e572812e279089fa4a9f424e0533b29170309b8a1386e038abb873bfb83	2954741558	1790334050	complete	968549
396	skip	c11a644266af97a4a2e6411e49b8b96fa6a7774e39b8c4cdf8d99b07cfdbdb4f	9e39079903377cf4c38a63bfa48a9612080baa69f02b9aff037bdf8a1719da56	108e9186e8c5677a4d9250d18996036edd8ee4f87cbc8bfc8883f36c800a7129819d15b1a3ca5ebe	2955465658	1790337654	complete	968549
397	skip	046cf9dd56f817aead81440d210b17b70b56f706d214a8bba14ada4031ee9f40	a2b5dde0f3a81953c581d62a6e2d58c66e8676a0c68e61b1f9886e12210b5d4f	108e9186e8c5677afeb391fc270812595d0232373d2f31eac5fdc9e49f4e1610db545ef2981bd884	2956261646	1790341249	complete	968549
398	skip	289d0de969e8200714484b1546f4268b4b42ccdbe1a2fcf5fb8fa1c3de7ad307	d45bc071a4354b8052fe0beeaf65127cd8733693ca9b4c30ef5cd3ed71877c6f	108e9186e8c5677a66817aa2ac71421126fb7d26492a2bd668a051b0e51766eb00cb5a0f3fce05f8	2957066190	1790344856	complete	968558
399	skip	a6deb0934e6a066e18d96b674d8377068f83dd41d8c04a6ed66305f5ddb6f136	10581bc4a751772940ceca1e1aa97f916df36e42aa5f89d19bb9d2501e52da17	108e9186e8c5677a060449137c106b720d3300bdb401d13d1378d155b69f61231d3a20bcb86b269a	2957690342	1790348449	complete	968565
400	skip	d4bc902215ab672970f98974c7da916c85419548d070349fe10573c1f144763f	bc6bec29b67501ec3b66967849c55f1d0cf7b59eef642d7d4b91ad27a192f55b	108e9186e8c5677a3f0f6c1ff7c65d0f0b0af59d3a9c3ecf12c7968755583588ca91133dcad47199	2958336154	1790352051	complete	968565
401	skip	800b63ce619811ade96a34cc904d95d5a06d5e74b6ef20aefea95ca81292e95b	ed1dd5f7f4d1eb2f84718923aa050437f8b4ef05fd725434e4d1f881bc964a22	108e9186e8c5677a859992d4c7db7f7b44f7966fcc8dedf63145a57b21eef0ef03c39c9d2604da5d	2958858713	1790355657	complete	968575
402	skip	90822b2c3c1731893ddf184f06f3db0ce0326d41b5219bffcb5ca8f71bb48e7f	708c79cf71f2a1c71ccd9f54de3deff8f8c6b0d0ee95d9ae6b55c7906fb8fb44	108e9186e8c5677af5098d2816d201f5952d5e77b4d49ea289e0d31a93678ab7a496e3773b9b6035	2959740106	1790359248	complete	968575
403	skip	ddb058d700047c6b74a5c90cd85821007175c0af08b815f65d38319582be6f63	6f803be0355d1109e933d607c54992127a29d8300914da1236520a0b25e73a6d	108e9186e8c5677abdaa2287d08557b473062783880e5731136051cd1c5a5141ab1eaaa76b09c95b	2960456495	1790362848	complete	968581
404	skip	74d8524dee101be77519f09b213fd75338e0c6a50c6d33aa693161b1a87d68b5	24618de0dee6636f3c72564e2dc417e4d7e7e09cebff8b29b441ff73bb9d5ad4	108e9186e8c5677ac308fa4ca0e886ba8175b076691800b6e5cc8aebe20f41023ef812d7e0cfa229	2961227927	1790366448	complete	968588
405	skip	0b25b059d2d8ea07f73cba25705c8a79fe90d084f60c399622119e1f7b80b1a3	58f293f5191d4be53409a7e46704beb2cdb5f2509a0dd92dc3402f1922c2b885	108e9186e8c5677a4527b63c79b7ce924187c2dc17a43f9a9d136ec71b07fbf6915d3a728172bff3	2961797553	1790370055	complete	968588
406	skip	da1a5e4581edc08fc02f3cbf29bda7b89f85cc571e13b90c4d7411984c4bae95	0c0f4bb1f3581f6b62686b1327fdd262880337f0d0b9e4988f96b983813c8286	108e9186e8c5677a894cd4828d44be99f9269c3508c7211f6205a34ccb7a2a0987df44c740d43701	2962183378	1790373651	complete	968596
407	skip	aaaeb36829fb5c4faaa00ef6e4b5af564379c902d1910fad90a6180eb3a91999	46e929d68284a3790eea46e73ec3158634a6310e8ae0b6abfa9b9d9ea38e2922	108e9186e8c5677a8b3a0046ba1fb28add242fab256bee4f4ed0e7bb22f1a930b6f85bc37c6e994e	2962584036	1790377254	complete	968596
408	skip	ea389d5be02267883a6584694c7010277d7b3661af52a73b570c2bb1533d15e0	b700b0c06250a97e3f42fdd6d005f718c23aa5a39cb920c4cb76f7950a4d9cb5	108e9186e8c5677a0717505dc5ef420e6e0832faddf2e27c8d7f53f2ae304ab7dc7adf579289d7dd	2963159689	1790380848	complete	968608
409	skip	8cc64e2b17251698a434ba49b592fa2e47b5212d5b8176db2da160ef2ef5d773	33420b83ad7b7f6052eef503d08438682becd531a21b382503d9a5de9b3ab73c	108e9186e8c5677a5fa774ab64708766f6cacb5d280494fa66ae122ce33297c0a55691b42c9aaf87	2963782375	1790384449	complete	968614
410	skip	add3c715040ff9b43da9e5b0947d1e023c48131b05fd96eed727f95c1ebc5d41	a5e6c833488defec6a7941536517ab0520094ba9bd129b95b99cbcf1b50a458b	108e9186e8c5677ad09c3bbabdd77d04ca41ccec5818db19c8edc263af4781f195ba25818c6f4a66	2964157694	1790388046	complete	968622
411	skip	928351c46193c12ba89b02d6a2b57e2be0cd42ed07ad936175eac538cbc36e31	680ff98ecdf172ff379ceb6062315cee5e0389be0e595f1323b04002d5950b18	108e9186e8c5677a34b199918dd33529384dc055ad509dba55d167d1426fe7bb6b63b5f3ce509719	2964628073	1790391652	complete	968629
412	skip	4819e5981ce37caa9a926102e97bf9242dc29d5c4e80dc81a149bd8b05d34a76	f24b0e5bbba1111f5386e8a58c9e64d017b13a6ea6ea79bff2668bb6ba23bfc8	108e9186e8c5677afb08267ec9fdb4f507d544ccdfd3fb1a00c88b95985c4fde4efa5e3076b79d93	2964995603	1790395248	complete	968635
413	skip	468bc28a40c642988ef1cb9905c739926c651f03f30bcc363688540565b7308c	824f262ad8dc6872c1f86f515564e468e5be5109ab42c2c541d5d9b8ca52b763	108e9186e8c5677af7d5ba530c772adf6b8fdff2a62b00a98488825b9a9bc1a2415d2ecf95a442f0	2965364122	1790398852	complete	968645
414	skip	0c9bf5c2913de7669dcc1fac13562b6ecc7f620548beebf95351d14bacdd5af1	576054497129d8166f72717e99eb28deeaf12d890894f3ba28578e7da54e069d	108e9186e8c5677af15c047b684f7c1611f18ea69e9d10f4f3e9820a92b5d6ed3017bd25e967eab3	2965746406	1790402449	complete	968650
415	skip	06b094ad5f53e15dab6fb1f680cd38eb8d3192c0064c087d33dff8e159b94763	332012b38b50c77ef3eba1f5751d8d03e57daf00337f3f14f45df473b3049ad9	108e9186e8c5677a273ccf1b9f8f1e80bfe7fca16562131c88ab412657b79681dfd6bbd5c29afc3a	2966111045	1790406049	complete	968656
416	skip	43e4a917ae426a0a428c0552781dfaf05ed20f3244b2a0676ecb1cd9f544d3c5	11aeab059a45d40689c737ae99b235f5457e41a3d9cd1a7a46b1147695144624	108e9186e8c5677ab8fd791ea6702552a101ceafdc78beef74e113e86eeacb44a618ec954a708818	2966351111	1790409648	complete	968666
417	skip	f14fc9f5409a50e8fbd60425e4ff802ee259f42b2787ba10a575781a11d813e5	d9c1006873b28e088d92f804145f6f917c35bd540ec9e5aa8368ce29b92c0f53	108e9186e8c5677a72ffd0f906796c978a914829fa225ba44534a0aa10e3ae21c3e665129598262e	2966835873	1790413247	complete	968668
418	skip	21a4a91172861efb22fdd9e10c243aac941ff698a1fc3a965fcf35053dc9a53c	c00260fb65b9ad3f11d182dfe8c1bb1f1310ad230ad9b65eab06ee04a176b8d7	108e9186e8c5677ac2b83c1b84f425de667ffdcd694925411250040dcf272d8fd68969c751aa558f	2967134234	1790416847	complete	968671
419	skip	b25f364c0a127e27f8485d910f9da06cab69e0949e3ac93ae3987b6fe69e8db9	ec11b0aa18d2e8b1c4e9754914bcbc2614c1fc8dc79b186977e297cfa3e99838	108e9186e8c5677ab22fa6239abb1f88c03b287fd06d9976150794d510f42e885a2d7bdf7002ae2e	2967464241	1790420447	complete	968678
420	skip	9b9307dcc302fd70e7f7e9c60fd3b8996342cf837ff2be1a7b43580e44c3ceec	57a8896bfa521d1b106f0b5d38e2459a44ddfb59b070d64e8dff781075a3d07c	108e9186e8c5677a9c457d42b52f3d5ed94573fe54976089cc6a2c8d62afc3b254f13784b5001038	2967672750	1790424049	complete	968682
421	skip	4785a5b8de6c1108b96138ec9bccc4a0af95ca48234556196f085dd7c69d4edc	63caa4238abe840d9d1312435a11a0837024609387237e10a9d193e814b062e9	108e9186e8c5677abf9ea5778a5340bfdf2ca1682d97945c5155b4e9eda6263c939450e0e7eaea29	2968418412	1790427651	complete	968685
422	skip	f1eb25f86bd11a601ff8a8de84aba4bba3e5590cddd976356916ea246f14f315	e44662840fb9f3ae841384a4087e62c63d2aa2f7cafd3d431ca08386b7b4784b	108e9186e8c5677ae5bf400ca4d5d9527f5e0184cc6a3db8d9928fc3d7d030bd98880cfaac3d9473	2968590775	1790431246	complete	968696
423	skip	dd1724e91d775dfb2e52acde7d63fcadaec7b17a7f7008536c1c564f43b9f0b1	57533589ba42a1b8563d3a887c63fbb0093a9071e6c54ff30bf2f60b750d7e76	108e9186e8c5677a703e5ff5b2e7a8748e80d267d85f2719624d156cf7c0e7e3d8758beddcc87d2c	2968729824	1790434847	complete	968706
424	skip	1947be10dab8d602d3b7ea6f203a58f88b4949bd01cdb9001024c1c067d8c4ab	7ab9c7165367f09af009096d79d8982e1a00120a5c4c4ab49c7c0a4f9d1a103b	108e9186e8c5677a456bb6cb83ca9bddf07cfb607db95fda9b3a4144a1a2e2509643c2d650b3b116	2968971429	1790438448	complete	968712
425	skip	4abf6bc99ad16503d8e863093bb23ddfa896a001ef273c9e2c17e6d97438143d	d1c95b9cd70713490a7993e444582aa04028977657fcc4580b804d672e3e8eee	108e9186e8c5677a91b974bd0a32a396c2c8c796b49e5b63fa79fdf733563b9ed0749558785a08fb	2969105906	1790442055	complete	968716
426	skip	0d46f5e8c348f219dfc3e5f2e07c91c8a3cfa5659cbbc101a6a4e817d4451566	fa580cac522d362b7351ac52cb4398347eb348ca06042c5af37489948c911e49	108e9186e8c5677a9a132e71bf7fadedeab3a4559068f10c89b51d7f2aa780572c5eb4631cd94e93	2969149699	1790445649	complete	968727
427	skip	943346ab90623ca9544c5055274b67666a263ae1d7f481860ee75a0532531e6f	b43bbb99b7b852381881c8a1bc50bed9dae24e759149ca4d0dd4e7e05e10a9b0	108e9186e8c5677ab2ab9cf6bfdfb75731db23e3efac1778fbb9585a6eed1c35ea84e18d03117136	2969278283	1790449249	complete	968733
428	skip	49ffe453e922cd40993157c375b95a4989b0ed1baa51500c0f8221f394765585	7b57b9346bcad357833532cf6b196c2912ef1f91ebbebbb5859e6c593fe6a5c3	108e9186e8c5677acd0b0dc926c4ab00817bdee029eb7dab3f680f85961245322aaa357e2b67fea2	2969377999	1790452848	complete	968739
429	skip	3f91f6f70e2fae67bbdb301dc282bd867bbf439b9de1a291cb01eb7d63d962c3	fc4077b525dac50210a6b1b96e034a8c19cda966afa4e62209e9dbe92921d0ae	108e9186e8c5677aa6d41fc6390e4f3043563cfbd786625b7b8009e3c49b61ac99e249745c00cfdd	2969419733	1790456447	complete	968745
430	skip	c458cbadbb8325b80e34d365ef30a3f4a5daca21618cb12d910a7f1febd024d8	c946f0c3dfccfe8a1a6d47e1e81c3286bf2c802136fdcf815c95c408d36fd9e7	108e9186e8c5677a1bba8baa5e464bd6e405a0893433166b5f1bca9bff8f7d85cc5dbc26128c0a8a	2969463745	1790460049	complete	968752
431	skip	f5b788eebfee8dcbb9ef6c9ff1d0e6887d6a03288ebb5d537cccff7f6e04dc73	359279cdd161411d532c1442c0f2be8445495cadbc4ad85d5e6f560188aeb8e2	108e9186e8c5677af44833fff7885d46e3e10a372c25d59495666d8dd6685ba60374db7067a77991	2969526349	1790463654	complete	968752
432	skip	83961971469deb9a3e363743e5f5119f5e62b7648795d32746f6b85f1b5b3df9	9e6c8f551ecbe8128670cb37d85f2f94469e27f20435cc314f936fca287a0caa	108e9186e8c5677ab314143c99711b613081f82b2de10451fcc7508d077f0ccf4eeb6725e01488a1	2969568772	1790467246	complete	968761
433	skip	2385fbca920e19de62a678d147c29ac0daa68a89defe95e65bc10c73f95222e2	d531c231e28d7e74becd92ab855555d78ee3bd3e09b6856528101ba84db338e0	108e9186e8c5677a681ea9748d512d70675f03ed8ad5f0cc79648cda20ebd5d43f84fc875f472e2c	2969617119	1790470847	complete	968768
434	skip	69f0c0e24bcd66cf0fe06dee910c24445ef3b3038e973e3a4f8f0353e9d55182	1cd3133cb3fc7688e2363cc04f86e03fa0cdf5253272cb4e9e09316d3d0cdb6f	108e9186e8c5677a0e64a7de68d42cf31d5a9dd152494116f630e321a2c5db0fb1f42be9e606dc53	2969645782	1790474451	complete	968772
435	skip	ca96d1a8e97b5726428971ad9f40974be60a9522c137749b46c31a376490f819	9611d7e82996328d60129d51ec9ef7edb3875ddb4a7e2f2554aa0ac932101517	108e9186e8c5677ac3146e2a597426113d788b3f6efaa963fad589d2da742dac1b0d437700b3f907	2969673245	1790478049	complete	968775
436	skip	6181fb22038f03e03cbcceeff5279953d17595337da51c0be16435cbf3463b49	dd63b52d8be46079443b6ae932c64c5fa4784f258d20c40e580e8f3cd882793b	108e9186e8c5677a87c86b1aec06c7326f8e8d22bfa9409f6638a5cec81bf710c9b90b1816c22080	2969732637	1790481650	complete	968780
437	skip	fa956ad826f040f5608cdc19fc5fae457362e7eb6e80181c85acacfebb3a12d2	89c59c471b5fb23911b67aec03f6591672f0911b4649327fa7b2ab9ecbe0c61d	108e9186e8c5677a89da8dff4fd14948dbb7b697ee21b518668e208d71163a44fbd28ae9b865e9b4	2970004601	1790485253	complete	968784
438	skip	10d7a0a7c32f25e2c2a66f4a0f2e09d80e642a86407007ea9315bb38fde66270	9e1afcd3172096c9675b16b85fcd33cbbcfcd4569a04a60c9ef92e7391e0550a	108e9186e8c5677a4dff189c0fe2f0fd2322e72ff498c661559c845014b58a31a66df14c41695d95	2970464070	1790488847	complete	968789
439	skip	d4a0ed6ce71235ee87903579f30711d8d448f86e366327bf6af46614f9ec832a	4fa7f4223582363c8fa9f5453fe373788d682f8dc1078ffed763970af7411f50	108e9186e8c5677aa92ffdeed9d9465e1310f13d1453d2f4aa2d329c9c504e5c38504c76d492d495	2970942216	1790492445	complete	968801
440	skip	900f8001b067939a52b3bd10422fa2c626ec61a5f7f5975e7567526f417502fa	c3826afc9446ac1eec59c445979d6781c52426938d9875397e9d313adb6543bc	108e9186e8c5677a7dd82fe8d14758f7c32944686d3e004a336614af88352becbaf3b1e07ec20c29	2971482251	1790496052	complete	968806
441	skip	6443b29fb2e0b51402841cfcbaa7ff458013aab181068e92a35405830caa1ebb	b82e534ae1d731bc36f716957b7df4a8140e4418a08f46ff031709930f5a3645	108e9186e8c5677a7b7b1e0f937e7f39670f9db7a9c75ff6c8616dfe148e80a2d14ad44b62c0ad60	2972344924	1790499647	complete	968819
442	skip	4e6276b2c03ecdf62198f07eb7312e0e79ce8210a3930ccd9a4f254a43e97327	16e418b7889fd7ff5bf2c77a0d8a5a58d771c49e5166aad7b2de5bc93517e3e0	108e9186e8c5677a148e9ec24accf4bcd35d0038e507259c7af8f5047c5395d8c3b1dc1805e561fc	2973156118	1790503250	complete	968825
443	skip	114cde45b7ace8264d6bee575be918656662c28ebe25139fc67ba93ff9586fc6	75e40b681a9020e59b1ad021a08c6a4560aef1013c73222dbe6567f09f2aaafd	108e9186e8c5677ac91f7c0316a5b2d87b72f83daa6930f048cf71937523a202d2fedb6c78628192	2973974651	1790506863	complete	968831
444	skip	2a2ec57a2ec10f23261e2a6b19941de6708131919658e052815831d8c7843c27	03eea063a05ffdf94a7e4e05d34ab2869977206cb3010239268b17f2ece72c14	108e9186e8c5677ac4946a9748a9bd9be2fdb6df67b183674fecd9b3ed317c8352a5daf76593a1e9	2974642267	1790510447	complete	968839
445	skip	fa35dbb5d9bff07fd5ba3d4b310f1d281af2e036dfcc4283c173010130291d09	b19b719ed07b4af971c960215026ef89fa6a5d3d0ec214f6cfa7e5667c104a0d	108e9186e8c5677a4cbaed201179cf5ac2c4ce51e7835403dbfb1b3d1ded3c9513b57db096bb9841	2975046422	1790514048	complete	968844
446	skip	47ca8b4601c1826982b572fe5a3fbb318310c31b833e0f31bec6bbd2da0a61d4	2f17061bf5cc442e9aaf4d003a7391fa7198bbe4a2305b382b0baee2631c984d	108e9186e8c5677ab1d0928b64b0e31485ea0ec82c0e08942b5a19ee410b6e2724cd5ac380e4f582	2975704385	1790517652	complete	968848
447	skip	3423b3bf8eedbd703744ee2621e509bff2a40637fc6a47f66ce7505bc04fb336	44e84d5aa3d6d4483e456e5eb20d8e79d4d2305c6790566ecde2c692150041bf	108e9186e8c5677a75c44ed56bc6782b5adaf831ab8d14dea06e3ddea652e2d4727f841a8eb9de8b	2976696143	1790521248	complete	968853
448	skip	559a7d0c1a2669fdaddb7f0cf5cf3e365741c000b564121076ce296adf2e53f3	3e55846a09734569b513f455774c1e12d1688e9dfbb161a4b19c4760e49bdc08	108e9186e8c5677a01efdfc66b99134392d7b9f4aa38f51e1c975c994a8ed2489f82c4e321bc232f	2977312096	1790524848	complete	968860
449	skip	d6e6aa27263d54197589aa484d2631f8ab8b7a7927d44c7351158ea61590c7ab	e9d4da888a911b774205bffd7fe3b3ac4657b5ef37be2b38dfe316e4e5ea4ee3	108e9186e8c5677a2116c943324c99329b991581379d73e666020502e26dad50811a849b3d424421	2977975284	1790528449	complete	968863
450	skip	4def56dfa96ddd99bdb07dbff9396e108e186f2c7b19830448dd4b04fe95cf6e	3a72a8979e8e51b8cce50265fa297c4caf138181805eae8e10705371f1c9cd69	108e9186e8c5677a299265855bd371bfc1b92ff5df34540654aba82c9a8f76450b99515444ea6730	2978384566	1790532050	complete	968870
451	skip	7bcc564d84cfc9ae0fde7b3a08933b8a8656d48afa779c792ea6cc310bb2dde2	69ec9c76202ac882d0fc8c942706501151dec17645f96a3d896ff9dc054b9e61	108e9186e8c5677a5b871441cd97a5fc4f6a038c77991af76789e8e9e1e7a1c68f31c8ee1c804180	2978790795	1790535648	complete	968877
452	skip	668a1bd9a795cb6c25feb097fe1b2db72a916932101ac6999c88bb425c05d30f	a985c05f292528b69df7f7f140508af662080eca3dd4bd008a898a3f23fcac7d	108e9186e8c5677a8e3d7a1e453f941bbb32029312e02bb2b35408d8410977f22657a7f7048548f9	2979286096	1790539346	complete	968885
453	commit	91eb2cfd2a5d265fa0576451f01d6fd23ec6e5e87cc7bb63353e5b38c50f8698	d2916167ae1cf1a016005eecf7aa9e728d92958a12867ff97d844954a7d793c5	108e9186e8c5677ac750e3044def0fd6790e56c2e7a9af0c4d9d8f9768ac6e1f7b7fe6b2f8de7034	2979746575	1790542943	complete	968894
454	reveal	e86e8d16ed9347f44f791d2bc876c996f3c726b6fec115a001738d425bf2fb60	05d3b103713e536093af76bdb621e46187a4ba9586c7be94e9dff9144eea139d	108e9186e8c5677a1bb8317021111c978cd09edad190e55af82743b89bbd2cf0fe94ac06fbdc12fe	2979748488	1790543017	complete	968894
455	commit	36f1da0be80c92581fa8d17b6bdcc1d17999a2a314215ae2ff34b4544d57176b	4786a2968a40700dede4d961926c3ab4c7134831b58831a56665d10a21dfae17	108e9186e8c5677adbb4a23dcd1e68ab44a850dc42f8218e39a730de6fa9292dfcda6a28a8dac0d4	2980001003	1790546421	complete	968902
456	reveal	db83994748ae93a52ab9bd8f585704203222bc9ad6c1f34aa8a73f3f38bf3a3e	1e6387ca6d8958fb64bf36b41912071aa0e8cda4850603758e5a3d4cd4f7022f	108e9186e8c5677ad52284cc778a638a4250355cdb8cd483a0ae3b548ef25d5cfc4cdcaa300bb645	2980010151	1790546500	complete	968902
457	commit	d058a6bf38bcfef5dbe12b7d19931242736de94ae5037f063912ee6f6ec09b81	a909a0baa3abd85c65e09199037c600aadf37119a82a7490b1eb134d308ed49e	108e9186e8c5677a84f33cdc9d5392399f431c4a5baa6b71b715dd205c47867209852d5f8f78a7c2	2980421507	1790550021	complete	968902
458	reveal	ba82dae16ed06853ed05fedc2ad47d6ad1c01b6ddf409cfbbccdd1ba64e2f74e	d782a7cae096c1b688af9274268c5b05c14c0a4ac9ae573c9921c4df1f409773	108e9186e8c5677a7ab1c59ef2b736d742ee779b1cb2915550ff844843946ca5e24403a99067ab73	2980422555	1790550102	complete	968902
459	commit	058bbb398c40a85203df58c33aa03ad206d099be48ec87b5bf18f2396b3b5010	4097e3f3e31ecc4dd093fdf8e71fee3344dcf9af5561c8349c761035b91ba546	108e9186e8c5677a1b793698128b6396033ac2b3ed6b6c6d4d6d2fe385c0b958adfe4424e9fc45ff	2980790029	1790553621	complete	968908
460	reveal	bdd85f48722ce8c2a1447588b9fcc7e26d05efa66db6a34b96a4431e876bf615	ccd6a0cdf1b7364554825391cf3b0f5137e11ff2c39002a41f98d1827e72cc19	108e9186e8c5677af94478593d88df9609d466132c2a7777cfd9fabf9b1b4f0cd3f66d831b2b78bf	2980804084	1790553704	complete	968908
461	commit	c81ba9da43a42b3c1216f8e21c089b09bdca7b45a907492e03c292ab385e64dd	2db322432e8a601f4b41c80125d2dbfa02eeb68e5c7d8838493c368d1f88b3c6	108e9186e8c5677ae52df2ab08d660e94e1d1b44d44e770154573a51c05446d32b6ac2bb7c8d5c3b	2981028905	1790557221	complete	968912
462	reveal	483d1eabed13a5917a9d4cad3bdebea37c9dbb6ba7bb8133020a9f95239dccae	f824756ee2ee263eb06e95a801d57ef1b4ffd4584741767ab31cd457919e5cdb	108e9186e8c5677a6614dbc6b9a9c71cb7f063e1907b82fa6546021e16a69ee020f455b374454140	2981029549	1790557299	complete	968913
463	commit	6b93a4330f1a5565d88090b2348957a85d2a28f073918f12fe614d2e20fc717c	45ada999cf2deba8709ce1f916d9b67c04fa85e9dd78446588834b461bff7163	108e9186e8c5677a554ccfbbd0371ff5f840063619cdd63e2ffcd0509acecdfbb0a73fe5ae89f48b	2981244637	1790560821	complete	968923
464	reveal	67a170d96a626ab0ff1aa41ac38597246d1684ce2c8e3157a4d8dae3ce878fd2	1f57323b82b8fd54921cbb243c6aa52ddfcf2cd2772d33398d54bdcb0e75d876	108e9186e8c5677a7173928d7a53a499abe3d9713b6df1b78a95c60470c6e15587b274bb0a4ac199	2981245323	1790560895	complete	968923
465	commit	a0638693cbd556fe7481cb8246405053cb08f1c8c4f01146f16af7fb00eea420	c4115eb38e7aa650bde4ad116bb46017bca33d3b238d6ef5cddcfb0984977d52	108e9186e8c5677afef97631b2f01ef741252010791b0ff9332d2c01b3d63e057353f67a3d89f390	2981290285	1790564421	complete	968926
466	reveal	2c52148e585119cee7c9642e29b684aa7b495ebfcce3978169bf6ec774e570f5	55c7ee5e5dcc0c0b5eefa062301f2f26e23724fe77380c2a3b7068d61494dee7	108e9186e8c5677aa35d724a95d4288225938ada3b705802761b67114b72d89839300c8b53f07bd7	2981290888	1790564497	complete	968926
467	commit	c5773e4dcf5654064a2c7e53009df063fc60feb469fc189e4d1fd33d48f29726	ce7c800989980e1ac36059f3629cc6780b3c7ae0a7a6b8e7c629fafc2aac31c9	108e9186e8c5677a78528dbffbdb52f81b0347b38eb10b8a860dafda2e9d39901a9f06c3b4ae0f41	2981335395	1790568021	complete	968933
468	reveal	0f5d372823624ff85d6fc4d8d3e5d17aac8d67808ee5c66aa61cd1ad335a5abc	33c515f4a5ad6f535b95cfc75da8b1c2a70ae05184e31c4e62ba73ed6263ae38	108e9186e8c5677ac3a95d94e9c9006a58d522255746b41c44f370c68cd52612eb4956a6f9076389	2981336245	1790568095	complete	968935
469	commit	0b1f5807cb1d711c4e17c426ab26906e596958ba0603bdfad9fd235e5c613dd4	dc6ffd66c01531a613e414b6a1a1ba3d886597368426b1d4700f9d021446ff8d	108e9186e8c5677a1eee75a830323af43094d8c7eb8dcb6eec3ff4e540c9a6cc2fbe1ee2dac1ffa2	2981376959	1790571621	complete	968946
470	reveal	d38a6f2ad0141fdd610c1e1162d9566a833f2d62d399c2cfeda27f361925751f	ec5953fe3f9d1deea4bc9a76a2609c5718ee2f2e84ee52d38ae9fa22ada799b7	108e9186e8c5677a42206a2a54752505c825bca6c243c65d0472e2f868e7e7e85a1e52c76be1204f	2981377827	1790571696	complete	968946
471	commit	5bb96edadf07c84641fd173a8f8feb8fd4e59aa2278bb76a9ab1f17be41b94f1	c8899803389db5172e710f67361c6fbf94b3faafb055e140d4bda10086e80035	108e9186e8c5677a149492d27d144c494e6f0497ccb3f7b142a1ecd55f93dfcd5d1279e406c8ecd4	2981423662	1790575221	complete	968956
472	reveal	1378ef9704668f58b43baa912d4ee822bd1bc08e8ac160fc80300bfbcfd59c5d	68c5d6ecbfd3f4b4ccc7e1153e813dab71f6c402cf7adac30fb5e66c763c2622	108e9186e8c5677ad39c5cd27cce1b183869c1ac98fe427e01339836f1980e9bdbf357d33ff13853	2981424872	1790575297	complete	968956
473	commit	f040f2ce92f15f434f2c5f75b25187736a037cfdfa174591273931bbee8468b7	d871a97af75a707fda682a86b171c5545883c5a6559e26372dd7fdee7616164b	108e9186e8c5677a447e2b9b9d3e2434d84fb7edacef7470793e7d2804fc91e77e028440b3e2421b	2981507311	1790578821	complete	968963
474	reveal	2d670d12c30be042e1bfc8d526a5a20284dbc9e0a108e742074c9c0ce08582a6	5b5b32f2128486a5b97ac205362fa93d164a5cc87669fd2ae43706fef481e26e	108e9186e8c5677af37a6e0c07fafe22cbc80cb8b8b2640f2363524290bae9dd4d3f15693fe6b3fe	2981510564	1790578899	complete	968963
475	commit	39da2e7ca80999b2420532f93af338640d46879924ebc9f8dc19027e46b33647	e379830cea52d11cde4ab8a9975cbcdbc24303d66ec29efbec1464f0c3f9165d	108e9186e8c5677a482c7d45e2ee66a6703159eb12297a76066b86455ba60c3f8af6ab2fdf010c54	2981602950	1790582421	complete	968971
476	reveal	60790d568dc9cc295202787139d316d3bc725003dfecf251ae0376bc438b6de6	750fe6c1fa95078d618a64c9c3192b205c4f69dc8eca4678dfd0dbc23e8efd61	108e9186e8c5677aa4dea4996e58b18cba40764599e697d5dd2014bdcba16311f44652f6deb0b4cb	2981604872	1790582500	complete	968971
477	commit	64494fff781399f31e7b9b77bf883f14b6d4581127f1ff1026dcfbe0605a41ea	c9ba81fc763f253e4ca98d8e785f71cc1b4aa64d3ac8fd6f2a09b670d27f83e4	108e9186e8c5677a2c495a9fdd6c2f528e0aeaf7c6f4e80d8f3d920dde579648a03e8ff6b9b84fb6	2981682266	1790586021	complete	968971
478	reveal	63a0f5961a82fce52540c273f38b554ef609764c0b36065e8c718da5fe0bea81	266f252b7fc5295fca0e6fa5544e1a3700a3c487793170a77505786c6619381a	108e9186e8c5677a3d22918a97675ab7db57da13c72549dbc34d4e5c2657e05ebe3117473b3b3bc1	2981684046	1790586104	complete	968971
479	commit	7c623ccc4a02f4f7a3aa4aa86c4ecda4f8f0132c3e5574943f3c127c6834b01c	5931f556842c6ef677ddc1ec09033fa69939174721fb9117e8c626002d217c75	108e9186e8c5677a68dc4f68097782938761b87a856a3ba0f6b3832d1d72ba5191ab8c5fe62c46c9	2981774593	1790589621	complete	968978
480	reveal	e7df86ded99ba4b77d0556c081948605a33d10559babb6c1a3e951655e388d89	d6ab65a91bd6b9dc7928d3ca77c808c334e79e186c0d3ff69e119b12cfbd2cfe	108e9186e8c5677ad8116a5ad7967c8c38ffc95d3cfecc9e3d826b1408da79bcb34457d0e74aa39d	2981775911	1790589704	complete	968978
481	commit	a1ebd5740dd7945efe9e34b4ac5b7971bd5392ded503dc194f5cb4a65aef6aee	28e62b4109029121a68f69c935fb782e8f24cad57c2e97ca11790a6d91d5a474	108e9186e8c5677a2af5a481443ec4d47cc4ee168331b9eab70cd9634096a9acc02252fdc55b8f8d	2981868793	1790593221	complete	968986
482	reveal	1c8e14a51613aa2cff09e8628645c180c44e2906ba9e3544ba332c25eddf0ca5	a6193acff66fc2574381fb9122e29418713d3db42c8fee4c7cbb3d6a6e262bbc	108e9186e8c5677a3b574a3f178a2ae6fa3e5ab0fc26b6fb48705f4152d8f008c672d6a6e8e9bef2	2981875080	1790593301	complete	968986
483	commit	2d410cbb4d4f00efa01c05c1fd1ba7c06af5e5f8433e3b140e517a9a195c4912	46916b124c74bf960287eea37e2eacf641d31594290012f2bbf3c6709cda3979	108e9186e8c5677acfb52058e0678898cd6fe276e370fcd73ec28452bb0938870242dc3016aa78c1	2982165923	1790596821	complete	968990
484	reveal	307ad8b006d85bfac51e6bac31d664079203aab4ec441a7aa04088812e8e36fe	9e79dd97cf11c7a369688855f329dc3674c0fa4299ab62172f66e3e57421443f	108e9186e8c5677ae094d6fde512ae64c38515ea83fe3e151dc7a8326ee239ab89ba05534f607163	2982181384	1790596904	complete	968990
485	skip	5fd7d6ff617eb19371b743102a1e2419b2e5c4f84c4420b68e1a0f4f6e66d0d3	11f3f11984072cc20fe86a879e834e74220d4d96ba098ba62f211acc7ae94418	108e9186e8c5677ac12854ddc07db5135e27afcdce9c2eefb344276e4bd9a67b07dad29690bdec4d	2982456789	1790600536	complete	969002
486	commit	6015415e16ee1ca8dec2ba928e8869904624d1b4df1585f812fbd9d72b5ee5f4	e190c0c357dfcdf59050c8a88dae5b715b480c58cfbe5b0353cb3e9bb2856be1	108e9186e8c5677a1ccaa96a9c0acdbd6b06b0e6b9dc2e49fe156b5a4185d024d88f662b386ef1e8	2982838178	1790604021	complete	969009
487	reveal	293d70276b5ffa45071cc6b2edd10a344c5b2ec842f0baeffe90211e822c97d1	d293e306c5ce76c8f69e2630082ee5935e065b0ff63b6fdb12e3430d3506f2a4	108e9186e8c5677afc83e785acdf32af6e360ab794dc65e5ae7bb604eefe4b86c69cf795eeca6d6b	2982849288	1790604100	complete	969009
488	commit	d41c55e976ad8b1e985abe248e47a0ef0403ff9de0d9e40d73665c70167f7f37	0d50c44974aba1788b0ae2f170dad6f363a857de357b4e942f87e9468b936ed1	108e9186e8c5677a60f0601e308284f1ab8bbeda8526ecf9fab217b633476d125c55287adb392032	2983643436	1790607621	complete	969015
489	reveal	9148bc983c662b0a16bdb03f77949baa7bc95759652abaccb1dddb577d5e1110	a1eb16cac9eb35bda83752b0ed63a792e25cd65bd37b1754f4bfd790876050ec	108e9186e8c5677a851970a428228768c3c4bc8804fb7dfb67b8120643a0b4897468720e3ac9a2af	2983658568	1790607706	complete	969015
490	commit	fffc3b61437aa60253b8edeb5ff08210105459d6934714e937dab1c747413bc6	6eed45c2ffb9c1cb8510d22c3a79c731db4ebf43d48a008fc0d6f244e5f35ada	108e9186e8c5677aac794cb7e0b83a78f6ba81c06ef5de658e44571b4db561c33e489bac51cc281e	2984248383	1790611221	complete	969024
491	reveal	1ccf1a20c0ab5d2ec45d593cd4ee73e1b7238df919fae676089d751660a89307	2441ce714eefd1317b07e1317d251f27a75be87460a0f2eb9b8af4a9c1dea9e2	108e9186e8c5677a4032cd70f113e577cd373fc093e61dfcb1658bbb1d631761f52fc9962adcaf90	2984265778	1790611299	complete	969024
492	commit	96f2e4f5dc7c6b227937e0f0c66f370e4653bd441c5ade49413bbed680bb0625	7e5b3c0ceaaa8801e4ebfada8556d45dd9b9af5944f1a0528f4bd33bbe19c0c9	108e9186e8c5677a133f731a5c2553a4397fc77d85e5835de53600642a4d0391c835579dc4d193fd	2984877636	1790614821	complete	969030
493	reveal	02f085e1552620a3542cb03b15183be2071b694e55a103b05f7d787a4fa0c943	d32929eed32beabdda5f7c8b1311262da1677e06c5587e5097748427991a3016	108e9186e8c5677a7644190436c69af5f6d8854a620471a08ff54920a65f11da2e7efd0ca5b3d9c2	2984892611	1790614904	complete	969030
494	commit	bce09068c1911c975acb8caf7b88e56a693401ec3326d7436a3146310fccb560	1c389582702e80bc3db472f5a66bdfcb3b9f2a4528c9c522e4db47364a3f8413	108e9186e8c5677a641320126c09745b6400af2a5ecba20da87a27ac8311ba0661c7e6fbd582498c	2985546074	1790618421	complete	969030
495	reveal	2ff695b173a1cccf0c98a9c02b63f4bb642a2f5e8b66ed25a57f00fb1fef0ee9	71c53e85181406560b987e00561f55017051f9a8633a14efe18c7aa1c4d63d2b	108e9186e8c5677aafa2bb56c9ca7b6c1308d1a4cce76f51ad99d3b4af541fa2129bbb82f7ab32c0	2985566167	1790618510	complete	969030
496	commit	548f58c7564de4c3d0f0bd3eedff8fcdae8e1e5a7e31f0c9f730dae23e609cff	e2f79aecde8c711c691917f3b550d7572b7b667c4ecf9374641076b8e37cdff5	108e9186e8c5677ada53a00dd72603b80cfaaf88e741f8b1126c3a0c559d1ecb8dfdad9ab6f065f1	2986329219	1790622022	complete	969038
497	reveal	00e84b92d151401c8a156f2af7a9880760c80ea51dec5deeecc479b2d6158800	32013e9c8684f71e3dd69d98159072c33ee3c26754e0074f90a65d0a4f9e337b	108e9186e8c5677a5f6dddae0a6f42f9793a681ec07b7967cfe366afcc3cadc677c2c29b71654d5c	2986348097	1790622102	complete	969038
498	commit	58746462c00c33c86215492b0e7f30c416217d1f29687aba667a08220aceabf6	8104fce1caceb52e77fdb00bf79b7e9ee939d8729512039bb3d24b59f745d15a	108e9186e8c5677a51f45d08e90a971d8b72a064dadfd3ea4c5988056004ba747b8a8be1efe88d0e	2987118522	1790625621	complete	969044
499	reveal	658118cd446f85b24ec461099741455c2b08a1bc2c23534047b21858d1621cdc	84215830bd10055adc3bf66ed29389081fbc3d00a54c0e5f8531b108d8ac4e7a	108e9186e8c5677a5b924052a5db24e7bd9cfa61ad52c4c2743c9339296516fa1b92a354fc031eda	2987124766	1790625699	complete	969044
500	commit	b15b258de9b5bc84a975fc0421b10d0ae0bd1bf7f48c2bd03cb847d09cc22259	78a4d3e42333c702b228d066e12ed156d154e50c765bb53f2e0ba28822b6b5e6	108e9186e8c5677aaec2b652206944eb33e4d01bcf7a0feb35527df814d0ed0c65ca6c4db906b2df	2987927615	1790629222	complete	969054
501	failure	2092b180b31795533fcb18ce8c796813b4bb6b37ac29a17aa2676dbd32f4bfba	91cfe264805530a11f1678ce585146713d70d094a1eaea19000fb4acb6b81379	108e9186e8c5677aef3cb0505f4f07add9305e60dbd028b3e8e05d6d7e436598ef78222ec7cfbe5f	2987954309	1790629317	complete	969054
502	commit	5ce5ae9c15b21a3e65ba446e2386b26aae7d2077f9067b6350630bb959423768	d5e8b85f8947679f33c89bd32389e50e317447de5a241cf8418d5449b035fe6d	108e9186e8c5677abc185749e9a6551659bb03e5bb44ea8173b35bf1a4aa5715e8abc6445a9d6f33	2988674849	1790632821	complete	969054
503	reveal	ba9f43fa1e9694773e908d64f7224de39f33284d5e2dd31a9b962873fec2f454	3f3e0210582513317fc381f4c1f9ed3c36bfe1391ec3f65a2a1dbcb173e279b4	108e9186e8c5677a98ddbb36bf42f0d4db1529cd009b0e4c9f8c2952621912c84da4696f586e0c96	2988697208	1790632904	complete	969054
504	commit	6680540b1d634e4a02e529906263fb42d5b3a791a3d6a406d11763b67722b323	1e26ce40a3b2619485ed636273a578ec34e6a3aecb43f10a202560d9954b6c1f	108e9186e8c5677aa4eb54601a1a41c12755e6507be89c94ac1f3acd993dfbdc17ffc6ea28b35a48	2989420156	1790636421	complete	969063
505	reveal	386e99a1e223b48b804e9e4ad3a2499f1e7d7a4022c4368c890377a5cee7d41a	d91c8342eba9f7ae7604ad505f40f93a5c785828d1c01d450d9489862d9c70de	108e9186e8c5677aa55da07cb27bef28b48f31620b5bd768fee9177929addb3cb30818faa6ee2d76	2989441365	1790636501	complete	969063
506	commit	4ee53402091cc014d5f071e1f1d6bce8cd3f01ccfc0ae8cae73509827a3dbcf4	4bfb6f59f747d363e248053bd0dce37498ecaf6336ef6870ae312925d4f1faef	108e9186e8c5677adc520dc8f34045bbad99442def94107d409747bec35b148033f2a5bbe3a4c5c4	2990297858	1790640021	complete	969072
507	reveal	09d5f75685b574dba644634110ff8f075551cbe0d16eccf04b0108a827b8ca56	78f6e3a4810eb1794066da15a8769c2f1c53458b6ccde6b403e7698cae4536d7	108e9186e8c5677a15c52461d4aa2088859e3beddcac7253d9a89a2d75520c9776139345dc3773cd	2990319981	1790640103	complete	969072
508	commit	d395e7b961980b0943cd80fb25398f48e6eb534aa2f5c7c80ca0e21a11214bf4	c1a3df0725f06c01d8758630119957d0bf882fc862d6120ffb7fa0b71f12abc9	108e9186e8c5677a1f9a03a796056d9506e54a942417cbd8b3808513002cb5fe58819ef44172101c	2991099999	1790643621	complete	969080
509	reveal	fea268550abb239e63cf6a00acb7876c24842b50754bfd875c120d8b06dbe6c8	c95f379a0bd0f735dcacc3e4a28eb66d1c2b2e041f92ccca60057983949cd16f	108e9186e8c5677a7ea58664a65f9ba9a9a74f46056a3c96cf53cdcc44a28f60d0e72b9b0b32b4bf	2991111881	1790643696	complete	969080
510	commit	8bc7466817b0dfcc1f647e38b916ddfe1048fec7c2df29f7a1f06e308e60deeb	dad17088a021b5fa8492eef1b8c22f367bde345fe0e0086d9c8d449a8727efc7	108e9186e8c5677afe77a3887524169d643b06aaa40595d1bc11756f993318ed4eb47dfd777f34db	2991818739	1790647221	complete	969087
511	reveal	5295727364491f4d6975dc6652a5ad53976ade88bfdec143f3433ed7bdf472a8	e6664ec6fc9907a34c55b29d091ace1c346012b2ec23e957ec82658de15709ff	108e9186e8c5677a09df603f9c4d249aa1ef53da7a4dce9ca83f769c07d1cb72f14332ecf1dfeb69	2991827195	1790647299	complete	969087
512	commit	7cfd3113172649b9b53672e80af710fd6ca93ed3270e7aadc53c280676e8eed7	07e254686454b404616825685afa77b879f753aca81fe70fc74c433692d320f5	108e9186e8c5677ae8ebef4ce66d8b26a7e9be27a97b19dcda6c5d61db9c4bba55c7b21da81b02b4	2992298176	1790650821	complete	969093
513	reveal	13168aa9fd52c5e39c8ccf65852d7f4a7547811148eeab6f2e5ba08bce29e766	65e05e3d092d97fd1641b49fe868066f11c08fe2deaeda30afd5a9ac448e4cbe	108e9186e8c5677ab5ed050340008cd3561e076927f4677d19cff363cc472cf85e409ac7908003d8	2992320805	1790650899	complete	969093
514	commit	20244043f014ac4f41c7b4e0400296ff620f385cf2a88244084945e8f29ba533	747d046183c039219c25a72878632e41c5e703d045c51c14c599e5d5f07493f6	108e9186e8c5677a856324f5009c059df30f6192cf9fc2fb084539169532632d65e2e063d8bdc4c8	2993123469	1790654421	complete	969098
515	reveal	8b4d1a0ff87f7264e8db2c3c72e9e8d25801977324981636019e952b794d3603	0cf0caffbd90632825db9c806bd2bd672d0ae722ffa495a0edefe28ef435725e	108e9186e8c5677ab35d83d6fe03b1333a28fa03952fae46f7cacfb600b1797dbba9ea64e726f130	2993148942	1790654504	complete	969098
516	commit	3cf21193a12722f8665b8cc0b2d0c79b7645fb8c2a4d2da0f8e4bc47c9c1e26b	420c0444935a4fc8f09d4297a1031e1750016701a5f2feff5bbf970754ded940	108e9186e8c5677a74d838e62fdb427925bbb6e220abe146b8bcc2930b8657cddcca308e84fce67a	2994017005	1790658024	complete	969098
517	reveal	3ceb43acf53ae979040d9ed0c25ac5818f5917251dfc1ae6bbb157c783241086	0cd4806a5b52565829d51e0b535ee3fa4f9da59dd7dccef86e9815e7c0871d28	108e9186e8c5677a20bb169be96ac935528fbcfdf7ed4321b28746e4687f31f72723c81afffba793	2994039758	1790658104	complete	969098
518	commit	321bc214b951ac19c393d295c8e238097709dbac95f34bc618a55140862ed038	bf3ce38424e486078b6094c770338f6505e6b899d8304e3c40767332623c926e	108e9186e8c5677a76367633c67c36970b2f78840ff9b6ac9ff630beb86af12f77a9566d92f0bc50	2994641697	1790661621	complete	969108
519	reveal	453871ae70ccebcd265c7290e462aea9ad2fd8df20e052f5e27e923c7aa24ab6	a377fe48d55f4cb915f0c9b584417329ba28dae71f2139da5f39c102127d799a	108e9186e8c5677a644121b3fd12eafb3b72e89f98ffa734e28823962c2b28d293b776432d8e55e4	2994653084	1790661695	complete	969108
520	commit	e3bffa311ebe01c63f6fac50a1325263d4eda3fe7b9d98a5220bbbadef3143a6	40dc7bff4cbdd2f724205ed2ce8770882fc08ffae5fe813b00fe41881385b7b8	108e9186e8c5677ab456b353bbb456e434527d6b86f5ca4ba53e94ab9b877a7524c0237cb84f8632	2995365236	1790665221	complete	969120
521	reveal	5e49167deb35c6820328055f88b821a88e58349f8323de0933fabe93a085bae7	4876c5ed752b744d5e2a7301d4e04c9fb3b20937f723226500dcd6290b409f4e	108e9186e8c5677a429b3224ba5aa28ef2ef0be8ea1c3c28e67eb2b1d4f8ab64552249a981790be8	2995382157	1790665298	complete	969120
522	commit	df42620fa222bedb69dbad657fc9eb92080bd82a5b9187f58a240b58a576f3b5	034a85ad208cf569d232de941b4b1df0eda59cb8e9bb641e2a6270eb367590a2	108e9186e8c5677a9be2b861c7969adb707b096866f56a2ec06c41b9b71ef89fd8aa8dce6f4accd8	2996193423	1790668821	complete	969127
523	reveal	24c27054cad22938acbc263c0e70d3c90c381b1fc263a225c412bf52e17cd7e8	ef08c1daa3da1486c9c4a4b96c37cb30b7552ab30505a03bd2d8c9d071ee8540	108e9186e8c5677afc8ef1216cbfd550afe67b6e7bfd276ad11d923d02d33eff9e104322312cef2f	2996207174	1790668900	complete	969127
524	commit	5264db3a98d33039e653cc789da39708dba073c5549929c3702c5bf536053863	4e08880b89043362aacb95c9b1b86dc3ecbd8d8aa742f05fb4a30adc50a4c3fb	108e9186e8c5677abe4b0007f1e0586bd368c71648424a2cea733b343e3ecf52cc15d459dd53325d	2996896763	1790672422	complete	969133
525	reveal	469c4fdd0ead1f69a0cfa415f91df1c63dedf34f56c07845cd9472c870a37fd9	c3633a5935249676de803c44bbbcad5e3e064fbae852900cec5e2321a79faadd	108e9186e8c5677a6684ba095284d1471cdeabb0f6bf4938c09512d17c4eb1e4b3b7b599e3bd5aff	2996904666	1790672499	complete	969133
526	commit	692e45f14086e7c80507ea9527f37db74171b1ab5cd0b2c7259dd976e153b83a	b3f6aef15c4c141fa212eb145f0ad3c9064b5f42717607c7fcfd887bd704918b	108e9186e8c5677a406cd36d7520c5fd2a324b981d58ae553fc65ed3372390a29fe6bad3d80dfdfd	2997639931	1790676021	complete	969140
527	reveal	cd93aab41dffb898701746b2072a66720f2bb4d58aca0fb6b8c1c0a096a4fd49	74f89dfcb001b1835329897099bec19122d05b27013c51c7d30913acb0c67fb7	108e9186e8c5677a11cde08b5ba99b4bf8a88810f7ee2289a31694395ef9950b26c0ec885a5bd76d	2997663866	1790676101	complete	969140
528	commit	eae22e091dceb3378730f578d9be92a7af259278d5e6cc800f7a3a3779eed14d	aa30b07d0d7bb4d911932eeeeebc3ba952ac3fe5f4123ed54c2d332cface781f	108e9186e8c5677adfa49cea497f5e2ee250a7029615b279b1dfb23c4788a149bd109024af5392a1	2998546947	1790679621	complete	969145
529	reveal	10e0af27829f90d275e12e9eba700d68baae903fdb05c31463220fa13a519e16	de4fe3cd90dc0a9c349bbaa646d93b08550e9e445955d0b6d3e0591949ff1352	108e9186e8c5677a2cb5765a566232c53155de5c04205f97ff437e036e61667fb8dcc3c962064505	2998558707	1790679698	complete	969145
530	commit	395a14a0c208de0a57c6a9dedea31917fbc49e969f3df6ab4cb6664d2c0125b9	4cdd01bfcdbc11c688fe18ab028be0ce3e04b43bee40ac3f05807aa01dcb88da	108e9186e8c5677a18f3f6d73706fefbef7d0cbeb51a1de7e458dbde869a99661b31fac3f26cb9de	2999187975	1790683221	complete	969153
531	reveal	29d0213e7add2cacc03623370d05e97c3b24ed73b0a8d7f9ccfa8d1c86a41333	9f3d555c52ebd2099c55a49a27d94923ce39e3dbefaa1744289e2d17b24badc7	108e9186e8c5677a78c694b1a7be70b448926c9257475f35685811749f3553aaeb360bfdaf516c34	2999198332	1790683302	complete	969153
532	commit	cc5a36f3a492d7cc62b8a647ee69fffdb154477b7f2ff3fa34694f6300845983	6a17c5450d594bf93f52e1aa974b09f77a88c8dde952d6f0f9f1becc8fd3a50f	108e9186e8c5677aa2baa02883ae1e3fd3510016415fec8bfd2e879a2c563d6b4efafd40711b0106	2999959750	1790686821	complete	969160
533	reveal	645d38181612371efee075750bc46afd2eb1c2277dacdf4e014aef70151ba85e	d9f9ee032327d67d1c1b4912181c05cc5d9370bedb286032a01c551d22b588da	108e9186e8c5677af7735c4ab5d614e925c55fe32a5644651ce98ae283ff757f03f9858dc866c2db	2999973148	1790686899	complete	969160
534	commit	95d174daacc0314a05c25bc410c34ba9329f8ea1a212a44bf505f0500fd27e93	d057120323547897c0945bbef2668daf00a77df0e54c793d62f163467a89940e	108e9186e8c5677ad839edbdc3f1308f153d902e3e4c10518e0fc5968a9094f2128757ffb5c51370	3000731429	1790690439	complete	969164
535	reveal	d877f16d4ab9c667ceeaae7b5a3d1e39c5f48643155d20970fa365fd8bf521f0	935ce2050d7e98e5f1b80eaaa9e64b7dc26e70f8ce3e543b5604abed8435052a	108e9186e8c5677af0bf07c48150456de7e42610d57af9b683a146a627110be550d3066cc1b7eb68	3000742120	1790690502	complete	969164
536	commit	164d37ac1e68b71f4eabe1cdfc92275c7971d4ed890201272d1ddf4959a5c2b5	3ca1485b1b52e2c5a46b5cc380cdb831d1467eb469c141496231f77fb969cea9	108e9186e8c5677aa92eb887b2bd85e900e5f91815a35b5d51ac57703278549120a9f35f5f1c0c59	3001521198	1790694021	complete	969173
537	reveal	080905af08ccaf4fe27d4072791bc0f9538021d8dfe096486472934c70d8b724	1701371fc67cea98b5b94cd9770c43dee4dee7589a4e4faaa76f494418765ba8	108e9186e8c5677a526003582ddfb75349e3f110a5fa507a13207b21614d709d8a35c3d0a7baa5e3	3001530607	1790694100	complete	969173
538	commit	9b1dad33c3ca7f3961ad5eea962274f784df3a4d696c805342ca3f43a7291ab9	e47e6303dd878f353098aaa469901b9f5d9bbe6601e19a425fc4fc7cb2ecb8e3	108e9186e8c5677a2a38f6948284cd470f268dacdc3a8993c929d09ea1b3bbde9c0ec67382010fba	3002136137	1790697621	complete	969181
539	reveal	f2d36c62a7a1ba8fb0c4cb1ce651e8018d1287324066a34424b0f51ac62df2eb	4a290f36b289baeebdfa09eb4d534899836c57e9210deef1978bc93cf5ffb3aa	108e9186e8c5677a9f25ceaf929bc49dc49a47f9a7ee6021006da91df81a9517af695538e6d7d593	3002147936	1790697700	complete	969181
540	commit	1175ce473169f3b3a0c33c3fd8fcac9fb3f9f53c4eee42f0f3d7d9031e2faa31	9e16685796f554e53de8a8ca0f7388843fc5a7ccf4ea23ad977076f7f09a17f7	108e9186e8c5677a6bcfa37e11b6dd05aecf4bf0b7ade349c698108fee2e6f2983bd199031129d69	3002852760	1790701222	complete	969188
541	reveal	f81d4d2c0ea54819ef80806828974ef2007b3e275c47ac7745221affe19cfcc5	d66b46b1aa7ba3ea15d792af660f29d7924205b224402614ab5bc61fa094c270	108e9186e8c5677a9eb140ca62fdf64b62070b661b448338bab130f4771f02c12238db6d8181ac79	3002864827	1790701305	complete	969188
542	commit	7a0e83a564147ead1bf8d8fe83d5ccc242ac7d23d6aebaf968b2f43a6fcad75f	7b674e37b5335179be612fd50dba97729c74508bed1d1c3cb6ca4c8461300d7f	108e9186e8c5677a153657ec78ab14f7b35348f8c33dadd611ff4db0ec8a7f8dc9dd1d241af61e45	3003584980	1790704821	complete	969190
543	reveal	fe2dfcf99759a4a4ea3a36ee09aca820a4b273048fbd9c2f83008f2b4e78435b	103bcd085d23d1062089da2b310af95eb4e7c82bfbc4a11ae2aa7f310c4ee531	108e9186e8c5677a0cae53d74cef78fbfad9e82a8c2be45b1927b3ffcf60eb12ea82493d246894ae	3003601437	1790704906	complete	969190
544	commit	273d6046dcd36543c041c01fbb3d3221ea029321faf342a6f4c4e5bebedae0c9	f298fe1a63b45be43ea40a1fa20c3b5c544fc6ab1e0ff84e34bb441610afc413	108e9186e8c5677a1c56649f515a152b8fd3e6fae70e75ad89b073a28405b9576142eb1986b99400	3004467564	1790708421	complete	969197
545	reveal	9a7ad19b86570e4a9bbc885bf56e2b9beb5a06e795ef307ff6419edc4653fc8f	94f654b6c296d1b7312abe2b2f86a67092aa6bb261fe31181bacc1226bcb3d46	108e9186e8c5677ae30d00c29673dea073590936ab83678b42afcc73b1c7367297ebbfebfcb166f4	3004488799	1790708510	complete	969197
546	commit	ef377c4a866f789e0bf5a14e206b7c245c56992e6d66058525e7dfa30a551a65	b0ba84ba60a21bb876c2545f9606dad8da1978b2f3df837d91dc746774bfdd31	108e9186e8c5677a747955d7638eb46a29330184c426de3907c2403571a3e8df79701829f677aba3	3005206961	1790712021	complete	969197
547	reveal	82a142c46289994c4a525fa70e32ad451daafaf123cd9669f04fba59f887e37e	8ebaed0a0209d639dbfec97bbcd929ef91053b863b63f586237c83cfa02fdcf9	108e9186e8c5677a93d0bdbb80ad154283aeb45d03dcc7850f1b18671050b3bdf86fc1fcb946b103	3005223503	1790712109	complete	969197
548	commit	d1dd7cd54a5b6906ff54e365f72b916c5ab507b527c419db66bbdce7ca82bc93	faa28b958e2d7157056c9973e45b2e9145da32272c883c25637dd4bb09f6dccc	108e9186e8c5677a65c779343003706a5681ddc7759031a1fbfee29359ffe404ca2e4f6902c82e50	3005924631	1790715621	complete	969202
549	reveal	dedf3e71fb117e214acc8ce948dcecbc081c4e7920d93adb7839b5b88de9ff5c	10ea24d23f10899dd534c39fba2ae518f9b9728643548fb8a228809ce26fbbaf	108e9186e8c5677a218a87022bb44feb84e3e87c50813f9e3d92fca5fa1a50e72f4e9cc6edfb9b83	3005944002	1790715706	complete	969202
550	commit	36da55507dd51562910fa22b3a62ec7b6e978212b2e0f531c7aef4253d8ef3b1	a3c3e37cf753f844bab875915a8d0692985bc1acb691455168d833eae7da254f	108e9186e8c5677a376201dc29b27a2a6d5e9511ad60fe6614624d8a41db5124a0301c36aee3526f	3006842391	1790719221	complete	969212
551	reveal	a1d3eebea0c5f31f3b9a92fa3d65070c9e6aea7654f58867affb8c7cdbb7b48d	2996ab171f9f9f3c0edb4d5ac535feb6434f90415d64b9a9c2c6d6f80f4d5793	108e9186e8c5677a7ce84e79721d8a655b655acde5a720c545b175b41a9e4904ccad511a3a2ca8a8	3006863195	1790719300	complete	969212
552	commit	f37c5071b387ebe560a7f25acd8657bc3acd355a61adbad370d07b2cd3c0c1d9	6c1e2d2174f0c0968ef696107b2ac88e3de79f262201d19c7ad627fd02e64eb3	108e9186e8c5677a42cd60e787c3861073b38cb96edfb4f6b8941289f339b61bb8b73c287ff5767a	3007645768	1790722821	complete	969220
553	reveal	47b599e915722194eb7b1fb0094b8351cbddae15a33f72bc525e9857ae1b5245	272b4c3d26973fd0b95117fb589bd8f795d437f1a02bdf54a9405bedaf876a18	108e9186e8c5677ad7f70c9cd29875ea70cd3648cf946a05481527147322b91bda2ced01514ad034	3007668243	1790722896	complete	969220
554	commit	01352f74daaf0c8f4b075e379112dd3604335f061c1d827e37d5b2bc9a848dda	ca49e5fd0a359aea72982de94c37a27b7da1cc80818acb8e403770ff976e7beb	108e9186e8c5677ab3cd8a78f56a9eaaba227a0b37cfd3e4825ae858d287b5c4cc6e7490d3d762f2	3008558034	1790726421	complete	969230
555	reveal	725f8a67c15c10174ffcf38662337d8c07e9dbce454f9ff2bd430076c29105ed	a8308cfff42e62b2d92f836ad220d66310ed9c2a261c5c0c5e90fb06741c3d3b	108e9186e8c5677abdbb76fbe83b33b2db646e735862c8b5c5783b245d998fc0b6a7e094336f6f75	3008573021	1790726495	complete	969230
556	commit	0c28fb1ccc9fb5d84cb0161ee0e70978dc4b2b0d26076fa6e05ad66265ff3d00	f2d1d3c00cd4843428676fad5931dbc38262ff7e11f1f3561d017817ac03875b	108e9186e8c5677af6e1985faa2f5e526c10a35c2ae29bc085be58b8460298ff2efcd57a385c4f9f	3009324917	1790730021	complete	969239
557	reveal	a8a167ae9958902e446c8200bfeb321316ee0c62ebf19ebf161c28ac83eba6b7	3359270a2ec62eec802e26e3e4ecc8c4c08022542285807946096a2b5aeb1b11	108e9186e8c5677aaf6ab13cc9dd0990ce5bbc15b3707c19940b999a1db51b1daee1fbbacefe2e5e	3009332153	1790730099	complete	969239
558	commit	9610c445a97a0a1e303a4e029d15c2040eaf8d79b78ce8ceb39e9067bef02f91	2b37adfdaa6375bf6478f0df924ce43f85a7bfd94fa32c8cc396ba4cec01ee66	108e9186e8c5677ada837609375cdea4d408efb1e6850ca898009bd382c94a8ccf2f447641adf1cd	3009908704	1790733622	complete	969240
559	reveal	a39016caeaefb99b9dd8e4cd64054099763fb34244ab728ceb2033e7c26410cf	b2acdfceddae5cbb40c8314e8ec1510f0a90897f6bb191451e6e49205377bba5	108e9186e8c5677af89f54809fd31c38f8d60177ffe8df91b4bf4d7f961504eca124e09bdbe38771	3009928485	1790733704	complete	969240
560	commit	8cf42c097401035b3d21b31ab2c96f36d5beb1de6b49fa37038b3335833aa62a	eef1ffa5256827617df78696647f35e6f09e2cd39f3a262937534f98935161f6	108e9186e8c5677a811be482bdfbe6e5bf2df7ad9ddd9b824885b91024f8112baaee14ead0d05199	3010704908	1790737221	complete	969247
561	reveal	b5737891f92752969c733ba80bf012aa91fb19e54c3d13256e8f6f7e269cb8a5	63ff9619f37f3b1fd0969b8188779e9b62511f12b92dcc5d75b0a50e552dbc4f	108e9186e8c5677ab22394edbdf50c5f595b641e2c61233062f53b3b67c8d04cf499eb230d35e4dd	3010730706	1790737304	complete	969247
562	commit	00f859b9958f601b10b2caa5a9e259566a42e2dc75b18af8f508cf8528079d7c	d1d273dc0d019424389ab7a5cd79af2878969ef32a7d2a4dc4e8aafe4c48728e	108e9186e8c5677a0aa874a3628ea6908ac19bd49f312a60940494eb4f1cc3938a676a2c638bbb6d	3011495536	1790740822	complete	969254
563	reveal	8f45e8f8264305865533bbff4650596b4c620314e9662ea1d4330d80dbea4e30	7e44c46ddc383900e6c9817971a2c122c93249f09c46eba8b3e420dc6bbcbdd4	108e9186e8c5677a87c0134c2399b0f78c977ba3818a31ca8fd4883cb44b1e0bd1713032012c6e57	3011503687	1790740898	complete	969254
564	commit	2d80bae2ab98adefd13bf3a73963aa3369220161f3183bf633cce2e15d9b1136	2a08ff3d43d0de80448671df9b65554e55f4faec28a7da44794aed63e679a512	108e9186e8c5677a323e53af821bb20c31ddd9e3211d68ba9186e63aff0503d443ff359620443b6e	3012351582	1790744421	complete	969264
565	reveal	fdcce3779cb5cdc866675582a64fa5c5e554609c6b88cf89a854d461e07ebdff	ebc4287744f2c3c701b39e3d5af244bdf0e27be789f75cf564379dddf42a05ee	108e9186e8c5677ab700c6623a92cb4498f886f9c082a6d3e750e003e8d5bb578d90e1b1959679ff	3012385877	1790744535	complete	969264
566	commit	5ab9916647f9d7ccbf3d72624c50865c67db54cab0b221ad09786d7626d936bb	02c5de31b60c0885ff5c4f5fbf5fd0bf7c3f1ad6d1f77d561f68e16d733cde98	108e9186e8c5677a530449befea5ec6c3728445f95f650e3a31c533ea53a12b42ce056e90e1ffe33	3013170151	1790748021	complete	969270
567	reveal	f9500adde14a54b04dd737e292529fcee8d5fcb04db6fbb69e4de0568d633cc2	d3edca784e8d525228abcad571ef56cfd20f429c507e1fc1d2c9298f44e99e26	108e9186e8c5677a20e8b75ce18ae72e8a0102e339f657f5e203654e257fbec16294d78dcb272870	3013192278	1790748098	complete	969270
568	commit	9e5db118fa74af88b29a31ffee41292fb1de0e8da3fb9f38f9ba232b550e1d47	4bdc4010b6f18224b95dd74ae3368bf44d99fbb72ac36683474a2f41ca42f9e8	108e9186e8c5677af6fed2bb9771f35b5fa07f307cc6e5a55bad80ae4148053bcb63f01ebb886c07	3013912874	1790751621	complete	969277
569	reveal	b7bcf095f4f47990958abc861f7d26a4af98b1620995b9a15892d6f078a8064b	652a8700aa885b53214aa279fb1571a500f82b28af1cc769db8136e172b73342	108e9186e8c5677af916e214b1a56e6007a0a5d7cde5316d87213097070b8071136d735e682fabe1	3013935375	1790751700	complete	969277
570	commit	ed144df7829332f2f73af111d3e793a10b0eaefa8cb256ac6856139075f453b5	f0b4f038488a541032e10185c3147473cba8af550003385bb819a26f4187cbe2	108e9186e8c5677af97b13790bf1fd0d43804d80fa9323560e10d57df0380173d9658886068a16e4	3014660320	1790755222	complete	969281
571	failure	528dec6ace2aa61f4b97beaa76fb316ae3b06e3d7fb8202dcd6869ffc08090e4	38be23dbb7a3e79963d6a24863857908cc54ff2b4036ccfbf4c527cd37d30197	108e9186e8c5677ab108c2152bf178c80be5aa7d5227c6282ee7cbef12a48b6b6ad1598d2a64b44d	3014685412	1790755323	complete	969281
572	commit	264d3b886e94d3b8e605223e110fad440a0ff425a09d225e5c545db3ccba19c6	a8e950e146594dccb150257bbf691e6e6816da36b31f1d2cd6e9401bfe78f079	108e9186e8c5677aa4db9a302bd4d43b4c5283872234868619358e4188c36cb8e8fd53f7690a7613	3015443021	1790758821	complete	969288
573	reveal	2dc82d9ca047d8880a7a9f2e3ad649a12d852995656fc908c61c91a2664be5f2	823dafaffaf51ede739ba98144e3241ee38ae2f40cdc189b42ff91c32942d4dc	108e9186e8c5677a5d8e7575a1864d0083e62609c55f892c3208984680133875e0e5ec178261b25c	3015463040	1790758903	complete	969288
574	commit	205f0b742567f98ea25b5eb4dd816ff0f89558596453c50645b93e920cff7a33	2c0c61aeb01bfdd929599becf2161eb5aeece78d093e9e732b9a8d47060ab6c0	108e9186e8c5677ac0caf74ce40a0832daf9c4e9a6827d71fbb0794bc08e927cc3eb641cf17381bc	3016303723	1790762421	complete	969292
575	reveal	dd4ab7f4aa50ad2f45502b96071cf15c09c6b6ea784b8c46aeea1bf33398c167	459977094e4cf14c6f2a70704be4c74def6f56c9f52bfa0818579fcbeca039ec	108e9186e8c5677a053075ba586558b5cf08d02393ecee3052250989d84838e194db2371b5fc45f0	3016326897	1790762497	complete	969292
576	commit	4a7bcb97f151f2c7463e3687d59a4a258d1b1e55ae8f070e3318ffc3416bf313	02f97bef39257b7c67676fa9af64c60fe7f043ce7ed726ceb60eebc0cfad2130	108e9186e8c5677a30bd37346968ce49f5eb4ec16b3d7e71a7926fd563d9aad41d05573a1ebfd194	3017114648	1790766021	complete	969298
577	reveal	20792741cfcf6bbf7875f9c31d95ebebf8bbda39c778ce81ee5bfea130b7da4e	040f1d7d19d1f360babdfb9c57313dab0a0494f8d5e75d6bd6059dad2e93238c	108e9186e8c5677af0e4af3c43c79f9d1509809808d9496648e30e9c21a179d1fded64c5fd2ae62c	3017136720	1790766099	complete	969298
578	commit	e786e6a8a20ff7c5cdf3ad990698256811f146f405a2bc68a063db9f8263aafd	efe9fa2a566d7ca18a3b56dc433f500224040411ee4a533d6b4bb1dafe5f6c28	108e9186e8c5677a3c8ce35a88e59623cf944d8eb4e54c61440c63a1aeb582c99c810e73c34311dd	3018106473	1790769621	complete	969313
579	reveal	e1bc8811c1e630eda7a3d91be5a3d57b17b019992051b581419ad385460d2804	fd636aae2094c28382788d47dbd5758a9df4b74eb818979d3707d496702d8851	108e9186e8c5677affb4a1cac2eda1f89eb84cafd7b63cd4e3aef606185beafb7ac7d38f280e6fb8	3018132075	1790769707	complete	969313
580	commit	2035002008ea5714b276e321b2aca9fc9f4f29e7612788365c51d92e4286ffea	57c062fa2be7626a80108d2d918527fb7afffe632ffd169cbc40ee4259e3b076	108e9186e8c5677a1db2cae2abda032fa6d675ff53909ff4ec127657d7bf2e3f18817de452b146b6	3019062278	1790773221	complete	969313
581	reveal	b355ea0b9accd8ad2ba1d094825c7b6acd1778bedf16c93052b4984b6482e155	06a4b6a9b108c43a59aa3e00ef01ff42c7cc756c58fd603253753a1ad3c11327	108e9186e8c5677a21426594c84d5aacdcbdba6b6b8f637826c8d510fd46ba44dc99ff4a2c0cf2dc	3019075948	1790773299	complete	969313
582	commit	33d073f45749d12c35744a32b3a385610f76fb7ae8e538a7230cad1c2b74d076	89a9dd13170be16a7c89b805fa39890a34093ce4ced327710f5f63770d7dc988	108e9186e8c5677afa059706bfc87b3dddfe45d3aa3e1e60ca3ec7111aaa06d3130ebd529fcb29cf	3019891530	1790776821	complete	969313
583	reveal	4639ce24a9a0dfe137480bf050d5e952ed3295db2ef97505ec913c50ffa86d7e	d8c33dcb5030babb55d1beec98368ce411cc3d6d6d5a6201b02925c3d6ec5c26	108e9186e8c5677a4a0558f2f764e0db9a774c5dd8b1b9c0510571b8c73b9e62448ca4117fde571f	3019915968	1790776909	complete	969313
584	commit	dcda88d444e97b1604757a9cab9684c5561f07d212947c8f16dcb87d614ccf68	0b5827d2de5be12734ea8fe5b899418d4ee2bec9c889f9198abfe5faf140ed45	108e9186e8c5677a6479d33b5f3d4bb31b08c0fa415aa6a53b034ab7ecb17523fe2f3735c302a0e3	3020842178	1790780421	complete	969313
585	reveal	2df080d98bffc895612811373d4a060c8ada18fd61ee602db819cfc5c2c60823	556f5c03dc9b01b66edead5df4568345d846da928e82cd4cf210fd66e6ed4766	108e9186e8c5677a7cab8c8b0a5291855131bb87385dea3976fdadaada97c8bb8c09ef7095b649fa	3020868891	1790780514	complete	969313
586	commit	c6f2e45ac76c8887baea2e87454c92f4475a584b03c7d092432ea789a9fe85d4	70ac169e83bb50c698eca0aace711f2b7578e9c23fe83d28486696902fa5e3c0	108e9186e8c5677a963c58ce147a19aabebdb10e85e3e901e03cb97591cc3b133d32c475bfce6059	3021617119	1790784021	complete	969317
587	reveal	031476fd29a6de4ed49e79b454ea710bf7762d6a0a5b8a912d25df461f047799	170166086e455bedf7c88dbda2265402c794f4348eb0dcd1fd7be334c6056beb	108e9186e8c5677a36194c7a4d4dcc50faac5e8ed09e115ead20b94a831463770f669790d497bc5b	3021646961	1790784144	complete	969317
588	commit	aa7c98976df7e66e4eabbaf4b2ac58a52799629590a32149258a5a25622fa942	73ae09938f3331882731ebee9667f3ce76feb61b9c4226721e930175c3ab0762	108e9186e8c5677ad13ed13beb2dceffd87d12ed31f88807060adb629e6252f7f62a13980791aa67	3022483849	1790787621	complete	969326
589	reveal	eb07e199e726a5a923ce63c87750072f971dd280c89ddbfc934cb3877800c05c	048655ad587705103a3c8154e92aab719f3667c9c104d03d609e0db281f5ffcd	108e9186e8c5677a274cd5e6c589e20592a614985e519b15ea5ae270ae13c766c9672a2a89239369	3022498940	1790787702	complete	969326
590	commit	9746b188d46d561d6d93ca14b5696a1389890d34dfebc2f20cffd176726198d8	c198a046410ac75fe579dc448d9801b3d60dbef59a0868c8498cad9eb9bec5f5	108e9186e8c5677a6cf52fcb2b0adec63826e6bf06e3fabaa4194330a8229637cfb6ba66b14f0abc	3023258307	1790791221	complete	969336
591	reveal	6b3e812c3aa17a915605cd3ad1ba0277293c213d780c7599c7892eb9f4aeb9fd	d6220d37deb8cb863bf4130c5e88dbea45eadae7df87a5cdf37fcaa29520344e	108e9186e8c5677a9e289b4f98cb6c5821bf5e4ffa73fc2a5301346095eb745f46ca00b710cdc08f	3023281332	1790791301	complete	969336
592	commit	8a5455ae79f464eff6f91fa26454f25c3f9c116053a4423be90207544f9b8011	30ee09447a97f7444add48666319ffc7218976d4fc1136dd1aa63a6f2babcb3a	108e9186e8c5677a4c09dad8d63ca0f7e0cf56087b7c86f2d3bdc073a432b659ca50c95e63b737bd	3023796459	1790794821	complete	969342
593	reveal	c9c00823672fb65e1dce15797073c2ab57af50458980778f4d61f920910be8b3	cda71337fa099acc132c952bcca7ba06c2abad3882ec7b443ae1ab7884ae545a	108e9186e8c5677a465ad050aa199955a4a9bd865b3268026e084b16dd209aef704fe97a01ec531e	3023810876	1790794905	complete	969342
594	commit	6b1b9926d82aa7f02d8bab3832de0ebd3b4f5556bd0779e8939a41535b9d433a	2deb6cbbdb09e4f97f0e6f302bb5686ae5ae8b119df53fca44833b7001b1e67e	108e9186e8c5677a4adc75b6b4675036f8dcc6269e1eabe7505e555fd0c00ab937b2b15e68a322db	3024683677	1790798422	complete	969345
595	failure	4c056575074842c5866818eacd793b951df833085675c4b60d3b7ff77b598f95	c54e8d159200a4e6a621ca1c364044810941b896d2988dc51c577aaba61ba638	108e9186e8c5677a48c563164e3e4f9926d9701f1c6bb5c24d2eaee9e37e361fa2bd98e0c1fb1081	3024707105	1790798524	complete	969345
596	commit	c2bc28061f940f5b7b2fac47d3e862bc38fa86fc344ed891925a287cade13015	1c976e08b9eadb37f11a4ad97d0ee966160f1bacde80e78ec971007bd8f74210	108e9186e8c5677a6530bc9cb6d263a1da1d9c880453ed77a402e1dec7e568642b24c058aef87199	3025218555	1790802021	complete	969352
597	failure	904ba26519ddae8b31d1e4a0d5bbb3d83b192cf10a24e98aa0a1c80c94608a8d	172df1c89128e40e8ab18b50e425f3b59753386a32eb388eed8bbd8739d3888b	108e9186e8c5677ab70d559e8139042ac5bb753470d624e1c8a3b9088d57fae11df8e66a09852178	3025241916	1790802124	complete	969352
598	commit	0a5cef588c31ee34d836b17dc69f857b4298029d042f9c4e61983477823ff115	8b8aaf3b58249c06370c3d1b28e62d44e949ef9e37edaee3d1a2d4dcae6ea5da	108e9186e8c5677ab9eff490231b858f2ec45fe55d70a30f0f90ded032015ff804a0d4c513b0e57b	3025930541	1790805621	complete	969358
599	failure	6c5dbf4fcd8c1b3e940adcbf954a06c8ca55b7f8f3c0c417155f6125f95a9065	a55306e680132f22e6ec3cf7951ccf94817b19cacbfaeed29188918c0fafaaa5	108e9186e8c5677aa455ee6ddba31d59a856210b35761f7b3deea832098743f85206a45b97956745	3025951702	1790805719	complete	969358
600	commit	585f2e1c5fa2135c2070cbc33dc60da58a10cbc43dcf42c583b3eee5806c485d	96c86e50473f944aba99478912ca9c53d1b461860deb86b1fa584bd858e0bbd9	108e9186e8c5677a6d70149a31f8734468ee5981dfffb769c7bcfe1dac1a561cfb88ee1ac5385ccf	3026873045	1790809222	complete	969361
601	reveal	77fc18115f65a41d59a10cd71149486c92ba687be7fc19e6be311d514c66fef7	a62ced73dda127f02d244b73055cdbd0b9b6146c422dc9c87f1e32d6dd509a24	108e9186e8c5677a48e93e09153511c31efc51d5ee68d2711b9cb935495d96c971b0ab5c032abb8a	3026895799	1790809298	complete	969361
602	commit	813c636a3370ece28627df00c959eee649bb81ca8d8650f5a00dc682fe428449	0c43298d35cc11f16fa00376e8933fde07bac9b7d11c99d4b5039a008d7a3479	108e9186e8c5677ae8bb4e177f2e0f5849feaf07254ea17e11055d11c258181a21ac50722ec35c20	3027721544	1790812821	complete	969373
603	reveal	173e2ddddfae12ac340f49743f2c12e556bd375839abb512f5cb7f0487d35231	0635bfe6223d3261b31a2ee6dc0ea81044849cbe5cc0f9ea582df224dfb62780	108e9186e8c5677a5723c55a0bc9d6f92889803e89809483964d974ca1e3ecce699def9fe39e37dd	3027745150	1790812902	complete	969373
604	commit	d6936eba058c9bc774a101d5c694df239c06de19973b1d53f0f585280d9d6e1b	a44cb1f1b446eaf405f3899ff198107143015bd2caec322fc19b69d66b00f5dc	108e9186e8c5677a1e970143710caa5ec05807a927e6ca6d1ff92cd208c464e7daa9c4b698773ee3	3028435783	1790816421	complete	969375
605	reveal	fe2213b5b461220c754dafcc4e86e1e39c2b6ecd5b4106e38fc5cc2b7099cc76	8a52a4a23d6c26b47a32380ec25b00495a5e02fbf0ec1633d892620e4ab9bef3	108e9186e8c5677abf5fffbb2e6fd207e6597269e781479ccffa6244f108be7d4dd44c7b6ffaeb8c	3028441132	1790816498	complete	969375
606	commit	6cbf78a6f7da9aa02a399e482797453fa5faf95dd9fa215ee01afd11f1dc6912	c5b49345fdc6e7e6959a5c3ad09304bfa4b52c41b729827113786403055bd263	108e9186e8c5677a7f1f6ad9ebb63f9bcca3cd174ce1e530a2f23cae00bc6545b048fdc72a032cc4	3029032851	1790820021	complete	969380
607	reveal	de975f1ab3a0e7668cd8ad011a1b1ef916b87cb556314836abb2c519a72724d3	e6c57b3c5f2a6d9c51f3eddc4a892cf2d4ef8faf23b1db2558c64c4f3c23f397	108e9186e8c5677acebf46759a10ad90131e28b4e798cba76893d76deb629757621366b9fe0f8caf	3029050396	1790820100	complete	969380
608	commit	f05098e2c9914adac724c12961926999a8133e75204340f031117f6a754df3a4	22295e8f6f7d960a9305f20a8a20f0aaf10c3f07d881e613510e6789d6b8e2dd	108e9186e8c5677a3ad90f6df1a6b8ca8d19beec5d115ee94784699cf4e97888563a70a2975c3133	3029633219	1790823621	complete	969387
609	reveal	132d98802accd76777b1c602f5dd4eac33b905c759e98d6f88685cd87326a839	7855fedf8c6c0eeaf552102034ee5c54f6280660ed2bd7648e75bd12b3ae376e	108e9186e8c5677a1de71f47adb17f15b857fc63a7a725a6ea71710e46c990c191749db6f2e7a5e9	3029637910	1790823702	complete	969387
610	commit	c0d1c103cc5aad060baf264af0b3ea93a3d72eb800a73ffe1353f2c6698ffb67	0589ddf68771a7decae7ffd3cb9674fc97dc8ece2b9785f80e8303c8bc43af71	108e9186e8c5677a7d75f07c37e697a6d831bba5881a8c8632d778dd1ab69e3b7dcad2fe48039b1e	3029846747	1790827221	complete	969397
611	reveal	85850ac53a771314c18ae7d7a0e671c052fe0d9e91af36d00e1f0c872bb51996	63d266f897517e1b4d9d8e41bcefa26cc5acd2eb88400e84162ec938ad9058cb	108e9186e8c5677a378195b7955ddc97ce8dc6f4b80c5ff0f61beab12583a872c8e87cbc7daa0de7	3029848408	1790827302	complete	969397
612	commit	081ef2d013d890b25b71d0c727314e54819daff07c03e58b7deca541bc39e28e	ddc735fa24a3cd17131be1dba96542c58b192e543b51b8d020274441c457ec39	108e9186e8c5677acccfa276ff502cfdaa2c744d0d27aded5e753ca03a83d3d9573130eaa8934b86	3030691582	1790834421	complete	969403
613	failure	5a597b3b2b19904578d6c7f26a34c1eed783f654db7f665c606bfc97a15ff8cf	495f931f7287bc9090d99f3aced67512b5c7c51d2cd84d2402375138f409faf3	108e9186e8c5677a1ebe0c2682e6692ccf18291566601bff755d60622c40ed7481f60efc18930fb8	3030720776	1790834522	complete	969403
614	skip	1e09638f45664d7f3f3b371b63845c84820b69e5394a2265575fa777c2116fc8	7090dcf8af8b2c6995f6aac0ab66a763e9218dab1faf58abf0efc9419ec40c32	108e9186e8c5677a38088e7d24bab10c8f36a615fe0bb1d840d17338b906bd24b6aac5447fcc08a5	3031544587	1790838037	complete	969411
615	commit	3e5412feef9276f1845bb3dd780d6e1b14bf0544a9154ae39b018ec21ade3ee1	b8ec5d12ec22d2b533bc64273efa4997b4a66de5a430da8e9b16c37e6d91921b	108e9186e8c5677a5d9ff9265dca2febf82bc734c4f846634395a4bfbb072e18a179c237ecff70e6	3032461458	1790841621	complete	969421
616	failure	c40dcd804674be281dd8a3048369dbc1d782adcf09cddd4d450a22b79dcba362	3c243f8d7cf78a39538524d43946fa21b96205ef61f834d323fb5385fbd3901a	108e9186e8c5677a2de37ec3b2459b25d494075e3f4aa551efc2d414e32cdddd74120cf0fd679bea	3032490380	1790841719	complete	969421
617	skip	05662ca0bf0a6c7aa5021638478ab07d484d463ccfc7c94abaf65279b2e9aa72	de186a4306b8d64a3d7b947c7cdd4cc897201e114d6292282cd5d245273f03d4	108e9186e8c5677a66d65599514a04275fcf86c69063b6d90bfe62cae47bf4be7970fc2d62578a7e	3033258803	1790845235	complete	969434
618	skip	349e67463a17d2362eb5727339486114fc342997c7ad7518899fa261f8fb3d3e	54624e48ee827284ab4b6aba2a2679e695b0367d73555f366e4464dee52920fb	108e9186e8c5677a13997d06ec7c3ed9a20691b597078961b38cd155401562f6144948e87cd8fafe	3034119560	1790848838	complete	969440
619	commit	15317344a058be0704778e218f2b505c7d5e553f4cd7d9e9eafe3ff4e7ccdd5d	df083c51c630c91502e15aea5fbe6658b46225740db007d2c445ecc29b69aa81	108e9186e8c5677a699337aad65de79f6670279f299e37f877de9bcb1726539da258df7de8054bc7	3034917443	1790852421	complete	969451
620	failure	2125a42143b9e2c13e4f48c9efa91750ae3c0ede4fa540d3c05ca0ba263bd60e	ae98b3b4367b290e5553df61b291e3cb0e30bd8c562774f59e907cd7e4368487	108e9186e8c5677a1cc59a9cd2480a96fffb17f1dfa4c9de5367a185f748a33c9ddb74b33686159b	3034929566	1790852520	complete	969451
621	commit	8a149b98339dad3fc0939810ef2dfb3a2cf61997c1ed62228a48611cc8259fc6	0c76da564d127ac274d73224be4c786b50d5cabe95f7cc921cc992c1eaae0f9b	108e9186e8c5677aa51c1fa6538d633f9bdb62037dbcd414b676eed2f76c3c93c87d1abea4eafdbe	3035419486	1790856021	complete	969451
622	reveal	9325404d8c2566dcf754236653bd71d68c69ce3e568d62df890f078a6833de04	208715f9e0ef3ba273080c0ee276541f11cca0f003d9e262acbff29286dab0af	108e9186e8c5677a74b29066a1a139be6a56e0840a45b390c0b519c9d41a6752127e49ec7604727e	3035431881	1790856103	complete	969451
623	skip	d27fcc6af06b04262d404f592f1a607f81cf93d8a0d0b646915d4a929ad27f93	318712310ec76b19d50a7266162e75cbaf906a828e82666561e33d737a390a3e	108e9186e8c5677ad0aba1538130aa89760d422d8f666d2bae5c178347963e5d4c0e7114aa4564dd	3035860346	1790859655	complete	969451
624	commit	d35fdd3eedcccc7dbc1607c9ece8db40ba3e94fb932c03fb44da4cbdde9521d3	5635f648beda3d9ae3194c7b0957ab415d69805db352c6167c93f47e41c73fb2	108e9186e8c5677a0ba09b4b022960b1d80470d7007aa5d0d417764c713afa67136bfa524ed6295d	3035948830	1790863221	complete	969456
625	reveal	d820aee49909186f003accd165cf8e3cbf9263063b4cff5cef5e040a17662033	6a6dcacd881ad49da119a77d1ab07a5163ecc1f5bd4c81c69fe9a7565c865dbe	108e9186e8c5677ae3d7072b6f3577764a2f7edc0bfe99b0054dc2441e56082607ea5d5b57d8011a	3035951857	1790863311	complete	969456
626	commit	2cd0b492181b55b67099b86ee57c9b2146eaf2dbfebc77e94e47ed017050e329	1a34e698a5a456d69c8540d5bb5263ae952627dc25ee1d73aaced4e593ebad15	108e9186e8c5677a7119d23aeb6809977b6b204cf7f2547caecfb4d8f7b62b7e4005de895692c12d	3036217565	1790866821	complete	969461
627	reveal	fdef2604d9a8a435f71359873161f5ce4a202f3ada794919183e1150d029ea64	3fe26d6f7bf426c0289a1e3417023e152bcf30c50b283698bb955c279390b4ba	108e9186e8c5677ac76483236c7e00fe4c13891352a1632be1b9d821cde861101a0627fd47e52591	3036223055	1790866903	complete	969461
628	commit	fa8d68fe46ba3f8492cda2bb4e2d3a62a5c05bb398679af0892a82506f160f22	ddd7949608b8bbaf35d76c92852c58264c5aa5a81ff00a431bcf5a64f2781782	108e9186e8c5677afd4eb17bb0f57e5183811e306eb701850d0ff5070d2d45761c279fb474eaa544	3037078097	1790870421	complete	969471
629	reveal	2e881ca86de352a3393af825577679879dae386a34a2c9e06c873acb03ca533f	247bf4acb93392b217976769336e60a48a42ac897a0e5e659330f6ba1871245b	108e9186e8c5677ac0363c530e5f5b58009f78ed85f857ca5ba93a8447e35fef490c480c7e9c0d4d	3037098451	1790870503	complete	969471
630	commit	8fcf516efb2df6614ee33aba185e8126a41af15853e84767c0dc3aeacdf92493	46bb4e25ba7b71a21154b380d1fef69164594d929296cb76d7fa4df77e04b514	108e9186e8c5677a0e43ff0330acaff90d540b10a905f23010efab00b536d2225768af38ddaa748a	3037965150	1790874021	complete	969471
631	reveal	c685e78c5ae6c55055e2a59d0c0874c293e320b0be47f0104416e8cfcbcde8e9	1e6fe42edbedf32141ab91eea7bdc9749f594b7e1b156144bae92cf4b625150d	108e9186e8c5677a8c5e721deab588ab485eabbfd8c6d127a862201ca7f35f5566709d7c0101207f	3037986151	1790874105	complete	969471
632	commit	46ea978181853f2739590f01cb2f8ed9a594141d812ae7e1a90bbf8a37e633d1	10a7e69d34852f5e6a87f825183b612b150bff0de56600587ff147f0200589b5	108e9186e8c5677a69b80567f83dba5ceb9a2dd47a9d6f7d94c7d43e5281cb4fbcdcc912b61a7c03	3038802975	1790877621	complete	969474
633	reveal	1cd2aec3bfdccdbd10ffa4beb9aa25591f171e65d18ed444b590f0b31b4ce92c	27bef1126d2006ad42be51f82ee613045865aff822f25a8e8e0fce353e10ae79	108e9186e8c5677a13ad54e5a6b6922ab6c8b1daae0b731138b2120c65656d1a77a47346c47aaa28	3038825341	1790877710	complete	969474
634	commit	5d48348ec0399a9f8ae830f00a110fabb250086b7dfcf23b0ef3d5369a55ac74	3cc427a6813cdae947a36bd1fbbacd9694c70f203218e12f759571c3633a781e	108e9186e8c5677a1423a4210a2d9f16dfa1dfceda5d1aabb536e74edbd0a56296d966393a09aec2	3039683604	1790881221	complete	969484
635	reveal	7ec9daf969cbe15b7e7f0200eb4fbd1d6d508e77ae5370cd4af2667827cd15a2	bd52d716d72785f6a433a0784df1ff299f1dd0108910ef0a3d687e20fa946c70	108e9186e8c5677a4855794db4a502f3e5be1db2dec9ef9fa2fa2906bdac6f2d85364e2b7c97c03c	3039703313	1790881301	complete	969484
636	commit	7209fbf43a6ffc1e13ef17121cb9987dca1a9c39d6a997b7543f05b9bcc875b2	e1b2f8bafefe3726c4d9c69da8dd70c03f672059cbdab23bbc282e01f6e0b240	108e9186e8c5677a3e432b0adc55013cd8ab6519a2d0263072fc886c006e5a5a663036ec4bc03c44	3040507595	1790884821	complete	969490
637	reveal	24460cc2fe8bd941cc6c273719845bbc457a635e7e96575edf4a0e6a2abac2bc	2a029c1419a8a5e88dcdce9a9c3240bdab4862788b14a1ebfed943d40d4268ab	108e9186e8c5677af90e60c54abde5110c15182a28077e6e696dc00cf24af65972bef277dd2537d0	3040523486	1790884901	complete	969490
638	commit	e6c31b6cc1255b796d4b4c2a5f7602d9e16fa02ec61456b641ad50a71fa71211	23cb4ffcc1140af83457b52ccbd6f038c3865d9e8c728b459ba71a4017c940d6	108e9186e8c5677a3ff1cf69aff5a217a1ae1253877c145cb3f171739a91d9b153736356773b3151	3041342462	1790888422	complete	969499
639	reveal	06f936cfb122cf5c4f4ac88f390d00de36a351d45cc99d2e2015353cca337351	8dc473bebd814381329a979fc6933b21f7355c8a2e55f53a39d5bd113c515108	108e9186e8c5677a7176aa67b5bfc716b87d9249af9ed7b2b220d109c83f225e9ff9b5b97945ee98	3041361888	1790888505	complete	969499
640	commit	1686145b3c60f6e1ff3092b76accc6f3b3f79793d8a5cd799b4ccf36328bfe39	43a347ef43870cf54d92f60f52ef022ca647eb56e191628e8b29c02c8281ca7e	108e9186e8c5677acef70100aa18ce78243b19d99c58ce04980088ecce516ca05ec2390d6f71ab66	3042194542	1790892021	complete	969499
641	reveal	4601f8ecc77a25596e40988d1dec194cac076c2d5f632379901b5609ce255e6c	cb48d4534b70ffefa1049c3d33f8c4133bba232a8d3fbabee904801e6bd77d6d	108e9186e8c5677a1b163c75be174b533e1bb33bc1b8d64eb529a1c4cf0d7498f8cc508ad80c27d1	3042220222	1790892119	complete	969499
642	commit	549ef2c5dae504aba79016818b7873d74758081811defa2c0ec6d63ddf65d1e3	db8a639515a26ca9c0208aef9e52f862c2ae161d1f620a0fee8a74bf656c9dd4	108e9186e8c5677a09b00376719af97dc0f865d2ddd68b18b9534c4a32de4d3c0b36ac757a62b2fd	3043069073	1790895621	complete	969503
643	reveal	8f855a17c202a158e003f11f1341060b999e6f155537d7a5f3d163c9d982e5fc	cd6350721a742eed29b3ae01309497cf9133990d60bd57ccb8ad3ebf55059042	108e9186e8c5677adbc7ac324edb9b75d9a127f26c83bea8fd388ee1e0b0caed2b872e8c2012a132	3043089456	1790895705	complete	969503
644	commit	61154975ae68f16382092f8521e1e680603a6a2214f51592ad98d41fa69121a3	561522a320277af8b3f3e14e6aabe863fca1808fe8d574fc9b91199f1fbd4e1d	108e9186e8c5677a5eafc8a2fe2dd2914f44ebe59dd77dcb711f45d986e6198d773e492197909359	3043887358	1790899221	complete	969508
645	reveal	23f871478d020864f05d590e38bb1e31c5683f81b5db7f9fa283ff42d75ae892	1845f40fba018b502bc1db385250457e220002e933b1edbd138c194c4726ffee	108e9186e8c5677ab73ef5f03ea9a7f6fc695ae1d64b35d26784365e0312b9278c001acea00eec4d	3043908120	1790899305	complete	969508
646	commit	c32a34c3ea98e2039c60131d8b693866959a2dd34773f4dc1eade5172964948d	f688e1c3ea1ec1e9179eeda1a84f00c0bc037eaf60441fa35b3fed331a0538ea	108e9186e8c5677abdaf8b952dd28f73c9b2ad0892d97ce205602f125eb5b7ae2e0d791e2c739dbc	3044768333	1790902821	complete	969515
647	reveal	45a91cd44589ade4378d692d08c44c80f9bc3c38d19d1992af0a64e4636a825c	74e78b9247a315d08cbcffc3beb3b645c5e9bba61188043dc60239e66e6db1a8	108e9186e8c5677a83af00f7717b172b2b13ad1e90d634beb98408e7d88d8ef9a4f8b5b1d9016258	3044789802	1790902900	complete	969515
648	commit	bdf4eeee0a9d11ff03d677cc1a0e2afacd222d4d81347bab250f9469dd778ffc	cf1641b901ca69c41f3ff159128321f4b2ab08d1657d8af82ead502a121a5e8b	108e9186e8c5677aa28b92cad18988f26c8ad1ed567c497d71b90e85e01fbd21ccea697c3d3c158c	3045762421	1790906421	complete	969522
649	failure	aef84ba4ad7d30de572804322d10a432c3cd6756ad4b9d49e8965a681dd9260c	b980a0ab0c7b029ea08f2cbe182c09ce7fc26575005bd79571988bc2f9ecbe28	108e9186e8c5677af526a12ea63913d9ce7cf5eb32305fa28ff523fd7558a88ebe5fae0b10d52342	3045784911	1790906521	complete	969522
650	commit	2498bfb53e0714f12967676245a3fd13a65a3088e4246c26e0794325a1f6f10c	7f63eb8f4306523c73e74ed9613fcb395b9f443650306f0ce564502b1eabb7c7	108e9186e8c5677acfecdea460ec854214dc2f9ada04fd7ba46446ff4171263df5f9be8b65c36917	3046620118	1790910021	complete	969530
651	failure	c82042e8304efc81bf83116e50bb889dd76105eb76119c59d9efe08451aed50a	13d11232ee99b1dabf9e7a9b248bede9d8ce00d089e7abae8ff41e5906f63381	108e9186e8c5677a95fd0fef1698342cba3aea3afb2cc1ac86d62bd10bdfdc74a41d8948cfe2e0ac	3046648986	1790910123	complete	969530
652	commit	da98c8612763ec88170372176545a083740b22b5bbd2e45675132039191139f6	3a4ab60ca15993592bcc3fd30a7ce88110756e3a4f28114af69dfdf9792e86e4	108e9186e8c5677afd4c6ce92f7c6f9e25fc0e5182bf6d311d17978de18e7b420d3bbd088f1aae80	3047456200	1790913621	complete	969531
653	reveal	8a6459c9b39aa89ddbd0f603e101d0a9d7f6848b873b715ba642000e5a468139	e8114030d4754fc6fc9fb31016ca9ebf9eaf2124d29bc74aaf144b68798aa1c8	108e9186e8c5677a3221fd796bf1e4594a1fd02df90ccf01ea9ccf9ffba6cc7ac0e14958bcb0d73d	3047466965	1790913700	complete	969531
654	commit	d871d3ba5c942b6a7a3a0b98283da1aabcca41cd86404872db2f158b936947eb	aa5ca498f01ebf025348bcb14f94670f9bd98428f82c181ed5addada520d206c	108e9186e8c5677ad77f3942575dc35a5baa2d355cfdfdb80105b6d80b0dd9d37fc073b128bfee04	3048235047	1790917221	complete	969537
655	reveal	c2f7af8abfb5d0f3b420ac012421ddaa1271d0eaa63335f41d4b2a1c20cfe7e9	796ab9befce3e8b8c3298f9117d0d77f05571fdd24f72a92681d762ba9485511	108e9186e8c5677ad9cccf3311fd06106f5c97de2894351110a7a0a901da68658ab767eb2d07e134	3048254102	1790917299	complete	969537
656	commit	33be59bd7d2a8875dd5de1bc3e09e3f16631dbd978a391c318916bcdfe3163dc	b3cb57d45307dddbc43ec2c795f2e8f03cd6864b44c697ab63f2afa2749e1476	108e9186e8c5677acf3c086dbdab05b6072d120d346e26fed91a31ee49a0586badd095c2cc111c2a	3049098359	1790920821	complete	969544
657	reveal	756bdaf6b6b13153b76e2dc9fcd9470eb189bb97ec4b37cc88c152567d9f2d07	41c797f45eca6f86eb52f41568d43bc99387da0e2921d15eea8184689571b147	108e9186e8c5677a31d1a352a8769f97ea2ed2f7aadfafec2cd835ab9a22091ec09347ff65f908ff	3049120217	1790920901	complete	969549
658	commit	722d244cfe3732cd1292a996da0193c37f47485d2ada1aeceb44b9c8580fce67	be566d0c5f2491b4dcfd0869adee5c7ca13e14a5dbcf0e42a56f79e7a12581e7	108e9186e8c5677a1041bb9d9d9f035994a001425bf8113073bbe4be059abd0ff98c58ad64c613fb	3050067217	1790924421	complete	969554
659	reveal	cc4f72e5dbc91ef6dcbf15c8f0b861c7e11d1a9dc3ac8a4d24e0c5593dfbc08d	c88fd17b86ed6abf36e526341fb1334952dc87c7ac1afc916972b9688ec37177	108e9186e8c5677ac05c31c24cd54251ecb269d528adfa5f03dae54eb6c2dd06116bcb5dc9644522	3050090394	1790924502	complete	969554
660	commit	f2e889f41af6df1fd0e793952bb10e8402807fe100f83d4c6a023ee15580eb2a	d40cdc0407436860c4ad4dbb9fa6ad95a9955caebcb80b39a1fd240ea1184b08	108e9186e8c5677a6101a1aaeb1e62875298a8623c7eef121509581c447f57b3dcd7a4bd12f1e150	3051037049	1790928021	complete	969564
661	reveal	475448be29f147e4edd065614c3cc8f9c4c20bae3aeae15afe13d1b08ef3d3d8	4213a071571772c76435c06c5008e09462c10eef9927c1b6d2291af4b17faab2	108e9186e8c5677a721f1311796f74f2303cd903b8411dea186a5c1634325124bd38705bf2f15d1c	3051055618	1790928097	complete	969564
662	commit	96e054c51a1da641585dbfc15d443113e1abc963ffe52509e2f382a6253218f8	56e3e94db2af21673bc7e51860c8983809872648b4431737e0667f3a234de046	108e9186e8c5677a48bee634c5ae2ccce280d52ce9d3c0a6ae20f8842a5153dae0d470f1d27631ff	3051957107	1790931621	complete	969564
663	reveal	ca6ff6fa2aa02dc2614e00b5670dcbcb6f80f9f6b9b0cae6b3af74d92ef388f3	9103c0bf9299a50665823b4d3513545d2c648d2129d2afaa5662cd82d62882d7	108e9186e8c5677aa00fbf962cad0f2a96e944b51cd13876eaebacfbbddf066c638add53b598289c	3051979676	1790931699	complete	969564
664	commit	117426306dd7cade14a1fdce2e20157358c5e801036b813ca31b2b13341da335	264e066162c8c2f5b168da0e587bd151916ca400f8dd8f1b07e9c291deea0a66	108e9186e8c5677a51eaf70fd74c59cb27d82adb43ff0167e6ef755fec7def497b3a9bcf90c6890f	3052848900	1790935221	complete	969574
665	reveal	022668e83e2c4164c90c3a5e2f354836b64c10e6541fa51fe9f5de5a66afb09c	abee3ccd834deefbd5350b89f79180a564d2a8a09fb955feabaa7050fcd95f27	108e9186e8c5677a8c3b18d2afcd5cfef8f7fa700ea0e3dc151baa1a3ff1dc46c8909acc4efaacdd	3052865167	1790935299	complete	969574
666	commit	0ccdbd579cc25f3f6facc8c85d4a45f3a4adc12b7e1b32ac7cc446544c20e534	dbfb9a460a4d045d73dc408411ee313fa62bb3ad796cddf49054a7859442d0d7	108e9186e8c5677a9ab95d994af7227b4edc2827bc10a103fe02f37ad3ab9e048b9dc2a07ccbdad3	3053757128	1790938822	complete	969581
667	reveal	bac209dd035da5795e48251a7c03ee14b6f6769f51b959d6f28298e3db62c6c1	ba516ac711e725ede510626adf113ea905a0455c526870dbef6d3856a95b8b67	108e9186e8c5677a91359cb2c13b0b55ebc5549ea9145c07a152e716868f0960207da23a8af806c6	3053777567	1790938902	complete	969581
668	commit	fabb85697110022b8dc2a7a7187e67437cacf900e54dbbf3e53e7533c5f98430	7df92e7039b931bac0b396584d4e4be72de3e3676867876ab05e85560e0aa048	108e9186e8c5677afacd8b19d1b45bc2533ab311520fb60cbed6d685588764e6296608e01da33b12	3054701288	1790942421	complete	969586
669	reveal	33120a0c22d80feb3a08cc5fa67f0df01c5a53839b7e0164bd8feec699f001d8	da11290c95b1511878867bb3b33e7be4ae045992fa68bffc82fa0e1a8f52d520	108e9186e8c5677ad24e0d6c110b75589303aa4d5699ddc4f3e32b92c0a6fb3b4bc30c110b29a12c	3054724537	1790942504	complete	969586
670	commit	2ec3cfbc43b32a390c38054d2e2f4ecaaf1a4ac6027d35ea55fef86ec099bcd1	2053992e3f87a8868c9a6136b89a4b852c6f41453231a7496c615766b9dc9fe0	108e9186e8c5677ac5fbdcdf5acabede30c2755ef52048697ed8c7f22905cf99ba7b2f2c460d8d39	3055613143	1790946035	complete	969595
671	reveal	71f8d46f8fd797a985a4913891e1ad427ef54c05ef73a3d2982d4b051b738189	ebc2df1d1db0d8e7f87fdf77ffd5419e16f516b9e537a1173eb5883e8eaf508a	108e9186e8c5677a12ecae760fa9b4c6f470b5e9d7420ceb42fbe5908dad86d63d7aae56e8541cc4	3055628863	1790946097	complete	969595
672	commit	8fd11a5587c30fab009c16088412e190d316c379a18e3e0e0148946931adb9ce	5caa4be118c0e7b9d65784ef62edad46a88ebee052c3e1bf4e780d9c3a6b450d	108e9186e8c5677a0cf090bf668948b752139060c45aaef1e1df837924b792fc1ab7427429af4d36	3056515077	1790949621	complete	969602
673	reveal	08119e3e275cc0ca7a2110e2b8dd1fa2d8ff5de14a0be4ead7fc92566e482562	65df037df72c0b9968a21565f83b52eb729432b54e2039c38ea66cf1528a87c5	108e9186e8c5677acd078d423b10212952e8a960493fd6cc24019db169f8e7399080943a22cfa47d	3056534298	1790949699	complete	969602
674	commit	de69a99d2f8d0507709155f21978e88be48284098c80b91a433a59849df4c827	a7a636baeb3c581358f7dc61aac0f3638d54b73fe25ac1b52871d028b2c91f54	108e9186e8c5677a039274835436dab68db44daa041d4c01715963927c7a94e1bbff977c7afc8e74	3057321517	1790953222	complete	969609
675	reveal	f42cff3fa0720637cb1bc15178f81ff74f9294972fb369865846ac0c7b9e0587	2477e340c22ccd76632cf18ce744e72f8daf7d83f71212cadb9ed6b0fd54d69d	108e9186e8c5677a0879bfb2479c27e236dcf88b5dbfdc5e8e479a79d8186e10e91311af608f2fce	3057340077	1790953301	complete	969609
676	commit	90be0c11cd49e959a868b017394b2c62defd622abbdf153b129df23ab93e0c68	ca4bc6c61de2850142b496324e95e6b36509514708390920341ad080ffee54b4	108e9186e8c5677a663c4f395ef4bed924316c4ed05bad0d985225f2fa9a6d05488d33783864478f	3058204718	1790956821	complete	969621
677	reveal	cb6f2d26f7fa82a2938dada78807342c9a8638d6d5b589e400eca854d8aa925c	2e88b772452fd275394872f252e0adac46baa26c8dd13c698d1581b4152fe12c	108e9186e8c5677ac78c2bc1691dab50b71f2f7ba9978b99ae564b4b03a911f875cdcf7b3242be78	3058228489	1790956900	complete	969621
678	commit	4f74d3d3c92f00f90d822bb9c6cebbc7e6391139156806c216145a30ac098949	af4a3a1e4ed16f1fef75f63445010b03e5606dd6511c97b455896ef53dc659bf	108e9186e8c5677a76380fcbef10dbc544453c910c44109a3d723d7fe3c6df1b405b496825f90470	3059073073	1790960421	complete	969621
679	reveal	f24ca387928a5c7ee2ad1d958d12ea18745c399202982661f447d352fe3fb78b	744c826cce86d8809a4c2e5ac2d4231a9e542e337b913172aa979c9da3f7aca6	108e9186e8c5677abfdc6f4249f4dc5cc40ab2a42998c74049a1530be138885cf95d7ced4b857410	3059082846	1790960507	complete	969621
680	commit	6a571f1a501aefac0bc28b6da1ac99f74bc01ec235d714e004e5a2ec935f8e57	8d2593d66d173d1ed5c29dcc7232429d273d52059f64f251dd654d9fc5fc2b42	108e9186e8c5677a9c2e83dee3b76dc7f058701ee62a3ed7490157e969f3a7a135456c2747fbb524	3059573387	1790964022	complete	969621
681	reveal	d451990e3e2e18fe579db0ce28b8dfd51e569d25fc09b3581ee663b3debefe2c	88d35746cfee74b8767d402911da43bf050aebc899f93838e82e8453c85791a0	108e9186e8c5677a0bfa3c68e5ed012953b7eb8b08d516674000de08a77505cd36a53610853e9065	3059579150	1790964104	complete	969621
682	commit	900ba71f1b90e487ad4a7d152ee18c30411a49f7c90f466d6e280962ea337d1b	486f8f6f61a164efb7145c40480e7283dd11e04b1c7a185d38d129eafb07060c	108e9186e8c5677a431cadbd07f90d2a21a090a1a6f614051e836e09b7d73df905a451b7d570f923	3060343492	1790967622	complete	969627
683	reveal	23a6a515fc6b0c0fd8adab3a5d8099cb052e2777f7d2a41b1351dcefff2b2769	e1f7e88e0651c10795dbe42c75d0dec0ee0e6b8329183426912309d3c10d1030	108e9186e8c5677a25d842dd8a36fb6af4e14c7a06a88e642204fc4a083ba7c6efec873c85a0361a	3060365176	1790967702	complete	969627
684	commit	f8116d1a020ab0402c48d7bc20f21285ebad14a7e15ee16d8a7e871d88cfa9e0	84a51609783429928790b66ba172da0756fc9d732932c52d772675ca27280a6d	108e9186e8c5677ad08612347ee87e0e0ca3f6260934c2c2c6849b5ffafb32e28611a23960da2d42	3061180171	1790971244	complete	969632
685	reveal	83a02de26fe8b4683bb484cc566bb7a02b99b182e32678037414cce91320e815	9c5338abcf07523a3696c3b5bbe3f020781dbacf76c561fcd73dbaaeb8aedc13	108e9186e8c5677acd8b6699320c8f3c185a1afba73b134f1778dd0ac9f1019a76cfb8f021aff535	3061196191	1790971299	complete	969632
686	commit	bd625ff4ce28052bb3ec5597c3938b192827024f1ee7297abd76a7338e95f62b	3d36fa4e651d652f9f34972a09a12e6388b9abdb20a41a214bb2bc889ead5019	108e9186e8c5677a07ec869fe675b386fb572d6a6500b4ef672264b4d69d2434c94a46273d938c66	3062006669	1790974821	complete	969637
687	reveal	8c3866d144bf1b4440bbccf96cb13f94ba6cdf3ea91c99db1d008013108bee57	9f5eb9b96d8081bd8f9c876e6e29f4b8157a7183dfb7e13a9a322efb79539eab	108e9186e8c5677af0b58bc5ec748696b77861d2500f4bb560f6577c7ad1d8eb6e28122202a3e7d8	3062029112	1790974905	complete	969637
688	commit	15c6e28a3ea567e380db419bf099aa13d60df9b28115f880155beef72ed086ee	4eb1cbecb0240f30a75c5b372d5e1315e2866abbe71a5a8acc23e774fda6958d	108e9186e8c5677adc635867787f1e4955721e64ee2e872d160cabe744d485311831c46d23f9fbbd	3062751112	1790978422	complete	969641
689	failure	fc26ffc7f6f9fb189cbcf89ac04ab35f6662e8381726514230149173a5b1d782	2a22d6c54308c34018949604e1f18f8ab5110395ffd98ad11ac46458c18edfcd	108e9186e8c5677a5837123a4427dbcd059482d4131e6aae3f3cce87e42248c8810cb7d0bf935df2	3062762320	1790978521	complete	969641
690	commit	e038cc399f46f839811aa3f4693a8c6e4cf21552d5e7198b3e82145d051872fb	629531b6c14b7351818d70cb387178efc66c04c573875bbb977e3e5e35e35868	108e9186e8c5677a731a31e276a8ac8669f18abfeb736b5a95479cce8f6390f8fbfda5474dc38e60	3063671054	1790982023	complete	969644
691	reveal	cc55601f87f4147f21a1e5aca7ae5b4843a236c440cd4efa84ee97b8b77a6a17	432cf63ecb2e7c04df8f72068085accf42fcba721d68336985b2b36414c054ab	108e9186e8c5677a920883c44394b882846fd1260fc82604872d945d3542ed4446be290cf296d8cc	3063697959	1790982112	complete	969644
692	commit	ed280191a35aa13d09b4cdbf722cedfdf11b890c121da20493053a77f78480fb	edcf29a18c34f11d7fced64e89f580253314fad69396ef95c859c90ecf5cef3f	108e9186e8c5677ad0c1d8ed03852c9bd83a78cde936f627318b7a8c9ea192910e7cff0e8c06d919	3064617959	1790985621	complete	969648
693	failure	2e6716eee4eec69b9d78ae9c41e32e3e9632761e9bdd29f201f713410fe76ec0	1ce9c96f6eb7ec0103338a51c5b539dde45f143cb0b2b7662f596c56f7aee58c	108e9186e8c5677a5c5952c8108105123a0c17d42e813063fa832db36b9a907391e1d64dba91e0fa	3064639573	1790985723	complete	969648
694	commit	6780f85693f8999914096e528ed899f4f98c3d7f45a97cae9b62db616f633f11	ac0c8f4d15dc7593e7dd0ccab220d45fc9ca873d91e4f1c27ba61db6578ec3e7	108e9186e8c5677a563d03154075bf0e61017dbc67942f6de63254d74db5d9b2670f5cbae1b15191	3065497615	1790989224	complete	969655
695	failure	31befe4416343c6a078f20ed8b8111316a2365f26c70face7ce313ed452ea740	d023994fe159e2ab430f02c69e5864836250236518e3e4f85c323effe3e44cf1	108e9186e8c5677a5060d47d0f264dcb15808ab0a2e2f80f5c6722a4f4c9fef2703d0c979cf8ad58	3065532475	1790989358	complete	969655
696	commit	fcdabeef4d90bc4659f53efd738b4f1bb182521b605ab21f5a6cb86b317b43de	44671324b7f6c848e7a5d6ac47bbf6c58182765c0d16ac2d105ad557c51e5458	108e9186e8c5677a4b38ec35a60229a03615c36f73e20a36800ba18fddc85b83a46ea324c6093a9c	3066286624	1790992822	complete	969656
697	failure	fd0e105253ae922ad4578348db6187ea4176f884fb091d113f0a80ca4a6fb856	f8a67164bddaf4c4491e3d5ef065bebd35084f8de9136815434964f87131f345	108e9186e8c5677ae30d8e43677533ca158a72c507df95ae26b8fc69d35eb2f8cfa60c5a42e50ba7	3066315740	1790992923	complete	969656
698	commit	6e06c9d0297f1ec7e6b28a69014b5401ea9a5b2a04b0f15944dbcc5a9b4af048	63804132dea75bfcf9f2df80f64438dd1062bfb875b91f0f19ef52e1e09ecb56	108e9186e8c5677a9b47b5e306f00f69e27895f93c36bb00e93345c816868a00d931bbd49466bf69	3067283708	1790996421	complete	969665
699	failure	5ef7c5658f711dca0ff6a399ca93614b606a8f7346fd152ab0af85b4018f2665	cace059ef50e2d9b112ed2c6dc7e80168aa5edacccf2249a22a6ac59f281e88d	108e9186e8c5677ac26df628680bf0c58fd97886ed97784dba22e1deb9979350379ee8600d8e360d	3067312336	1790996520	complete	969665
700	commit	2de869c40ddd7ac23b9eb4682eee8449dfa5ee357787f35ea36137ba8acde3cf	125f4e9a0ba5ef308e81e00229e6e9a35e51c6787f8b1445011f1e06295ad7a5	108e9186e8c5677aff4c02d55499ae849befa79f78ea7272ee5e3e8df26f02d12a04d19a927b09c2	3068204416	1791000021	complete	969670
701	reveal	163ab7d1664da3a0103aac05cd5e29d8d1c15e1697c158a8998cbe18bb7ca2e0	73a85364c2759e26417abb66f09a2253984f36f533d2d1a8ddcf578101f0ccc1	108e9186e8c5677aa04791d6348f52562c071d1ce6fce5db8710657139b1d449832a58113db5a941	3068222750	1791000099	complete	969670
702	commit	286108473078419ec012b8bd06d2abb87458b8597cdaca7a02e7f8f189351138	310e278f664058e631fa77de3619186d2033fe39014a6b37787ab6d6b3173b58	108e9186e8c5677a931256df4e002d77ce219ecdd119ee72329b9e6623e25052d6cd5947a85fd1e8	3069105537	1791003621	complete	969681
703	reveal	8751095cbc7e1e382a5a1936ed02f509f32b18fffe4e51e50c99e98dbc65b655	c71ead89c9d054553ef7210de1ed4c7afc9238f6fe73c0df0aaf27431d47ddf0	108e9186e8c5677af376ccb21206ff20c807133f16ed16ea27d6c412ddfad9261f24a5124b25608d	3069126305	1791003701	complete	969681
704	commit	c3cbc361f997ac219b956bfe2e33b73a607d708175716092b017fe989fed6dd8	f1a713666f61af5de2aa6f5e7c03cede3283498e1d2052c8fe282da4bd06e13e	108e9186e8c5677acbc02173fad9ad20bb9c1dfcd1e6605d193954936a1695b94f9eff2fdab1c547	3070031048	1791007221	complete	969687
705	failure	b4667d9fdbd9ea4823394e7cc5f515cfac7be261a1d87c8912678b4eee340351	cb71a85f11389312ee452f65796fe7adf11c91755190eadf04d2ca840e2d6cdd	108e9186e8c5677a23b39eef078860e1c779f83690bfc15a72949245d5a51626fd80eed39c2774e2	3070054621	1791007320	complete	969687
706	commit	3aaa9f968076f6fd3c49564ec23d1a3fd9187c4584bb7966d6729e81e7e5a4e4	f73a7a2c92dd0b82bbd6fab5c219b9284e4215a4e857f4a083ae26e68ba35c37	108e9186e8c5677ab83aed880b7c04b3dc6b74240d6bd99e67f8349817be257d0a2b03f0a8a5b144	3070874514	1791010840	complete	969693
707	reveal	a45e6f54941ede834edb869550eebb384463eb0558eece2d02f11cb07968dd6e	b240f0bb5fa139970fbcfb20f9ae1b22a9053956f0cffe88a1940056e6a88b16	108e9186e8c5677a67f17aa58028a4e7b51a45ca815c13d08af914685ff3e5542d155fbee7a637c3	3070890964	1791010900	complete	969693
708	commit	58b508a69298f52032f552e602c49e2ce234de28b1588630089495cafd3fffc5	db72cbc7224652e267f391612e29740c069dc6bb59d82baa8064fd3b74c4e3de	108e9186e8c5677ab523d3ef927e7491545965ec713bb8cd2faf18afca05803ff09dded85d55a68d	3071741516	1791014421	complete	969704
709	reveal	e6084261b66eff10dd7a8383af9ca7930e298019b1a75bfb4613ff40d585f957	2099c677684de0badfb4d349aaef78d0336ef00ef771117666999d682504ecef	108e9186e8c5677a5a9afc80cbeb1f6d483fccf2d9e6df958a3fdee9ede5d742490b6efc53db15fc	3071756311	1791014500	complete	969704
710	commit	c12c4e8e47f462fef5a0fb425d772003199880621586ea8ca7c6f69c7d638a0c	794e13b6ac885ced60854a055e50faa2306e70e00c8f5965c23cd70126436780	108e9186e8c5677af2121a347d5733338088a8a1d3e0fa21562809836211d7795aa51235a952f6bc	3072507969	1791018021	complete	969707
711	reveal	ad152bfdad80a20318fbac4d3f5adbb2f8bed34f669ef45bb9e8350646a12efb	e541128273f7d656cc2348bab5315bbe322abc1d5bd5e1c32d5d2c010d16258d	108e9186e8c5677a8790285ed5d4e423b9c682cb126a99a489b5e32abe844dd74e06ba2972a6d4e4	3072526653	1791018100	complete	969707
712	commit	520eebe05cf4e3241e2b027f470f582983b800e289ba3009698f52e1ef1783f5	416afbf93b87dd20091095db1235aa1942df0c2be2653a47a641efc6414dd30e	108e9186e8c5677a0043111e3876fe6bffe06fb746305179326330975f1c71c5e3d61daa6d7ae1b5	3073260193	1791021622	complete	969719
713	reveal	bcfc06d44d9e3d5c03beacb7f2eaff1fde3d5e896cf6e34bb03a94e94154d957	31eacd54d1411b07a438add776d62dfe46dbaeb3425c8181353738ce19074577	108e9186e8c5677a090de5935c2a95497069df3e6766191c34c54bcaa27007181044a84a2f94afb0	3073282026	1791021699	complete	969719
714	commit	e63583b2868338142a0f6bfed5f7bc46dbdcd7d583ee774eb29c26b5eacfa99c	f98e99c4610ede484c04a816eb32b48b4ffbe5bfe92cec81f107cc05448796f0	108e9186e8c5677a56edeafcae7d8c4f1f7a43ffe19bec474e0aa963ac489c0b20fedf2b0be14593	3073734455	1791025221	complete	969723
715	reveal	6e345751ad45066c35c176bed456652d504f105366d6a63c421e658b43fb1221	be8b5df582e7b4d3bf5ff421ee0bd41a9a11331b4fca60f0f3fc0126c55df862	108e9186e8c5677a07a50acba8825148015e1d3b4ce52dd47865597546f07f35fa9d0901bde310b8	3073753362	1791025301	complete	969724
716	commit	4dc8b8ecacc3fe10180403762885f6ae5f969eb796b18385866d2ec2e34dda49	ea51ab721f8aab3976d1ef4d65bea8c74dd7374e70034b5566df6badaa45c5f2	108e9186e8c5677ae702d99d7e1fdba69d6477343f272d532c23f88d7adb30f4efb1dff455db27b7	3074644915	1791028821	complete	969734
717	reveal	09bcaef2b90bb83be81ca624d0b3535d8b4db50db96d034bd698eb26146577bd	df6baea7ecbbee2d83716a3fcd5cfd583d81ff9e38f457071732860cc64bdfd1	108e9186e8c5677a352da42d959419fb1615958cf2ac1359990c31e1dc27a0b216b324dd2ef32478	3074666614	1791028905	complete	969734
718	commit	d9729c03bc80ce99ec3b037087f74b90d46850df284ad67a01f05a855b35b0ad	c55db5657c73086f5cc7c7f7605b2ac387d0b956186f968f8e93b6024439f9dd	108e9186e8c5677a1c109fcebbcefe1b1079719210da652d522bf0670f8d7b01543b9d2b3839ecf6	3074845296	1791032421	complete	969734
719	reveal	9da74b2fbd88093879191b85755488fea3f2ff37b0c6683bfd9e8d65b2251796	26c8ca80218f4565472c5f17476c9cc389864427d50d7b995a199c6d1e8ae77d	108e9186e8c5677afc8a7b07b553f158800108a195062143f1986c140a4e958aa9ae1d75fe00c974	3074846895	1791032503	complete	969734
720	commit	22b10a9efea311f1785227168575077bf2c1ba0191b0e9c79c2ab70724da929e	b10bc63e7917289f295bef2df28b27a0d6c8f7cabd35eaaa74bffc52c3e10064	108e9186e8c5677ad48144f9e6f07dc9a9a847612b08f6b650cc87ddddb6277909e396049259542c	3074940382	1791036021	complete	969745
721	reveal	e89cc7a9c872ad50655c6ce4b171724c01fbae9efbf93535dcd76ce527ed8f69	6a7463d7b62d99e690910933ee1e5ffddd1eab75c73f721265a57e7585bdd16b	108e9186e8c5677a5abc08b5de96e1817e3cbf5dc82fe267f74694b576d8c8a6d0008169c181c4a7	3074942220	1791036103	complete	969745
722	commit	68af0310290186ed129f8b7b10786d35b332787a84800ddae2a169e204734358	bf9bdb80fcea283f2af2c74f923718244a80bbb27f5f54c0c077bbe61e2b9820	108e9186e8c5677af3beeaff7eae5f69d89d5cf36f98241949e5e3f80ebefe605cd063e0f749a133	3075025864	1791039621	complete	969745
723	reveal	0ea589bd8567d6b0f9967972ba24714d0d4df9142886cdc9273ba88bd77495a3	cbc3f43c850df374ad08ebd68951b566b3f305c526afadb9a585a98ee73245e3	108e9186e8c5677af6627265b1bccbe0790044798c1cabcdd258119950879d75e27aa595b8046dae	3075032216	1791039712	complete	969745
724	commit	5a4593d38c16189e4fbd99777f57eb2f5c37456a18c46b82ee2df988c29c836b	63ed24c748eabe89e4d3671ded9340c2c49938521dd3c8befea09ee8df9ac1d0	108e9186e8c5677a608a98f9cc50d2f1feaa9cc22b63fa695cf84a465c6b2ad7decb9d4a558aa300	3075089095	1791043222	complete	969745
725	reveal	f7ddf0ccce2bf1367f3797afb710695a43f95394d07cffbcb59097bef3af4681	a8248e838c0d1c993edcb8804713dfa324fda5fa90c8ebaec1b861355f16cd99	108e9186e8c5677af19a1c361bf393e94bde6d8c7079958491c0138d53778bd7005bb900fcfc49fc	3075089811	1791043303	complete	969745
726	commit	ca56a15006e765aa3dbfe998741d003e72444283bacb65bce06e31524df32b46	74aeec6201b11cfdc4d928ab6aa2b1e3c756e64751fbf86cb985c09ebf7f091b	108e9186e8c5677a1c05eb297f34e759df2ace4c37b3ae3917f365ea5157550533010eb01a83103c	3075156750	1791046822	complete	969756
727	reveal	00ad42f7757add05cb26a76f4903e372d2f4bf65577a424046a6a132698dacd9	636a33cc31bdb865cc5cdcbf568dcafac6ff3ac4cd8896913981b1b847777d50	108e9186e8c5677a6332d32602a0c18d19c0452822cbbefe54d325930d17720ed56e6ec7099b11ad	3075178685	1791046904	complete	969756
728	commit	25dedc630857fea578db41a22f0fb4ae832f7cbeed67695487c598d7748dbd22	0e081a9296469a1fc2c2f4d726e3cf61a0e8631fedd6e2f8c84959d0173d315a	108e9186e8c5677a3ac972155693985a15725f76d68782d06a635bc29fc749cd8f6f07811bdf31a7	3075445258	1791050421	complete	969756
729	failure	1e443b9329de179036355d0ce3e33665947e2b1d141cf6d8683e9c1c3908858a	ee5481e9fb5d2d7403bc8dc756d047ddbce7618588b9614c83e023942b1333e5	108e9186e8c5677a7e65a1988217dec37f27e45c78006192abc2cbd6909fcd66640ecfe849cb9980	3075446284	1791050523	complete	969756
730	commit	ee3a820236ce4d5572ba494de2b42da4bec93ffdc8f94ec7e99bed0b826e7735	b2bc1a21773eeca1b0df8b9e53a35d02b714bd5581131d5b238a346471940d7a	108e9186e8c5677ae47c8722985dda5384a54398a7efa93f50e964767508b9a306cecaf46f8abcb2	3075514963	1791054021	complete	969756
731	reveal	38adb441d4c7f220131f4b2c233a0ecd8c303f9ba6430e038742ef0f4c985a59	d17194cf30afe10ecd4b4de58ab76d4283a25405a77af4d45a29e3069d1d7ae8	108e9186e8c5677a5e20365ed863bd93ebf98fa3209ca52e347892b405926efb104288a16977a9a3	3075518033	1791054103	complete	969756
732	commit	6d492e645730a04952c5097270f12caad261e3791becc6a07b5d674c66c8727c	85c821a309a48eacdb81218b741788831d5261b66d8240d496144c282184ffd5	108e9186e8c5677a71c1d55686bfa695d4ccd7f0ea654f622c73f1dae9da915183645f2f78836256	3075578313	1791057621	complete	969762
733	reveal	1d0bb8877ff1650765b4eba8ea3a2ffee36dadaec14c0e362c67ef8624a53061	e60a7fffb5c00fb54c11a26fb9b082c0821ede3063fa89ee6c613e100578ac66	108e9186e8c5677add1b510d935cfd9fe530c31cc5aae70f6cfdceddf84894fd08628fe6d9241df8	3075580319	1791057707	complete	969761
734	commit	607fe234d662ec2b6ad7cfdb12a80ab07fe54c57c3b55d8b06c55b65986e6004	a5148b9a425b474dca50c61e7b9806fb237b2b105c50945112c8f8edb0fa3be6	108e9186e8c5677a8386cf5d29c55d726e77f04e2e90303200da5156fd3ce66924afa136c90901f4	3075632163	1791061221	complete	969763
735	reveal	617b7213591d32455569cfd484a9490773f3f83bc75705f6f4eba78571ec2ca2	d53a9587a2d635d31a969f1f64e037888d8b03fc6581fd635535abc07bb02717	108e9186e8c5677a15bd5fdbe3625a64cf76c650a3ed7ed4c791d4460db84a73dd0c3f1ba8ce2cc0	3075633223	1791061302	complete	969763
736	commit	022b214284a088929477e462c9e743f5133e75f719f921e03d26a3502b790655	322d820f0efd2e039f36021386a129c2012b808ac3e8098589e57a500dacca9c	108e9186e8c5677a789b363b43de4dddcff7e0117a71c7126fd5bb5c7a7dcd27366d56999314d85a	3075689590	1791064822	complete	969771
737	reveal	27bb6f7e3f8f520485ad6ce8ba557aca908397a722b29130154f7658b31c493c	fd6cfd1f06d340304ad4efd51ed87c8be927ba8c679ab45888dd7da79a91ec7b	108e9186e8c5677a0d1338c74d8064eaa2ad21dcd7fa4c643ea7d998d86deb3222fca0e4b9d289f9	3075690278	1791064900	complete	969771
738	commit	05749cb99160d6fe3d0df52516758cda6038daf9ef01c4187a85a0126f3b00f6	1b6ced03c61a01ba180f26f41d6f75494a15735baf565dec76146258956e4826	108e9186e8c5677a2a61bdf079f7fd187724b88ec309e2165a23a2a82fe4bf657e9a6d61ec692131	3075746976	1791068421	complete	969774
739	reveal	581a2de589038634e5cfd49ca52667e8244ae7f8ef6c8982d08eec05efa2a6a0	1824b2aa1580d2154383aec30bbd1fac38965a67691722308e89249e70d9a49b	108e9186e8c5677a3dfe9a5fb99ef032571e21ec8679941cd040b65f055a37bba3ec28d5526ee84d	3075747823	1791068502	complete	969774
740	commit	5d1d7b163b4ab65e66e8711775c7cdaa834fc781445ea82eabfa91caf7cdda83	ee38fcacc3718ca1d2fd50d5d57d111fce37f77cab423aa215c44025e06a052b	108e9186e8c5677a2d4fcdef1804fbfa83ae3413d473042a809ebdf7017fcad1b7e9e0bf934da6f9	3075816223	1791072022	complete	969782
741	reveal	c8f395b3544079aaa797dc9f0d52993b01f63f28e65121a312106d0d9afae9c3	4442eee7c18d5b0e02b06f0164a20ad2e2bd98109f3815f74e3e9f6079346854	108e9186e8c5677a72f96856e3d626aaeffe5a8ecf6b718c5fa98eb520d30999f3a19591b8816484	3075818229	1791072097	complete	969782
742	commit	6ff541133dac6be89dfd8c4395a13adae3e72791a2c3d390ce3f66e9db3233f7	57a39ff519b595e4054e052d72de3ae604a8e8d229b51204e4df72bc8d523af4	108e9186e8c5677a659bc6e882bc0228cddece8f438310e7af0001ecc145b94bd802270ac72ea9b5	3076085480	1791075622	complete	969787
743	reveal	03d02ddb3f67d3cc50fcef571cefc155a676ee34ec56aeecc6efd05e47899044	113539bd64f74f2c829cd24f0d9666a8f1f7b0dad141ce9011a2eaba7a10a6d3	108e9186e8c5677a0c349a492f25310237571e6d92a95391f9827b674c14317d251d206503d44807	3076086603	1791075702	complete	969787
744	commit	9db4706485c518fcc20b5aad3684298e5b5746a0ef4edb2cbce88849ebf3a677	b046bb171d0d3662fc60d78dcde0373667f62918e333d35a3a57d37768eb0776	108e9186e8c5677a5147864003b7d9b0f30f7067ff3a457cac05f20ccb333818d2672201fbc9a432	3076156679	1791079221	complete	969787
745	reveal	549c33b4c70a450213b40154f828bf882b4c05810583596b8532b216303771b4	a2e7099e67327bafb62962a68430a24eb2dfdba4714b56ac58493d27abe6b352	108e9186e8c5677ad2bec423dc908543fc5bea498f69b77eac6221f7cc3bf30bf696c3e3d88e0290	3076157623	1791079308	complete	969787
746	commit	3f4f987bd235425f98cc01c27b5886b075544892666ee39dc30b92371041dd74	ec03a2ffe61e2b80a93ce40762a727a973ab790999f2d5c3633abd596f604890	108e9186e8c5677a3a6f9f39259c83455e08a00aa14c8eb63cb86fc1a03d03754b720a8b3aa1583a	3076285113	1791082821	complete	969792
747	reveal	868246fe536ced434dd4f31c4ba9ba20836d00a90b0d6efb6cfd0cc2e7a10f0b	51509bf34fb1363f75183b72076b775752594e506989137111c5acd8a89cf977	108e9186e8c5677a486529f6b879aa73f4dcb80652bdce2534657d2864f00683a191a8998aa0f8b1	3076289386	1791082902	complete	969792
748	commit	7f5bc77fcaab401ec0f01fe71dc39edc33a5a29a8a3fbc3c95001a2c485b5570	1e652f36017f75ca4a0fb3d99946783b08b2ac30563fe74ae7f4c8de2d4d3fa1	108e9186e8c5677a33fc087523c1de64421d9a31e9979d25d3a73a3b2b4ea0047f367bf4d20e7c32	3076336265	1791086421	complete	969796
749	reveal	35dbbf0c7d3697ebe7cd28d5d558a67e79bda198251c07d3406bf42194c705af	44fc4a546e265b17196ff6c418f12c0ea5bd759fad65915f0f3732b152dca54e	108e9186e8c5677a66340d885fca107b92215eaefeb7d450f41b7f126af1f22039fd2a8169ef4724	3076337135	1791086499	complete	969796
750	commit	862c67bab3a575885560069eaa82409521fb40fc1d354f3fd1dde2a7584faafc	19069f1cb9c9cbbfd5c75a2c6f6bbee7dbf627205d41bb582c25ba95a4794f7f	108e9186e8c5677ab6fad95639d17d8df64cb5edd86401d5732ef36a1b4f0aa1ffca362923c5fd89	3076390688	1791090021	complete	969801
751	reveal	2ac918adf89530714bc0b1cc925199b4c6b1070581959cde1b059c17eff09359	ff8d3bcb53c349783997abb28ef56f33680ab058a86208ea85fa18297d380687	108e9186e8c5677ac1433d47b6a4d876bd87b34cfb59662733bac492e2c1c63f2f8dcff025d18b49	3076392182	1791090100	complete	969803
752	commit	fcf5757fc73dcf31c0256b80174d4618c9d67a954eaa3fe0ea78ba4d382f7e0d	59b1bf4618a32201bf80f5bf3e65a13406d1d655bccf688863cc34f9333c74f6	108e9186e8c5677a3445ab825fe6bf168da3898ef7abed85fcb5d9d62c7413032ca006e14c4b32c6	3076452121	1791093622	complete	969806
753	reveal	d7a97ee81d37c35c53ccafe350860d885897f6c5a49f4a8b1c4f2b8e29ea5035	8b81de278b3e1c012cebeb29462aff63d62b3b835d181aa292ff19ff9384dcf8	108e9186e8c5677a29553db23601d579f76dd15c7c9763aba63e66b56aa6e0076bc3f3767bdfbd47	3076453229	1791093702	complete	969809
754	commit	a69ccbdd5d31aa5c5957e83786a242560eb9275f2137a88fbd029a4796e4ef5c	29585ad859b385e71c4d4c603baf706e3ad96093381e1e71da6fbf20c1bd8c2e	108e9186e8c5677a1d778a68bdd0ba29a4b304bd03cfdb34f0587f9eb83e018e243e8f7b8b391c78	3076553910	1791097221	complete	969809
755	reveal	11999b883b2c0433e5d3b79a3cabcab17dce3dbb713ca9af029a8db42a1edbc2	8ccd4eee90ae618ccea76eb080d65240e7e1969379013c1dcf945cfffc1827f7	108e9186e8c5677ac0c04db943a85c9bb1af7d8ec87b937054a8b304991b1218332fde8157d3ba09	3076565453	1791097300	complete	969809
756	commit	11e72402c0cf591bdc1c648602a4269cfb1e1794b307a4e9ff5ef43095a1e687	d368bb0ed79ff68fdd236c2a2e6dde1255b25eaadae7d5befc2fddfc22608e14	108e9186e8c5677a62c9cc21876f5cc93a4b629a0b98531ffe6ba36974b14253fa092d670265cb1d	3076949812	1791100821	complete	969815
757	reveal	a1f47591529786192e43359b2437e0c6f4d72573f65dbb70832efe3fbc035b65	beee6153fd0daa93a4e4ea30aba455c7ac3acd82b28cde82ab46543e8155580c	108e9186e8c5677a3989a2c0eb6cbfb40c30ae4b0ca985a6f4f51d5abcb7dbdc145b113abf75d232	3076968904	1791100900	complete	969815
758	commit	58f299b73c11592e282479ef19d1bad820eafab932da240a25bc7f7a76f68c30	326b090deb8d262e283758d7b163a85b177c95ec8a50f5939c4c5bdabfa9db0b	108e9186e8c5677a66e84e83ff3234a07a906e06dfe865cd766a32da16176bd47a7435b7ad4ac8e2	3077352906	1791104421	complete	969821
759	reveal	378c2b70cc7c707bc96496dedb4334f2608d546823212219d6e8e71f715555a0	87e3075f87241a178b201d8840c773822ff44bfc97bbc45398a8dada7c48c5d9	108e9186e8c5677a60def7a3b62a8e1d8f0d8ee20f58c4ad014ee14fe94fe679ed02f748bf13e472	3077355480	1791104499	complete	969821
760	commit	d85c6e8d9f2a7fb2f0bab66395a8fdb3b711339e70695d06687b426491d6bc7c	f9d45cbb0c87abfbd9c0155f23b34b0e3d73026bff16a36a71cc3aa27cd75c99	108e9186e8c5677a459551b0813982d8f572c7ae5c1a6f41a293092444fd87b2b331efb9804a6f8a	3077466440	1791108021	complete	969829
761	failure	546b3b64a256b1e340c1e55616f18bc2bd089f1ebd6917a17efe93c2752c02f7	0398867e5464e0a3617a0d5175e21aecee181d48de71c4007525701964d7b904	108e9186e8c5677a97b9b6bf3c2fe9da2520339d758784d3b0e589a4948571045889701d3d56b298	3077473929	1791108120	complete	969829
762	commit	a815333ce53aa0bd32544dc208e1f8b4687dcfe72eb43ed9acf3f42838bb83c8	49f9ad80a751006e4a5503bcb981ed8c14bd7037314787808478132596b62019	108e9186e8c5677a785d81a5484fd409920d0d61bb12155289f95db46d9894f12b95ed2d1119bce9	3077572061	1791111621	complete	969832
763	reveal	03e77d1f601c09d928acf8639afe5b8872112c4a704396cb2273c86ba5f8bc3f	99e270e07e597bcd475cd038a4bb1b833f3590e66a10a6fa2dcc6876b66c5733	108e9186e8c5677a65e503603952c8a97193f2383b34a7751feef5721887c0adb2295006eb848b4c	3077575403	1791111701	complete	969832
764	commit	f26f9288ba888f3bf3a9403e151463337106fa83dab29506dee5332986ed0bba	8f2510e37310e7c63368e5335f22a828ba4935845ef679d5b86b8bd9f8cee384	108e9186e8c5677a098634295c607210d0d9963c7977bf0148a180c4bb43d6d5c64133fdbfc50beb	3077631407	1791115221	complete	969841
765	reveal	398dfbd4bf334a43da07b21ed31b69774bda23ba90c702a37531b378cfe02fc8	7dbf65de2c6fa95dfb2f60ebf5d0ca30ba2f56912e2f47de95a0cc8b597ed47c	108e9186e8c5677ab717f600be80258a2e6ecb0a20fcb16295f0404ae8340b159863c0cef1295764	3077632088	1791115297	complete	969841
766	commit	1a92fa3d5360fa47c50de6b2aed0b9a932ac79756525717ccfd909d74d6f5bf4	47c7b8a1a1e70a29b1d63d3e4088fdd72205dfcffe95238c9a7eaea04594e199	108e9186e8c5677a935fccc0d0729b1152f0256863fcbdd7032afd11521e3519d3e79130922be3da	3077739064	1791118821	complete	969849
767	reveal	f053ec3b76ab1834b88634c0bc45752fbc48c46b2398dbc6cd07a5f9d58579e1	f4332d175fe2e00ba64954b6a8047d001ac4f5740cbb26df1c951d265106ef06	108e9186e8c5677a6361ebf38214a1fe72584b6361333e77a53af3a4cdf2c8a1a7291ca43680ba27	3077739976	1791118899	complete	969849
768	commit	e4d36fa18a1b96e0fc164075bfff0b8fedd560ba4c2c9a2b430e1956d7ab44d9	a1522d4bc1a43728008355b17abfd224e6fe90e0b524d229ae19def1eaa5e95c	108e9186e8c5677ad16c5a7622a914243db76df8cce1e4b7b420f80e9338a9d2d0c751a4212ac1c1	3077848615	1791122421	complete	969860
769	reveal	cfc7d459287f6984a1215fb702c3238d5cfa26f12a3974cda25ae031bbd25c86	673d801b604fe6aa1cf723f3972d29eba360575fe6a938a8d770e6b29104506f	108e9186e8c5677a0199e9fdf5d7b3d6ad10e79d1de57da98e141487ba8ca70745243a842b5c5561	3077850168	1791122498	complete	969860
770	commit	db29bb74f82173e86fc74c703fb49f45e55243417441907243eead7e211bc574	6cb9519fa9fe092a091a53248c860a33781f22dd996c0a16ca117c0a4ed58519	108e9186e8c5677a815818db42d3cf491c546b6fd61b3729d9a66a48be453e9f9f380f0088a02661	3077894057	1791126021	complete	969864
771	failure	88304a165d25eb81862ccdfdcab7255a8368370e273215847747e47a2e691b04	742e6a79c2e4c2608d18827986a9bf01ea702046d2d917dddb62d3b6eb5a7ed3	108e9186e8c5677aa35eab5d1a20e5ed0711b74eb5d8cd38e6b2467521750b92c0bf3c346996b295	3077894966	1791126119	complete	969864
772	commit	fff242062edf50fd4441c424a3a820097b604761c2e3e08e720980cac9af24eb	eb1fab3894c07aac228f5dfc693362df6c69b230be70dcd2435f8c6764a83525	108e9186e8c5677a305b9c3b47db4e9fd89e835c4a7721da3273a937ab811e83b7cef51fdca6197a	3077968787	1791129621	complete	969869
773	reveal	8f4d08d63785610c6255cea2c514c9a2adcbd66752a795dc8eb4149f23f16f7e	d876759d9dcb9a86d08aeebfae02e8dbd2f4f5533683ab294e2f6f34a7a706e2	108e9186e8c5677ab0614cdbd6dffccdbadaadc2ca2de2988364318655dbb76978aa53e23b3d146b	3077969762	1791129706	complete	969869
774	commit	55d4b4739b6b4d832f5a7eba41b731d4b457dac3d590480ea44612327563991e	b233f214e71e4e0b977392d5408179a5a22a9266e3f3d3a9323aa7550d43f674	108e9186e8c5677a66760d4967b64bb3fe6a877b7d3a700d8bbef907b01bf0abc72761c2c683fd95	3078109418	1791133221	complete	969878
775	reveal	0e00fb89059a640e451e2e2e77d45f9f26a5e83c0d3178c2f836336ec0c34feb	4e8d1fc1edbf8ba290f03d7ae25fde74ba55019567e0226dd22c81493aac5dc0	108e9186e8c5677aefc4adee147ecb29cdcfbcb5c69d92a3f8abe8234ffdeb54ad8ccd8ea23ad810	3078111041	1791133303	complete	969878
776	commit	b21223c348d1681afe8ac60669c8c0a32b9bbc27982b2fef2338f4a82ef8e144	bdbd7c96ebb93ce64e4e75e19a6d2c67600660fe88c7463d71ee5336bdc4f65f	108e9186e8c5677ac2ddea7d748b6e10fd5008777792dc92cfb020bf20b05fa52d1adbdf322db342	3078159962	1791136821	complete	969890
777	reveal	3a22daddfe1143407124f333d0aa7746611b7aeb23125b356b6127669d13a884	3c51b8297c8619e599e9a0b0ce83506cb3f8ce33ec84ae0a294499f156cac465	108e9186e8c5677a265876767dad6ea4d10b56d777892e6d2d10e2ed042378b90428b8fc2b858e22	3078161078	1791136897	complete	969890
778	commit	c8d26ac5247b2a96637c5c3fdf2ee1b85fe68ed241846a71d28392ae482e87a3	9af807c2e2ce85092eaee128c253141245b211f703fede0dbdf1df7359e30cf7	108e9186e8c5677a812e075cffacb869d16b062f32d152f3fe962fd63220199ff9bdb0f98933a48a	3078421397	1791140421	complete	969890
779	reveal	bfb9ce00eb3e5a8b717fea4bb9e9fb4aef9d7b8a8f6473af42c1ee9c12f0367a	004d9d9b7c44f41e44835939359e0f7a13f2936398c963965da95e452289d922	108e9186e8c5677af35c75ff09a65ccebae6922692504f6af71c4b8f71c1866b0c15e6da2985f9bf	3078422620	1791140502	complete	969890
780	commit	3cc45c5f3e0195225fdc756511b847d704b85ec848e47ae7909a39852eae3deb	e42efd6c43a6d500c44e837336603d082af44a1bc19d1f40f7cd6b07aaa23fc7	108e9186e8c5677a348b649e82b233e377bf0c519beadfa7ca05dcc50b70bb8bd7bfc6757b1e9f1c	3078482704	1791144023	complete	969895
781	reveal	f7f9a0f7af848931e26698b9437172a2e5fe793d9ec582137a742028c898ff64	9aad71a757e09881e769e5fff985ec0d803a12685451f97782a6da8595dd571c	108e9186e8c5677a5b1b041a8dece2ba97f16365949e8ba12b20e86d55f5eced666f606ecb8531e6	3078483690	1791144106	complete	969895
782	commit	37ff5dc2e04b42bea424f41e472811272bac2aedcf20b6a5d1c39cd395c8fdfa	53184337780f27004121f3adb4dd67d79315b99e33df142aa1671359767f9fb9	108e9186e8c5677a65483e7283f5cb92fa4ca844fb057e16b55955f6f1f0efe8bdaf02834394fcdb	3078549127	1791147621	complete	969902
783	reveal	41b6fd4b755c7b3e16447579a830eba136e35ef2010c300b6adf0957448ea96b	ee49e0b013ee029654947c7e1df920bc8b2ea6a00f331b5d5c34f103385365c7	108e9186e8c5677a24397d44cb1c16783c5d9c9c5e45e105d4dff9b50ba60b5db320fdd4a84c07ab	3078550136	1791147702	complete	969902
784	commit	24b9993ff117761ce94bc103c1d0de80de760e1318fa967f4bda1fce26e45da6	a4cfea152b3ebf9d2e7a3707290c2e14f79b938bd6038f3cf429fa1d354a824c	108e9186e8c5677a321b55fd131ee2412bd597da7393011f0b56915dc2e5aad7221beb1dcc77b141	3078618301	1791151221	complete	969913
785	reveal	cba1c1cf5312644439123c9173381fce154fd569fc21027b061428948423de8b	80dcb54f1497da948a2eee8e29fc7934b3702953f74f30f86e6f6db0df2fd62d	108e9186e8c5677a27eec191dd9af4aeba90fc25d142afcc5835e9f2a480f5206780649f3d9a589a	3078621401	1791151298	complete	969913
786	commit	baf1a4a7ab4ce29d6bc84099a508be0fe0a65ffab90cb3ef97bbaf5dee15d1d3	e93259caa296c51de5e51d36515bfcbb6713b67c18b2a41a20b15a5f81f87ed2	108e9186e8c5677ae147044ac75f185f6bbfad24fd7dbfd690d2c0f31f2eec8a2ee02894fe86e1f5	3078701137	1791154821	complete	969917
787	reveal	223f5e35ffc3a2b988ea85b0b7a4fb00c9bcdcb4979144afe0ab9f5c7ad750ea	a283f45376303979e33c1359be9e71ab5a730042d5f6b37d5dd9bf08bc1bbeb0	108e9186e8c5677aba9e647ffaedce609540e5ea482d0b9f8d68f786e54de65c5bf5be6c1090a8a9	3078705906	1791154904	complete	969917
788	commit	6448c413b238d109a2f9067a21ff44a48ffeeb2582a63243cab7cb159192661e	ac47345b47ae2bd7af6f62bd6a513807ff22d335efdef19f889689906fe56cc7	108e9186e8c5677a0bcb4adbe86310a50d5e69cd81c89d5938cdd3077a440e15a07708feffe5adb9	3079041585	1791158422	complete	969925
789	reveal	4e88591a59e3d78b13540b997a8d03f32922f96e32626bc6d8fa984a99705a88	96794aebbfebebe0bab179ee4d503962da1dffb3243eba7a4f86e75c9631dce5	108e9186e8c5677af654bb38e9c96dfdea24cecbeea48bd95a11879f2356525e77a18199b60b5739	3079049532	1791158501	complete	969925
790	commit	a8099c509804d879e066b245dfb5668d83044a597dccf628f19acf11f6d89923	089f241b5a00eb66cb47172da4667b1ae12a8c1da3a86604f44878d059efec67	108e9186e8c5677ab5dcd4818143feed696aeabb1d5cd65602c6da2f7070c954773be4f6b28f732e	3079686690	1791162021	complete	969933
791	reveal	8751432636067a21f8257a0c3edaa6d5ecc289ad001ed32a31f9e44facf8da33	60e8df47ad66acc3b149ff79ff1e0a79999124588bb1739290f99316587fc0e2	108e9186e8c5677ae786b9a2c777decc1d43da5ecc830bde496cd2b0cdb194ccfed6d975be7f9ce0	3079690537	1791162099	complete	969933
792	commit	75a1020c7c2507a73c8ccd524557566618967331ba06a56839a2f3af2198023b	429c12cbbfe5f06e083a70db80cd2ef0da185ffb773587dd3de862336df5bce1	108e9186e8c5677a470cfed0006e7fa7783aad05dfb830b24510a7c8177bea20fb133052878abbf5	3080347174	1791165621	complete	969939
793	reveal	d105e08c79c03dd8f32887056ebeda6d89e9e7b1377ed1dc3ec43f17824dc257	e1ea9fd82fa79520bd40c7cfd66591df990b2e65c989c82088f754398f629b73	108e9186e8c5677a1ae3b90a675f3b96feb3ea22e4c083426a7a62bc26d7de89e7314c350d8da0f7	3080362994	1791165703	complete	969939
794	commit	6ebb84519080caa179c24b43a599d072f5b963cc646d83b50b4d36ce2df84cc1	2d63270be9013cb99ecd2b9c94412c1ed996c8c9ac5660de49b7867c2fc0d92e	108e9186e8c5677aa6eb771fb02bb6a4251c799571c74960818af68873ba2aac26f9fb940c518d14	3080821743	1791169221	complete	969947
795	reveal	97a9c8666e9d1af1974844d76de09a735181e199335e6b9e4b85232d080debf0	fec331847b644af9860b01383c62134652c7d0787720f7d3376a870bb1ee546a	108e9186e8c5677a67428fe5cb2a493af77714c72e76a9dd9c70b8051cee967e0615b347d0408e7d	3080831525	1791169301	complete	969949
796	commit	f421421a220a8414864e1710e2d0f337ed5ec8e001943cca62f217df2a3c7791	2e5910286d0caf449251de44b7e409df6be2f0cd50f1e47fe6d0f9161128a4e5	108e9186e8c5677a05915d2648e68844de13542b336007a57a055610dbfaffc9dd9c816bfe6e0ee7	3081482776	1791172821	complete	969953
797	reveal	667d1abae508fb9801ba47c6286f998c4cf6201939aa0f3036518d702ff5345f	f461d4d9ea8ed75b45bee78b2a911a393c8601ca566952d337e9d0f1826c80ec	108e9186e8c5677a22fb1bdffca7c503bcd3e6124702e24142e9266c4dd1d74a3663135bedd4ecb4	3081503134	1791172900	complete	969953
798	commit	c80559ff9f9755306d614d61083e486b26be177c5a31798e4675777b4e9b5798	2c131c1d2464b60de1b20a1d5d2f2115ff82a433c90454a32bf59bc6a46fecf6	108e9186e8c5677a58d51319359d92162a347d27169bc466007a789fc7c4f56803392213f39e1fe3	3082293332	1791176422	complete	969960
799	reveal	097878a14fa1c3cef3a1c299ab9700084e5046dc89c4d61ed60f103278b0f043	08555bda49913418fc181cc2d8f78debc6b8f7f8462721d631fcefa8b27152ef	108e9186e8c5677a2f6e6ab1e846bcf36a7cb78519d384324902eb91b2286a708baed7dfeddb78c1	3082316426	1791176499	complete	969960
800	commit	6214cf3445d8c8a2020c52b4c85a94d6288932cd1cf4902a769471d67abad3d7	55890c53a3dfc0f3a206ac5f5d115ae6f1e8d23bd8712ff4b976304508eb9981	108e9186e8c5677aea63160e3df7bfd0202146659f9815733a749747485a7c72dd78d07bfe18a6be	3083202569	1791180021	complete	969964
801	reveal	3c02d2c0cd37634deacb08a85741c1da41879cb25d20a02e1e2edc83838054fd	f0ac06ef3f2d5ede5ea4a8db2efa0879730ba955a1f8c673b83ba7a088b75c84	108e9186e8c5677a666c9aec12ff23e353a567b26cebe7cdad09f1ef7d0c9da8dd12374a74e87eb5	3083223249	1791180104	complete	969964
802	commit	f7a1365fcde3a055159f9f78e2a916a914b204fc8a5959d63292d29862562af5	059951aa17310ec89810aa8363a218647b3a3a5df4b82e4891c44ec662cfffeb	108e9186e8c5677a3845b948f6bcd42c3e088ac640fdcf59296bb394923f58a2f122e19d6837824c	3084002598	1791183621	complete	969976
803	reveal	7e13183fe90e9abb65b8e25b87fabf3a8fc8fcbb59deb821bc3e1efbfbbaf73f	7a1560852c206c3fd563a8c18fc1955ed775030998742a3bacfeb8527b75af77	108e9186e8c5677a3089688180d7d676ebeeb0e7075725bf27b14e7e45dfb55d2bd2a60a1bf7f3dd	3084012031	1791183700	complete	969976
804	commit	8627437f7b1c6867cb9a229fb0591be4f5d197771212679c6bd42946568537eb	d826b5f8927b08ad94805b31cbaa53c6347c8878b9661d968055bb2e31890247	108e9186e8c5677ae8d5d48fdef2313ba6cdc79eae5c9f016e713c39fd4f58dfb3882ee1cb9f647f	3084488103	1791187221	complete	969984
805	reveal	38adc32a89cfa77482e88c3d2dca642de27e5394d6fff6bf306b14c78b4a3826	83ce2aa3d9d8e0d2b4fe2bf4ade6a55202c9e77a8a90406f2d0bb2341859d63c	108e9186e8c5677a3fe6587b24b53aaa41bd68f27650585b4077ffd40406590fa87d1e5ad20b1c2a	3084501032	1791187301	complete	969984
806	commit	4b26ec5dad87021c5f05d26edc42f490a1928bbbbaeb864376ca8a7879bfd6a0	2ecf7d008e7ad88e6a64fc67234c9388e5809273dd38d470a3d65621fbc224ee	108e9186e8c5677a85c451b6b79fb82d680402382e518e943eb080e6b759c83c242b03f91ceffa42	3085084645	1791190821	complete	969987
807	reveal	99d41b093439bdc8b2594a17fd170f02c940915f6dd22e24444aeb724e514d28	d9c620c0c995363fe74b19a85babad6bc712cea6b0e688ced4c66e76f1827cdd	108e9186e8c5677a6f954d574ca99cf0f2a720b436abe93d106e73099124df88840cc4834082276e	3085095603	1791190901	complete	969987
808	commit	95009a685a026c0498a71b75f6664105e98c4568d2e925aa5abdb1c57c5158aa	e8da31d98b0aa54076138f2522ac8084f62c59241367fab6d6a58f3801e4b5bc	108e9186e8c5677a331da3bd3cce11b70cf7b20ef5a442e93c6faaf75003346b8cad534a9b10a18e	3085875069	1791194422	complete	969997
809	reveal	02e4fa675b690a1494171d35de5bbc94175f199215ec14753804a3174c265920	975d44817be4f1034d3dfe9672073d676441da319c7519b8f4e73d82101b8eb5	108e9186e8c5677a49b5ca1afe8b0533209152035179e51bddddce3cfd9738509864aee591873cdb	3085898340	1791194504	complete	969997
810	commit	7e54927ff2964f0fd0aed9f33babbad9f54056d15ecc78a18eba9ee3b8138c39	20fd0b4402c041e32417df7924f3badbed199d24212160587305ae3f98f0eb49	108e9186e8c5677a3d9f62e2818853b83568a0a72ba7589da5beca37e62f875c19cc251ff4f67c36	3086770173	1791198021	complete	970006
811	reveal	f864b8e247c56f09ec92fcd305a2288da7eb9bcf00bd9bdde405ff384731af29	23a23b569c7146c366ae0c7564ac40845c26329e9beb467bc681ccf5ec4936de	108e9186e8c5677a104c19c0b85310bbaf7533296b3016f906a2004f82fe30c71ba153a45ccb6954	3086795998	1791198133	complete	970006
812	commit	012ab8f20fbb2b45ee2244d4975947079223a553e2c352fc3cf7c2e8d14958ec	9339cc16a9b78e8b0b8dc73ff4fd67888229caa0e2711224bb126178454ec533	108e9186e8c5677adae24cb8ffc15b2f7dc6821be04b350df5891e08ba54f6d4553ea7a82c9309b1	3087598412	1791201621	complete	970015
813	reveal	afe1dbf63d76aa6a27d002df35ff5fa5ce98e633b6ec290ebf850310d87de844	9f2597058db07648555987b94096f8d0a234d5915d922f34e5bb8f9132e076d9	108e9186e8c5677a3c97a002992079d87fec36487f521df2ab10400d309f91cc9c419a16136f8864	3087617574	1791201697	complete	970015
814	commit	f46d8ef5e8f6b50af90d36d02a37ae7d4b0606829242d7532b6f50e9d2bbeffa	83cbf0fbc17d50785b21b7e81eb9921603f2b5bbc08014c3dc1f49f4fb11ef51	108e9186e8c5677a713a9ab70c63deb096ca41e4c1c11e30581584cdb4476ec24d9bd30952d4c6cd	3088261497	1791205222	complete	970025
815	reveal	488f18b1e98a17f7bc0de5e2991517e58ecad5424030d097c6092cfe7c7cf59f	1fb4cf4dadfabe940c8465b005585342c423377c91d65fc3b2d601e5c1e0eda7	108e9186e8c5677a949138ab0779da943cf1d86c1e433f89a00aa17b1dee6804c6f4678f0086b25a	3088283913	1791205301	complete	970025
816	commit	c79d78eafabf9a105f90e3df6a8cccfb171dfc47a784af778f904806a5052b26	84746c953b26dae709236739659f415a14080a2938d899b6a8b330d4c1991f01	108e9186e8c5677a9c04600b51f36846cd1aa6b0edf66fdc356be334e32c51d7d289f92a25feb8a8	3089149061	1791208821	complete	970035
817	reveal	963200c5f72e5c4b0fab8e1fee144d9ae8173baf2db0960b7a5568da4f0f6813	263ed459ca8df6b42261265874f4b0dc548d03e3f89993d5a10c0ad6f8202721	108e9186e8c5677a58f83864b191cf1e56a0a236babc8fd1a6ee0fd90ed9d6a92866c37058347bd3	3089163335	1791208900	complete	970035
818	commit	b75f147cc84ca238130cf34504113fe46ffc10097e7ce4c28b0531954fee17d5	c8d8b81447bd02bac6549d50faf17abb5dd4e1d87d4cfea645056645dc0a2116	108e9186e8c5677a5eef6c62e1b02774b731685ed1c6ab519ae8a9c298840437b45efc52918af8b5	3089956517	1791212421	complete	970047
819	reveal	6cd181692878049833df3d87562aa6ae66c0e515cd5937e48ebe484336f2f985	c4149ddd937224dc15b57c293bb8487006dc426c59dc8ccae522b703cf427f92	108e9186e8c5677ad3ceed480a5339b857e75670e67cb9b77ef7e53662cbebbb962af95d16ff960e	3089973140	1791212502	complete	970047
820	commit	7092f8995a8f7813a956398e3676f4dba81fba1231ac35bd9eff1a91b22d6e96	a68415d33eb07db17b33ef03a90e303764fcc6c66f86ee2b4ff1a7d42d08d5bf	108e9186e8c5677a9b88c628b4efbf41c8f7186e76e54b6e4c4cc9a0e44a6cefe98b5fea5ace0732	3090801778	1791216021	complete	970047
821	reveal	1fab672f5a23541670903e7ffe5a79b620232dad56daac5f5a05a9f142759c4d	2e53e38e883bebc206adf6db8f0a0f7fb0d626ea2f447384d09ffcd26abf84ee	108e9186e8c5677a6a4a6ecd64233efeebf0d309a6f4bad567f818478e7a90892bb2431e3849fa70	3090819793	1791216099	complete	970047
822	commit	5ab7fd0fe051ede40a87dccc8ade07688d0f9210439ca9971e3e0b7ee55047d8	41362c76e442d652dbec48e80ab8f5eba09e1bf3329c2de7d2f91ae812ab26d1	108e9186e8c5677aa3586528cdd9d6cbd9e46a55ae22649df441e96c185c35948bbeac0d622d2207	3091705135	1791219646	complete	970054
823	reveal	1445f405521b96aa9d3f33a9c1f02ca6a2c93886877b07370d4be007ca7d9642	7ffd4e5cfaf3a06d36068b740326f7564908c077619641dd008c91e470136331	108e9186e8c5677a28a51355e96bb333ac115d302b4b40653971ad3faadabedf2d4a564601ba736b	3091721968	1791219707	complete	970054
824	commit	59cd207328804ed025110945eef9d6fb7467b33988e1c2bd924c6f1fdaf57461	a330aec67eaf41706c69cf1596c77dfd2dc65f5ef3fc6c54f50ce219c75d3c56	108e9186e8c5677a2685a7335a75c9cb38210a15a87f82ac872591b23668a28e58b7523e7ae81288	3092509604	1791223221	complete	970063
825	reveal	d3cfbd3b2746165a2a8899d479b0a939a704c8c5faf6ebb2f52df1d2329555b2	f3de47571ce64db680a1f525692a91b42c6e2ef59a4a98efa34805e9d2411af8	108e9186e8c5677a694299035dca17d3e154000a7ec379d268d3d1d1b0938b96750bf3211b6da56e	3092523241	1791223302	complete	970063
826	commit	d24097e05718944369d25958de1997be8c9d91c3cace68ac8d64e136d0072b35	1b6758be089de1e2dd8ab5d206099c02067a8075d47142bc1883f1dde705d677	108e9186e8c5677a1f0bd2f12286b2d022462f6fae21bed6b9bf80ed63c257a937433f8baed6e96e	3093400637	1791226821	complete	970068
827	reveal	d61b3ee414453823de4e6aee5a99c1dba6e05d438ede4954a59b01a165e90941	476520df0b3570f756b7361ed2feb5eff71c2a1efb3a330e86d57a6bae606632	108e9186e8c5677af1f90d536e06bab4154c6bfe6e6c864bd476d062d96ebac40382db715d874ea4	3093488261	1791227178	complete	970068
828	commit	e4c4088ea0dc2793f49e2081a505a03d8fa3543fc30b875069279447aba890f4	2b7c9afe00f95bdad5cbd0b85507fa313b91f58475f0eb85afbf05b41b065422	108e9186e8c5677a5cc105acbbe88335246c90cdd9849ba08a8ff16f2c9a90c37bfe04aaa348447c	3094252636	1791230421	complete	970082
829	reveal	6913c666cae270258fe289aaea240aecdd740ec64c1b44fbf9e031099bbb3fab	ed00158287fa9145780e4b0fd1ff09661d3425f4d0f067686ed46d44b2a3bf82	108e9186e8c5677aceded5c5fb634977b15e97f79ed228231dc374c98eecddd676c453945dd938c7	3095024880	1791233816	complete	970082
830	commit	b29f0494390e2b07513cb47a7c046c8a2f39dca7c3938a8d0967372901dff394	9ce1fb1b9db564531ef957da20bd2e90859301822f184ff42020713f28c57f9b	108e9186e8c5677a4e6c78ef65d09bf162c1b2ed0214cf69bb6487c6b4058aa64720568eb5185d83	3095081668	1791234021	complete	970083
831	reveal	2b875e01186c3b5bd709b27361b05c0e3b9718648cde8302f20b984ea76d688c	10d3f3178062e8dacaa3400387dc82404fa1468bc0100f5d61cf407b1a23f166	108e9186e8c5677a141535a375b5a0046e76a320afc8ef755f5328c2b30f691c9dd655e7393d6b68	3095247179	1791234956	complete	970083
832	commit	8604d634edf68250e26a742da505751d6ec4fdd88c2995ff46928167a917bd3d	a7a7dc5ee8f10fedc3883ba9157947fd92ccf800c62b58dc8f49a9a327fcb8bf	108e9186e8c5677a12b77271c2591efcf72545d99a4d44b7d53d7a1df0d46989fb7b80fffb3b0811	3095917892	1791237621	complete	970090
833	reveal	3cb684224409b3be10e9257c5846fbc5573e76eeb882e9c405e629cd58c93069	4d22cd606e32fd85ac09d6f3f260f194b2794ff445dfc7563bea49a452d11560	108e9186e8c5677a763bc8ffe38d84228fbd8bdf690aeab7ed3bd99cffbed8d16b96cef1d3ae6c61	3095943181	1791237708	complete	970090
834	commit	6bd6073410fa3b5e5fd1e8360705924331a81a569ef1511ee5b6e6d8b3dcee54	9a1f50d91e5328a2c7fc30839d43489b2f9b20ed3b95c2ff058f14ed9130d323	108e9186e8c5677af9edd647d801620c4d199e0bd01924cdb186d650d91e186f1a80c4c82d226935	3096843508	1791241222	complete	970093
835	failure	b9071c8414666913fb15608f88c34d500544adf1d77b3b3de44ba207ddccf1f6	2f447b89aabcdc79ebc36468850c24e9ecd4c9c643ad3b35a76747a101a30ec7	108e9186e8c5677a54e5f96cc3cbb0e25c2e75b57d2e2df5cf6faa36a4cb2849f63e108246f9c0a1	3096867246	1791241319	complete	970093
836	commit	7b3ab2a55bab162aa0b648318f06920022ae115d836eea4b9171f1d9fd1dff2b	cda66b00205cb88d1be166a2bdee33ce4ace82a90ee8c84b528ad4ef410451fd	108e9186e8c5677a14430606da3fb666787aca075e0b78bba8fa6c46f082c9e88ede2af402af4b02	3097773593	1791244821	complete	970103
837	reveal	d629944d99e194124086f2754c719e198be75c355ae45603497874c8f9cf9a47	0036055a7fe2e8da8939e89dc28e69374c66a685e521450265eefdd3c4899a1f	108e9186e8c5677a877bfbc42fda453e6be1c7fdcb822a348db65c2d6df2cca8e917d867c4381496	3097793394	1791244933	complete	970103
838	commit	9d87b941cd2e2e155cdd175e797df1b5912222581e5f96e1730a42c9bee20f3a	9dd4c65d28bc1fa50b64d6702c23738c1e8a7937f4bc9e8f7531fa6d01a15141	108e9186e8c5677ae76eeeb34663b9dfc9b1e478943ef97a455d5a82be0de0f812871f320264eace	3098709882	1791248421	complete	970108
839	reveal	2708953ad6a857502c9c2143e72d756aaff4988991b990753b20549a4a581b53	e17db0d6003658df93f5a5a6002d5c671f58b569349cf104d9a7b2e255df3a1d	108e9186e8c5677aa88e3e4bd941e84843a5222d6958891bdf07950cc1eacbf1033643ca9b91e83b	3098732503	1791248501	complete	970108
840	commit	968515b5f2a2898ef5b5dfed12c3f656df5f60654e12122518f6f100ffce078a	11f6d40e96c96d23f5c27373fd06aae8c60a0def9c778ec6c3bbc52c2a88420a	108e9186e8c5677a9ab57eb2e8aebdba067c29348a662a5652bf1bcbe55aba63662370107ce8bcd1	3099655825	1791252025	complete	970120
841	reveal	c0285cb2087107354b7805064c22a4b678fcb2b3d2f2f817dd65ce336d1505da	edfdd179b8ad4b549411d06f89cf7a134d70caa6a1b60a42917a37ac0ef3e239	108e9186e8c5677a3f4c336ffa6dd4b0654a081ecd04374c2caae95a6ce5d0bb773cbc3b933be51c	3099679579	1791252106	complete	970120
842	commit	330a94cf0ad7a0181b5e909c746cc3e2480565c4abd5c41d1395c930ed10f9ba	2540014f74386521c77f369917b8ad818497eca0ecf15bd3c2ec7e130c50ebeb	108e9186e8c5677a2e14a3c97460c9a3f307df61942bbcb247b1735e8f5fb9c25087df508f3d3d69	3100520984	1791255621	complete	970123
843	reveal	1fad01052704d428ba63010390fc3e179816996ac5f12856e7ac74b9d20369a1	959c781dc3c880d626e3117f2c1679d49e43c26e250ed5885a757bcf755b07a5	108e9186e8c5677a7b3d6415a432627558a6cb62b0b3c173864cd78518d952e7fcb00cfb29d96179	3100543808	1791255701	complete	970123
844	commit	170b15ed5350eed2839bea39704e91ac17e564baa5ca81f65f70691a43b13adf	04e107d460d0105e77a2e38f67513900a236b34983a56778be8581940e33075a	108e9186e8c5677af39fbef6056e9b2e4583f7b82223fbc91c6c6040a4f6ee940b72de88cac83b94	3101484398	1791259222	complete	970131
845	reveal	5c04f6a8e8d21ef33c48ca4d8f9406068b7c4b871ba0e37763955be5b8d861ca	1eeded08e766d23171ccfa4a7faf1b92b1321da279c9e604f15d26972a79824b	108e9186e8c5677a946d0e86e87e334c3ce908834b7066a54f52c57e7bbc67b6f85a7da7b39008ee	3101505434	1791259296	complete	970131
846	commit	c03453e0ec9eeb54e77d76706ddc53e168cf9ec61ddaeffc42c1788992c16f31	1780c9d9f330d0a2b5d325a1d77a3a3776a2dd652055fe72647fc6e1499ca389	108e9186e8c5677a1a506e9f7dc7588f053c05e860f38518fba3cc07fe4e93e92f7f4c0022846eb4	3102325067	1791262821	complete	970135
847	reveal	2745933dfaf7799f5526dad6906e9644af74b5b8b9191179fc38250d0c1a2f7a	27af6690d46d88d97919bcc69a155b1f79cb9297a915cea40536dfb63a05018d	108e9186e8c5677a6c4e0fa690448f448a27167dfcb3be259249f6a12b3fd3f2f32c902f94a7899b	3102346870	1791262903	complete	970135
848	commit	5b1273d402ff591c83950788707f6c644dac066796633b46915459656b464f4e	6a41cf1d0ba81e14471f16cda154f0f463441c0f1720c5b39f5a8aa4daf0b2b5	108e9186e8c5677a79bbc2631d75611c4760ccdac9d323ccb6a928c8f029cb062adfcfa7a7e8b6c2	3103247441	1791266421	complete	970142
849	reveal	ba63930222c339684c0e0efa074a2e90cf05204ef1a4b6706a28b8079504e022	9f1946a25ef775a001d1a2ae3eee61afd889499f47173a7dbaa682ef40775c24	108e9186e8c5677a29ecdb7bd31a3890d0c3a28b3bb66582ce411077368cdcaafd613e7688e0b541	3103262903	1791266497	complete	970142
850	commit	952a7f6fe2fa0d1019335a62b4f88cec78de28bc48af9ed1dc6e843b0b65f0af	f11464f6e911b2c4ab577365141c5e658d1de946515e6169959de45ebf9cc39e	108e9186e8c5677a68f5bc19857f45d568c03d8e6698f81b17a9ee8af6ddf7eee777b7e2ce4728aa	3104094125	1791270022	complete	970149
851	reveal	91237e523942f31214f4ba7a79b2afabcb0b33aeb7209b173163284d4a5fbe4f	baefc3566f2823f23cda61c12f9acbc62e0a1338f2f14b5bf4b4ef4358d69f23	108e9186e8c5677a8b7294e70edf8497289a1df4ba0eb0fe1f114ecb2bba5fe19eb711873dd850e5	3104117056	1791270100	complete	970149
852	commit	17d75d025cb9e572d8022f0626adcc2ffbfd317cdf72b692b65782ab497d57d0	bfc772a4e8384f77e4d142da456be7eb387ce2b557fedc70fe03fc87e264350c	108e9186e8c5677a0a49dee6962defa20cb7d40777005630ab14f8f7f607e9c63b13028830b6f20e	3105092896	1791273622	complete	970149
853	reveal	5428b06574a2bc3625e6bc4999d3965031376dc5deffa87b938528f5ab04c7a2	02c76072a115753ca163b82eb8c378bfbe94d9fa45105b838845e6f827cbcb55	108e9186e8c5677a4c82b259fa91543deaa0cd79b19c0c2236ef337d7f816d2e43164b81cfde0003	3105116370	1791273700	complete	970149
854	commit	bc523ff5f0e7805a6c961cdf770b8e749c9b86f39dc39de92940ec049ab1ffe8	553e37d382ec73638175a373be470d3a13f828a155ce5d31129cd5ef68b85822	108e9186e8c5677a582ad41428b40a13dafcc080dac934021bc1cda5afe6bfc78f3cf15adfe827f7	3105987174	1791277221	complete	970158
855	reveal	3acba0506963d9344d94c1f3b953cc07558aac0940eda240e9d9c9b0457ba4ce	e6f954b22e3102f4c6f1451f0e6e54054b7dbe937cccb840728fe1a6e26ca93a	108e9186e8c5677a492817240fa15f3b411b023d7c12d29fc8fbfdd095f3f4bacecfbabe302c1edc	3106007894	1791277299	complete	970158
856	commit	654e0226db42c62a06c02fb42cda20646df8b0bc54d90b58475a52ffbddb709f	3e7790ef155432929ff3907a41cb681799e23f188628c8bf6148acba402412f3	108e9186e8c5677aa0b099337838b4dff571ec5b959e1be6ec62c356ae0298877781faa4340a1cfb	3106812422	1791280821	complete	970161
857	reveal	1118e316a0f55c45b5ff3c527be0d1158cc37c8702d738bf5208ad71cb05e418	b4bec35b751d70a1ad9d908d6fb7bf210288217dc23a3c91fc4512585114e555	108e9186e8c5677a5f403a24842a3fcb27a8743ce39ae161cbd477062c2a0f8c8bd1e0978102ca95	3106834475	1791280903	complete	970161
858	commit	e379e26bea4f60e8c87a42790ca6c1930dc220ca529defe0f184f0e61b2c81a1	94f802ca945c54654d06e224e741d066dbe361010c69923d96b2f7081927fe46	108e9186e8c5677a890a03d6a839da8a3a37ad79c38d07bd16ccd397e34cba7522053077c7bd1d77	3107757378	1791284421	complete	970167
859	reveal	49df599b959d777b1a194180cc34a53ab433a7be9214f8d8f5a04dba579fb93e	d5fefe0804268d1b2ce05663f6b28e204d32f4451cfe987f9658ef1ea885c49f	108e9186e8c5677a9062806f4cc392252c8150df540d4905f3ecc0793e9118de94420a892f41b613	3107778841	1791284502	complete	970167
860	commit	3d0ca6d8126153626a20e4f82c3cab2c0a130446e0b8ec079cc6746ea67d2841	2ec77888e18d3b75bafcdf8e1c0f74e2627861f3c1b1ff9fa19bc3c1d16bfada	108e9186e8c5677afc4bcf1fbd8b9d578b7c2605c0496bafcb33c0c0eb8c529022a271fb9180c0a5	3108610361	1791288021	complete	970170
861	reveal	303ca4e4c693e35e13cf414685e2df795795743cfbd2204e7ce82c40e41dd6c6	2833901171fb0a6ed60b28dd3d80974f2064272f2cb66de70b3050ef3c15f852	108e9186e8c5677a4937b12e942272ce245f13b7d0377c441eadfbd0018cd7afdf45e94a77a73984	3108631364	1791288103	complete	970174
862	commit	c94b43f0c594542b7632d54e39a5cede3a36aaa695a00fd85d6ffc0c4e5aad6d	db2447ffd9ace56c434c5a4712553c21424967a4f7459999f43b17c7e40051e0	108e9186e8c5677a0f3b35812f01cd650adcfe6f84d846894f986c52722d2c842b761996931ef034	3109574955	1791291622	complete	970180
863	reveal	60cf63aba7ed3a2cc9ac87f3e9f03dc1d608f7fb21f88df97cec50e6361f11d4	ae539496c1a7c02c216ada664ddb9e93b0506b915477517fea5fd42fb15c5c7d	108e9186e8c5677ae5a0fb3bd03baad67db7262a0bb85820d340051f08545c18440ffab46137b77b	3109600012	1791291704	complete	970180
864	commit	8bfc21fec58432b342d4552f43371fbe72774b20f6eea3d49b8fa849180e5066	9e3c0132a0bad7ae9e939582d7fc2bcb78ba1d2e8ef0394d6ed784d9154c21d0	108e9186e8c5677a6ba8ca2c0dbb4b4b94774d8379a10a661373e91e4edef8d20bbd549e6e34b163	3110552579	1791295221	complete	970184
865	reveal	e1ff67dba43ecace7d113d8f47f1c2e177033ccc37ca91fe45bb029bf701d52d	325ad07da40be2d1409ed26d08d253ae803eb27901aba3798ae39f455df362bc	108e9186e8c5677a51cd7325e46d8879ef0bb1fa10bd105a76f2949c3413c1939aa225813f75926a	3110560218	1791295305	complete	970184
866	commit	8db6a8953507239e5bd87fb64d76f23a4a5249622bb787cc779cfc6f505e52b6	53625d19b7387a3d51398c858eefca1aa87f431d7a36647f3a7052da177a56f7	108e9186e8c5677a199d0eb0c5301934751eb1fee324590096296c16fd8b40c829502c79b4cda2ea	3111348737	1791298821	complete	970191
867	reveal	fa96b2bfab931d1756ce51a64174a08c6c25bfa9a30001cf542b2c4a416444d2	d7874943a00711d35f7b90eb43bf93133232d0c5d12eb4d4f631d49e8adabbe9	108e9186e8c5677ac7d3c6209ffa383f3d34ee5f12f39cb25be0c802c46c868d1c2a1a7ece355e14	3111367725	1791298900	complete	970191
868	commit	24c42a16b5f82c351d6d3179cf43a3db7307f5ffe05af0f5e574bbb3dcfdb722	88c3a13f926cc0e0d409efb358ad1b1a303cc060cb1a8bf63f32f66fa6cca622	108e9186e8c5677ac98056ca20ca3a100c64178b95b740a06b1dbdff7b21d8101b2ee24d066687ac	3112174355	1791302421	complete	970198
869	reveal	a55bf974f037d21b110b68500975ec47a86e3ef2c21934e95dcd8dcc7e390dd8	5d612394f491bbab789fb717946927eb303455c72b81ee115092606f43beb96d	108e9186e8c5677ab975a6e51c12902ebe3b07a8aee6b624fdc6d80a330b41249d1c235ab0ed3c9d	3112201038	1791302509	complete	970198
870	commit	af3d1fb2be6389848be8d8f01dda55f58dc89f3a5c75aac1aed8447f5b2a754f	2e98295ac34d28b06a85e665f9d2e0b7c9534a1a84489da5d49a3a6c11ce8dd7	108e9186e8c5677a77411c38f36f44b4b167a9c92c22c2ce8515475a3569206f1410813c44ddc7bf	3113099758	1791306021	complete	970207
871	reveal	246f28fd81b261582e80d7d454956c27a3c693a72b0e10b884baa0dbed425f3b	f167ceccf09c7cd2efe10e514b537db3c450ae971319bff0d9c7f9aedf7e1913	108e9186e8c5677a3d457e96a0c2b45f051e1ba515bf639d578b597708323bc1ea035dcb0266af7f	3113117311	1791306101	complete	970207
872	commit	72efbdfaf5c2db3892e143b7305b0fcbe550c0aba0c75db22117bc7055ddea8a	637b6c38034c0661a35757ec5d33016eea5602bb22cf106f8a4f399d296ff684	108e9186e8c5677ae1d52c3f2788aaf0ec5eec7f02fd4063557fa6cec994017410a20182547c8259	3113954047	1791309621	complete	970214
873	reveal	a01fa7afe90baa7a81f683081126eb646d311c212b8157f268efb985a0ba93fb	a7b88d1a8567ab88b1b1f84d1e873353dcaafbd04b60d7bda7489079d88a0aa7	108e9186e8c5677ae744edf52a4724c4a5059d56c54cb1983e122577f35eafbe6a95e76f4114709f	3113977361	1791309699	complete	970214
874	commit	a17ae946fb70e20eafe5f9a825208e5c2bf0dae47fc783597975c6c24c5fb826	b0c6d798ae28aeee842dc40ff3539f692410aecb34b05497f3cd16cce7d550e0	108e9186e8c5677a55a509682bdcca64e82bd1176610eb8a068a5a71567bcdde7e62296c4eac0162	3114776583	1791313221	complete	970218
875	reveal	0c4d353dd27b226a15cf6ab5a5aed48d06948a19c8ddeff43e43e497091b66c2	5ebb6c6d910cae2d0baffa23941c0024823fb7e2a2a97d1cd689788de1760735	108e9186e8c5677a9a2b79cc32da80b185271dbdfd51240960b4cfb2ba24cc83e71402681a43c0d5	3114798204	1791313300	complete	970218
876	commit	f0837145b2a26fe38e19177a798450a8cfb09b64920a20da21974deffa540c01	315c0c8498a44455e56ffdf2f1d1decc6b699e15a9aff445c2ab9b21760d56f4	108e9186e8c5677a68cafb469f8a6569bca8cd02262f6f977af4aee8698d0d1ed3b8e66d6dfadc5f	3115662725	1791316821	complete	970224
877	reveal	77108c3b8a1b840bc9d01178fbc31fca4b95cfd1f5e5dc9e6b67c669f5e2d5b5	e6883cd343456ae75fc694b501052ba7f9f46b177b459b7ef5e500415944ae09	108e9186e8c5677a83b0f221034bdedab0365ba6208367a8beedbf17d6418867a247d3fcd37156d3	3115685764	1791316926	complete	970224
878	commit	0c3e4cf78fd90c93bd7a6d62f22d9b69ee2f9425f680b6a15efbe7d35f776064	b16474446477027012f3820cfc1d460446f729d1088dccbd365c7b2939519ddf	108e9186e8c5677abd7e67c4007aba98136cec88faec7ef70c8d42dc8d544185ab9a9e28a2417a2a	3116512859	1791320421	complete	970234
879	reveal	5e08026e8113257e09b169678e6bb147149fade8cf277808f84fc8913d2959de	ce9e2976838d1d10d48137df93ef1be0ac7eed5edd3cfd2d3540964af339dc1c	108e9186e8c5677a2c81c35affccca6c0f3e9690d1f0e6d8b30424bb45085404f87e6d5c822c79a0	3116530976	1791320502	complete	970236
880	commit	bdca3bbebe0dd29eb962ebe5194244afa9147b1aae3e9a5319f4cf5141a028d0	16e932d4988d0ce1b79dc5071159371d4eb9c2399c53091a597a6491156a7b06	108e9186e8c5677ac3bc38d8957b36de5a4bcd792d83b71e8f9ee63788da7a7f4acf23b48abd952d	3117491093	1791324021	complete	970243
881	reveal	4647f6ce0fda6ad16d764a2c8fd694a740c40e3b63a599c8ce22a12b2f5373b4	57f440e97e9147045f954e45dd2439143d135cf3e0ff3369536ff75d72e3268c	108e9186e8c5677a0711841c42b406bc9cbc1f2a74965ce68938c566c4d797edf5dbde5dec796ddb	3117513923	1791324099	complete	970243
882	commit	a44b9d172dc9e215480c2119c21b4a153ec9bb3649d92b41b7e81b685ded9974	6de80bc927e3e5ce6ae3cefb65f257582f1698ce458ec75b69f68dee6e05e71a	108e9186e8c5677a2c5642e2ea3b639f69544d7ca8b0d06bd32ddf6d3ae6e8c1666a27ef4db5eaca	3118423465	1791327621	complete	970251
883	reveal	777fe1c4baf76d88d118eb15e445022391e7f494da18b9141a58c90944f6b3d9	ebc51564b3055ec7bb4a1386302451e1523a4afc4bce64b5ee5cbce32c6f156a	108e9186e8c5677a93184fe9d65798c64855383171eb57fbc71eb7f9398233a395d32c17f6c7a0dc	3118447451	1791327701	complete	970251
884	commit	6166ed9c72810ffb6be531fb605f83f23328c5d3cb3d9f9602bed1c84b4d4975	d1cf5dd2e859f9fc38f46c264d828b67222686cde126a74d9dea9213282a1af7	108e9186e8c5677ae740f27525352a6ddb10c5c2e779dc4a068ea4ba3a01f8850f1fd107a1b19b49	3119344835	1791331221	complete	970257
885	reveal	db66be715c1444d6f6ec1fdc9ae3cd283037413157c481c1f4b393803e6d4483	b7b69a4af090d76a01318a89792d4c9f085c3e0f94f3133fcd8dd9a6b2460bd8	108e9186e8c5677a4aa1e806417d2716b5d71acc8d650a5a0fc19eb62d0efc9229c24586751e0f81	3119364527	1791331302	complete	970257
886	commit	edf13afeaf8975d2769b6cd79dde17ba855ffafc6450835dea519fdf8907848b	d29be75096e7c1bebf4527c218a9c0abed749e74e089410b32e8cb53400542a2	108e9186e8c5677afab95db334e527b57bf665e9133fd941a993a346a5523dc8ba1ec8a5bb53f558	3120280790	1791334822	complete	970265
887	reveal	fc01a40c436286b4b7c418f568f41bf03368682482ad79c9439a533b4d67b52b	f27bba075b0391b733ba4ff096d89733931ec4bd7fcfe23b94e8e507a4e7e91f	108e9186e8c5677a30c1fa437fa42af77b1c8d71631eeb089bf5786deda374d4a5aafc6621caa6a1	3120303236	1791334898	complete	970265
888	commit	9fe1e075caa8582908d1d1398d93e744653bf52825849d4546cf16b5f030bb85	cef7162eb200f474be2e3388cb278dcd9223669bcf122ac4a1a24f494f8a3413	108e9186e8c5677ab6e0a413b44f84ba694c6874ca70e22396afb96d7298bbb7835d6d796144c70a	3121258536	1791338421	complete	970271
889	reveal	4b0faab90ebcd2f1a4358f1f033ae1238c5089567287e6bd4470500393bf38b3	51fb232b075cec2e3bbb10d4990b07cab01b8ea8cbd47247a7eab9cd365b0375	108e9186e8c5677a481fc510f3af3088913cb6bb4ffc8ac5ba072d97879654581e3482b8f8912951	3121282038	1791338503	complete	970271
890	commit	b7204de4de0c4a370f2c9db75a82ea537cc124f153acd4638515c5937c196cb5	09cf8787b7ac6c9561773b21d5f3f9f1ec1dfff387832f8463b95a21ac122a70	108e9186e8c5677a778ffaa976795718406edaa5c44a3fe7627df6cde95056f0b5929a9a26e1c737	3122202476	1791342021	complete	970279
891	reveal	411c61d5b8fb9ba9da2f7e04f7514165c8e99f339489b0c6da98e6707c515368	31ef97d59e22d0e146b41156a1dd02280909fad044a5717af15827416546a61a	108e9186e8c5677ac7f2b36c8e520a5c1c2ceaec8a684f0bd7a4498bad219406ac528f2087d94855	3122222973	1791342103	complete	970279
892	commit	070cb781200b569f5dccd53ad98d1bd52d68ba952fccf6069fcfabbf0c5b9033	1c718b5f80a9aa4b9f61a926a0e2eda19e3d06a5b869cc4289954cbe157a83d1	108e9186e8c5677a349eba1f40872d3b3e70950b626dbfc911700f7a740b55ccdbebfb821e55cfde	3123154512	1791345621	complete	970286
893	reveal	db4ebdd6fbdc07cb47fb65f51270ba4848e4a74c40692585d14da49f61c47fb8	24a6614a2596905c21797d700d1e526ebc0036d6dddc8400e28889c364bed047	108e9186e8c5677a1bab763774d2f9c679cd26aadfd8ef556ae12a21e3eb2292c93c47eec6f293eb	3123175632	1791345697	complete	970286
894	commit	3e297059145c28b85a60d5aca32ae8d558c5809d378e3d21fc29acebc969f65c	2fda488707727e02e2aef4cb52ebebdbe9483ee7f4511b8456ca0f820331ea34	108e9186e8c5677adaaec64b1e39425d8ffe3be80068abd2ba212e8001dd350597f2234b6f96f8e8	3124087451	1791349222	complete	970294
895	reveal	7572e16a9c26825192112a5408659e31071f31a9a7ad25915bb639f22862a54e	f8b35ed46a8c655b7d64f19513a77e2f6e6f90f1f078ad05a1d345a9213db95d	108e9186e8c5677a494bfbc658c01d66734ef0da9c3e0fec667030fcf9aea562b34d4b813eacc256	3124102915	1791349303	complete	970294
896	commit	aaba38e06f148c7e20e2c34ccaa4b9f4f2e460f293844d47b981de5377f6e133	35132d7303036a3dae803f65451fb6a9173705e58f571ada15ff80d42d491d1d	108e9186e8c5677abc31e406ae0f66fbab31c6ae2b9aa882a6560316c8e5fc0846f49b3ba8db7a2a	3124954570	1791352821	complete	970303
897	reveal	1dff28f08a36fd0c258cd3a60ab560830e567219db2f115932c8b9fcd2b95815	517b1eaf56def6e72277e6f6972e7deff8ee9315c80602fb7444d2757ece741d	108e9186e8c5677ad31e4435859a94cdf02e6512cc0da1511bffe4e277ef1fa3e2815db5f3c9a2da	3124975977	1791352897	complete	970303
898	commit	7b30b2a2ec767da3f78a8408565b9cc1f7459c51c544e34bb8837ba1e7a0895f	735c3220514a9b1606705105ed3bb03f653f7fa85df9b4afbacd1ace19fad7c4	108e9186e8c5677aef433c41946f540dd34f9b59e99a503509dcf71a6b28e9d55dc5572ecd4a2a15	3125942522	1791356421	complete	970307
899	reveal	bbd8efd552d5090c1717d8c79853521bf39717527b98e5a26fca5aa3ad45a02f	02ff7cfc5f67a2a6e625926162f2217fdbbc2f5c69e88d92b98096376fece673	108e9186e8c5677a0c39fd6d4431b44793fe1d3c116ffe847a2176c849aa685278711ddba3cfe766	3125968277	1791356504	complete	970307
900	commit	0776ad2d672e074706dd2080c5fd4506a9d72c62a227147f5df6be3e09522ef9	a0398d8feca6fcaa10a87cfa80b2bfdbb9e1d188b2a7d36c9abfb553d1ec15fc	108e9186e8c5677a216548523af30e8147bc4c1e9ef50016145407cffc082e9ef57e54b90f895a77	3126877340	1791360042	complete	970313
901	reveal	e22414867c7535647d06af8dcaebc6ee56c3b57c793f2fe08a61d8487cc3d945	24d34f049d153b548b0f1d10c48f52ec885d9ceb8abef9a5e63dfb42fd2e6691	108e9186e8c5677adc12ba218d72685e318a0e6e81b3f7a1d074770586c6aa36edac06bb01413e15	3126892529	1791360098	complete	970313
902	commit	a2c451442e062d4ce7a23bce2cfde9212d4e70f23f82f0a06888671544bde551	a8f64c7d030895c6576504c2f83560bd4647bc197da922d7fddd9afbed8f924c	108e9186e8c5677aae79e6aa588dd0e4629338466813bf6c9a51e09c714ef9551d76dc5448b8bf59	3127786557	1791363621	complete	970322
903	reveal	3383cafc11e9ab6c61f7e1a47317f00524e0e0974b0ac4bd1817c23807dbf357	10bda31a7fcb43abbc67ec5aa4360d8bf46f6c8873070942daa9d28cbcea8a45	108e9186e8c5677a459d71ac22194f13988365d8782f10946a16e9bd40ea1da92c29d58fd9d1ce51	3127809811	1791363698	complete	970322
904	commit	949c10f32d6daed77e854031d7d036e231b5c89b0c4e6cd876cb46d68ccd5c85	6cb6a67c8a6075c17750979a2478759f407524f0e8aedc007646d58b02d11234	108e9186e8c5677a40dd273ce5ace40e3bc653bca11130b5a907fbf56fd7d5c693ed2a23abb15b5e	3128763884	1791367221	complete	970326
905	reveal	b6ee3c600bdb822ebfb16a7a6a9f9ee37f6210d408599e1fb3e31eca8b35cd0b	c8c0b200910ee7baa133baf3dd7f7c630f988c062aaab3d1afb6e39e47ef2f4f	108e9186e8c5677acb7fd8c38064811a0a0ea7229c65caee1a71360c825bc0d075e9d4ef1a158687	3128786484	1791367303	complete	970326
906	commit	958a32dca53cbfbb9ae82e1e773f1fb3c4457e83544b77f6fdde7b6bf29b4c88	9c65d79054d23aa1873b29020532b1da28c27f1de8d491f86a661733cb6640cb	108e9186e8c5677abaf611c8276ecdb98693b0a5f6dd08bed947ae7a4a932fc1611d437cf082c5b9	3129730411	1791370821	complete	970333
907	reveal	0f3a5df5aafa2f62c4aa4508d38019bf62d9fe24f962f2bd8c1e30d6086f7639	daaa884ae26cf8a23e7d27b38b73924ceb211ceb87b1a4acce852135beb14345	108e9186e8c5677aa7fd439202ed939a20b84eb22dbd2c4ff1a339cc24b43d9db354048f02ccbd45	3129752761	1791370900	complete	970333
908	commit	797e4e0efba7161e3398b3aa7d9abe39eeed32cf58b8b46c8d38c34973db31ce	9b1ee131eba3a91bc8a1ab8fd5256ccd6bfb3fcf35d2f773c0009a344095e61e	108e9186e8c5677a28c21e40832f30d8b7b58f91f036c60b5ceeacb65810793f14638a39100b9e57	3130637535	1791374422	complete	970337
909	reveal	929499fca959be888dffca307a405ecc12473eff123e04edccf077b432d8856e	7d8dad351cf7b6aebb35ec83dd300b5710f698210cdb17c3ca8a03e06b374c6c	108e9186e8c5677aac3b002331ccc26f9d0c14e919eec2c9b57e49068cf0ceb46976ea17f1e6b8eb	3130661754	1791374506	complete	970337
910	commit	372354a5eded80256971609ced673f9fb550f1ed5aee6c3e4568f1b15bda2700	c1757f7a43bcd1658693ada19258ddd08c1fad05696eae9d05029967f93dc87e	108e9186e8c5677a02028a7dbdbf91fd348c324c0f8b6c2f003f289785c2e96f62ce333b6675cea2	3131478678	1791378021	complete	970345
911	failure	cf2711e69d2d5e182e5d6bf1175e46847d527e33ca9d4cdf634d7f781ce75cff	b8cf2f35e660ae7993d8c57107df9c36fdd29e933aebdd03ef74055ef352c695	108e9186e8c5677abfda85f12fab1a73b97954b0a6f2327e9ef351ac7ee03fd94402e4f1b2ae1bbb	3131503679	1791378121	complete	970345
912	commit	ceec1d155cdfdab9898b762bc1ccbe8d092b8b2fc78b79b38c78651107dc5bf3	ee221db1ce41cf95a8602e80c7a2140e0fc9ac21271c7cb3450b67d76b52d063	108e9186e8c5677ac722651b8a3054ba2f525753f834138be2734229a4a731c9f943dd43c4a48430	3132420857	1791381621	complete	970352
913	reveal	9ab859bbdb65eb43cf058ad1c093ecf4a8f2030450f16b18008cf13fc2459b67	7805f3e464349cd3c0b5bc464406bfa9a48b8b18feed02a8371014bdc49cb823	108e9186e8c5677a4c572221b11c924287918d059cdf7b26c7ee9c0be70ffc70ee429ab8a7bae94d	3132444460	1791381707	complete	970352
914	commit	57639e7cae675e08a247fd552afcacdb0ed9f5bd22cc80697c3e9de92a4895f1	47a9a29c7efd28ee76a9fe8fdb266d07832fa7aa3a81d274774e7dd55db9781f	108e9186e8c5677a877e342f81e62c7c849dc2d607e91aa46a648c6696ed8507c4b15d745c9ea2fb	3133302161	1791385221	complete	970355
915	reveal	8ab477c347702d69f1a10f2dc5d88aca5644d3692a4c5b34e158ef7a164ee7a1	901187f90e8c43f6431ed74259660f52f02e6dd39a23dd7b8fb8480551ac2011	108e9186e8c5677a13fdacc81faec98600b24dc9acb9f658bd81ff5845f7d7649e8e00aed0e216ed	3133317941	1791385303	complete	970355
916	commit	c26759ebe6821ce63784830c157b952c52f2a4b86feee2a676a2516ec52d165a	63f0d0eff1f137b1ddac8790b22448ddca4b7a12657bdea166b09d21af640edc	108e9186e8c5677aee71876f8ab25334308c831d739438117518e7fb6c54f5799a1a69f13aa5628f	3133587378	1791388821	complete	970359
917	reveal	1a248957b90e837887c07d816a9b03ed353160b78bb3fd977e29cf20ac83b739	8d037ef18f53ab959dc4b42ff881517445c5b47619f30fb3d1eb2be1073d794c	108e9186e8c5677a6ffd74f8e58e3891efc0a4028fb24ae07db136ffe5e3e3fe5f69aa929fd4b2f4	3133588899	1791388901	complete	970359
918	commit	4a4b643b2cbfb575d97bd1f40d6681d2b8782c0af5df04db9b2e8607547d372e	613495a3be19cb25356e08904369b44570f1df7debe74c5761b7b2e462b96d9d	108e9186e8c5677a2f3aadaaaddd49d1bc7c2ad8a825586331dd155b0376b80eae3b362c4616c9e4	3133791439	1791392421	complete	970383
919	failure	c7bb2ef9aef1404861b3936e0cb86183f8e240c157af8d8488bc245613d4f910	392fa7e7ab45386a8d7574165c6c42da0fbccde5a339638596ee4532af99bd8f	108e9186e8c5677ac1df274ab7005c077096e5e0f41b0eec0f3f0eec1f40734b37c10714533cb800	3134618943	1791403201	complete	970385
920	commit	04c0b739b7ed26afa03570df609c9bc2bdc462124b99d959809d06782e734136	9be24e1414e33280a3122cf1176627da89a521663e4fb4d5b6eb66ebfcd4ce34	108e9186e8c5677a76278122d11b72648d21e501c0c83192dfbfeee1034f580f6ff173badb459fe9	3135147852	1791406821	complete	970397
921	reveal	61563073f84d10c1fd503656ef2bc527f8b0df31a68e7fa14eaad200bb020a54	c8d288b178529d6183217f2f752abab021e56f0b879894d343d8afddc939e7d5	108e9186e8c5677add3fb5dea070307070ee171ed23799aeed8d3069e4d7fce39e1614667c4f41dc	3135154402	1791406900	complete	970397
922	commit	d7542e0dc4a2176baf80aef021dab27fcb836ef73191c2b5ea7a77f103bbcb03	a2b1aef741bf92a852af334a00e44a4476299e7f3745a06bd14f4f006e5231c8	108e9186e8c5677a8d32667f49dbe1a19bc4e4da065699c1c640747f9d4029fcb15eb67f9d6b7b54	3135366178	1791410421	complete	970400
923	reveal	fcf4c7847f960a92eadacf6430c1a1b8875e79e02d6cd512d653621bd12547ea	1ff156c0ea69f50e56410eeb22e28e3dfbd6d83f065cee5e66f9f704a1723224	108e9186e8c5677a73ece345aaf5ac66590c29aa581779b3354cf55abca0d049839b47840a87cfaf	3135373081	1791410503	complete	970400
924	commit	e4a88b01687390cc9504799460a11650bafa61551ff0b9ce36bee51163f186b4	23b8ebec2c3b2f53927c40d90aa0230179f3d999028b9875f042b742674e7c0b	108e9186e8c5677a14a4dbf655571de33d726ddea61310d66d90b5aacee1fa7b9f26369f1ffc68d0	3136010990	1791414021	complete	970407
925	reveal	5495afd94d2ffd99557004c739f6c4aa8c0c9b1ee707dd6a43b73c4f300ce5b4	8990e1fcdaacfd31ec96f24f417134c6d87611d316a03104a95fdcde6c3cd83b	108e9186e8c5677ad6ff6a263bdcc98d03e0d9fa7ea73c51331d42b80344e726f0d326d5a4282dfd	3136035244	1791414104	complete	970407
926	commit	05dcbfc1d4a86d101fa48b5a8e19f5bb8dfb8f262092334f8f2de5c2e613bbf9	f531d5e0aeba39d12bafcce0534ae92aa2493bb5151ef04ac493a42a5f5e5172	108e9186e8c5677a30c5c207102840cd430db7571ba7f58f194451e0e973eaa4c322ba30da7ce64a	3136967602	1791417621	complete	970411
927	reveal	28d0d3c5ace0fdc50054ca3f3e8da7720b72f4c468c7b5f096499803d2ee967f	0e1bf88c51e19a3dd15a53471c796907fe0e3b23c9469ebcaadb456545624f86	108e9186e8c5677ae00899ae5c9c2568d88fcd117084673cbe7e02c37eaf64bd48b3627cf2d295f5	3136990309	1791417699	complete	970411
928	commit	8dc26ede21596a0ba144ee430b71e4b4f485bfe6dcf362b3fdbd6eba38cbe0f8	721386ba6bf583dcb3a2d1fcfe2682c0e653ccff5c7d391ffee761ba276e2ccb	108e9186e8c5677a15185b5f9fc19c891612bd1e3749e97b4f8dab71ce3ac84ce899e6244b29c4c1	3137835059	1791421221	complete	970417
929	reveal	88e3bc06a09494208874e64f2cf7772acab6ad770fdef956537a1449247a5b61	0927ac3101858769a8858348f4e07df2956a6bf2c120437632272406e1e6c6cf	108e9186e8c5677a8b3d54b3467ce83f5043e8567441899d64d4625656b598d871e66218fd4deb65	3137856153	1791421299	complete	970417
930	commit	a865e9a67ff74663a795412cb9de518a5fc6ddc1c080eaf2984d5fbf3ad8c63f	16ce5a742cb7a83912270428aeaac1e2f3d03730a4a8b798f33e423117266b89	108e9186e8c5677a24fe84b16f51e738c91eb784b903d5ea8cd3511e3f45b802c0ac64d9efddec35	3138725874	1791424821	complete	970424
931	reveal	a9a03f0c553330c10347a978c8316d29f1a89fdb77fc18b6d577015d5418cfc3	6deee928ddd78e5e7ee59ecc86b31857f4409fc4c7fa372c0cd59f6a0f75fdbf	108e9186e8c5677a0d25e52867d83ad22161f996615515bea202d935590918a070d01141ba042f0b	3138750124	1791424906	complete	970424
932	commit	265453a7602a1c32e9d4a390994618c049a97df7b062e7016b696fb34b49af46	b48537f2e47fb746af695737603ba241a90a0c110e4a25e94b8e3190f68132c6	108e9186e8c5677ae60493deb4b40148b7c7ecba756249763715f81e3ac3f52ef06ba1198c2626ba	3139731929	1791428421	complete	970430
933	reveal	adda766a8a6678ddca9cddf1578a3dbcbb8ca0e4b3566c1d29963d98b713d659	b378a1ddefc921c8cc1a082432e1a9f2e3f6fd9dd7e497a2a9dbe0add55c5568	108e9186e8c5677a1e18b9e26df60f78883b469b9a802c8fd3f8dea215611d353ecc10c0f7dea660	3139752501	1791428503	complete	970430
934	commit	e6d1e3e4d88b6807d232164279f5ce090854c08573a78e3b71372f3757f47bde	2221890f4d5c9c18d503c101cbfc3c33399e2bcc3e715ffdcdd598d8c4b6c97c	108e9186e8c5677a02457f65da84273e6ac3846d87091e6b366ad65bff7dc4275869d5d2c870f128	3140570811	1791432021	complete	970437
935	reveal	ca67c94016ce57ca7ebac6b5bfc5ce29e4ccaee47b1139a0fd5d5cc785fc2cce	aef8abb993e5ecadd31cf1abf198cf719509684fd2df654fa1de29c01745e094	108e9186e8c5677ad0e65ae2adf68066341bdec21da16dc68645dba0813607cb47b6af81ae464925	3140588606	1791432105	complete	970437
936	commit	dd938dcd41b520a32be945cfa4832dc46eb204717af33b68748427917e100fc5	d38222d9c6f2bb90b62ebc6f5ff7b3e22c18ab3c658c89a6b069046715352dd7	108e9186e8c5677ac024955e924dc0cf4b5ae14da4b213e8976fa262460ee55f2a42a4a215a191e3	3141346422	1791435639	complete	970446
937	reveal	f57790b69f7e60c6533e499d552879a78cfbc511e865635fb3131de236b53b45	3682e14eecc6ef088eed665ec34272963b367a39d58a66faed1655221234abd5	108e9186e8c5677a9f136e8c9f1325a09a87ffebb2cef3d503777b35696c454ffdbef1e63263063f	3141355887	1791435698	complete	970446
938	commit	e2478328ee8cf4ef72667318615fbfd803b97c5e7e9428d1fa60df7d0691a20e	18b320a7c06fbeb5c8997f2ab944f019c2aaea612f929e989c5ab0502b3017b3	108e9186e8c5677a96a23b945e7a7596c84fadf0d4e178595444d25bb2b49ceb774dff269bec26d6	3142258264	1791439221	complete	970454
939	reveal	882e43d962abd73ed56ef73b2b980bcd27c814f0f8771bf74bf2e280fc30e2a3	3de9bd83e5016e1c36184eb73c8d4c2a6dc493edff8687397c940bd24693e4a1	108e9186e8c5677a3753c2ed78af9ef816776c085e3000cb8fd73c9f34fdbe5f45fae095edbebc67	3142276163	1791439302	complete	970454
940	commit	750dad5f541ff3862b2e8b920611e9411990fa5c6e15f7fe46b2f4ec5c5d7ac2	a815df1fa0c01ea16c1d34b03bab1ff746c0af4cded75519579c6b135617a548	108e9186e8c5677a66b99f60000facfd9a54768b305d866520a4cede8be393d14123e6c20cd6aa1f	3143167049	1791442821	complete	970454
941	failure	1db0c6709aea0433b7ff9b83ae4a3c911b51e53ffccfa26c58e98cf71508d6e5	6cfa1701a84431017a7fc5c4a944c457ac488d8bfcf66579984e484aeacba68d	108e9186e8c5677a9960a0e34c9b90a0574dcbc0a8ffa0574616b67071ccce26124edefa6f259f2e	3143194716	1791442922	complete	970454
942	commit	ea3712d55cb13f6b928945e5b03b0398f663f7f1ffbe79647803bf8d1513081f	5b1fcc2f1eda556c289064bb2820039b675ca2439e8fcbd61eb0957a618c72ca	108e9186e8c5677a0453f2fff418375d4f2986f91d03cd5c11c16b72dd9ed437afa71f843d22755d	3144116427	1791446421	complete	970464
943	reveal	006f5cdc2376b9b12d7abccf87215ebe4fad4bac3cee7a56f7e915ea3955a61b	f66a3888c7602d4317d6a29b44aa6cd2691b842e336015888997c1b44e8192d4	108e9186e8c5677afe97d93b9452417c54362dc8d3691061f9cbc89bd57fd1ce038835f384cfd2a5	3144130476	1791446499	complete	970464
944	commit	1ae388863eec191397ee028b855dad66d4bf62fb515bcd93ac53de42ef81f91e	2128510c578feec69dc65e597a38d7fdef13be02da2446b1f35c916796d12569	108e9186e8c5677a2036c871a9f383645c00648211d1c1477ce92e61570105535bd062a36aa451bc	3144926774	1791450021	complete	970474
945	failure	f5c697880157e9ddd48fa1c19bd7561adcb483b52e6973ef21014658fa9a988c	095ac3237aba36263b16686aabd4f377e42b4da8d2f93b92eda4954ea4d63844	108e9186e8c5677a1316133f66531b4fc77f00c75a805f04269223a911d407d85a039b7ae1b910ba	3144953100	1791450125	complete	970474
946	commit	147261c5b0a76bce372afc65d7ff7f17d2d5d77d24aa71504340e30984ebe94e	c7c452aa9d81cb8b109ee94bb6ac4e7fb4c0ed80a16600b3d304fe4e888409d4	108e9186e8c5677ab3fbab0ff7f4a39294577dbc6a5085e10eacd2e3577b7ad0414dfc1a82db67c0	3145756310	1791453621	complete	970476
947	failure	27c1adfc272c1e14f170188e7452ac12dcf6c5853f0bd1198ec82d908d890206	6170a6e2b22326a545cd33578855c73f86cfd2a972cfab87f9b4413cbeacef95	108e9186e8c5677a3f3fb952f0012f640a04bce74208915688deeb8e32b82d6d738ac9efc39a5ee8	3145786256	1791453726	complete	970477
948	commit	5abaf81f82067966cd901a4e864a1a417fe57e8c06f76eaaf9d712db7448115d	dba535733a67df0969b35297bc5aa14856c9937799504de925689d740b36a2e7	108e9186e8c5677a9dab1424d13add34b69b51e8f8ee9a314d909aa10d67efb7e5fc9596204d672b	3146744853	1791457221	complete	970482
949	failure	7fdc5500801c806681fb8ab4383e3f6f5bd5b15837ef2d5e7e26421d02d0e365	5bee776c47e9c2fdd578ba5739b3ba61d9ab1ef260ae735000449781bbdbd6a3	108e9186e8c5677a4d98aa0d726a01381d7a7088e82ae9448ace08ecdeb21a9d20149217517155de	3146774732	1791457325	complete	970482
950	commit	1572860654a2d963aac81b8636b5433de79ca3075c006db7448549886f2661eb	180f8fdbf6dc683af00ffbf7ba7bae5cba923bb19877fae2b0fe16e9f093092d	108e9186e8c5677a9b2d81617f85e1541e441c4cd3d2d80ed1534d5c6c3fcb638d3a4c3127cdd366	3147693563	1791460821	complete	970491
951	reveal	4ee96220744fc4b82667599aba77fbd5d77defd59625d7ce8158d450d722c48a	de7d12de2d453fda89a13323abcc007fe56e2ac818c708d48699ccd29e31e761	108e9186e8c5677a7cbee0247789f59752e15426d34b968800513f824fccbb00eed4b391bf7beca9	3147716494	1791460901	complete	970491
952	commit	cb023d80fa32589a2f115103f0c9ed6c54486ae0691d49c5c04abd0397f7ca7b	aa244c33ce49353c2bae25c918d0d5a04ec2ba5c9587e4fb4958ea48a7f7307e	108e9186e8c5677a8e3bf56fff81a350bcf3372c765ceb546f2cae463a67a723e5dd99c0d292c589	3148611880	1791464421	complete	970493
953	reveal	8acd3b226ae8453c7a2b64ea161bb57fbad7be69ee1bc36b22592bf22f3b009d	b08ba64ce30fe0c70622658292bca022563a017371f37488f5112d4cc804a2b0	108e9186e8c5677a9e173bd3552c2af13d0d2635b690598fb3615fe300341a7e9601fb7e2b115537	3148627762	1791464501	complete	970493
954	commit	b61af2cc76a8af98470b714cdd4e8dd96e61e0b2843090b43cb51ac0e7ee7412	6aa05596b621dfdd5b4b1ca218d663a5e8b2962e42a59df753ceb57c3f99aaf8	108e9186e8c5677adac8940a2ebb15f2cf1d8fb7c8a8dd3a48e70afbdcd30026f1125c4d4eb4dc25	3149424956	1791468021	complete	970502
955	reveal	9a39ac91c58b6867f0c12784ea9fa046aa34ead086db47a67210044f01004d8a	c3523c49d6b6f1ee0bf2f5b6fe2e39b96e95a99de003114f6b3183cb399960eb	108e9186e8c5677a37b9407f004a18278ae7bb7deb579632e481c6f27795e1aaf56034c27b965326	3149443696	1791468108	complete	970502
956	commit	39b0753d2a2ff21bfb5c6eaf1cccc5438b9c5c687686a10a2c9dd0eb086df051	58056108b72053240af2b0f6b5bd3411db9246dcaf2f465451710d49543a1cc3	108e9186e8c5677a1529c3f725d5085c1bf71138df22f7e2f73fac5e8a8744dbd5f88ae045708edc	3149977968	1791471621	complete	970505
957	failure	83a17383dcdf7188d10a7b684046e8aa1563af9412813c5048d56d34df6e077a	f64236952fff14a7e1d832ae3b6be746b5d25aadc15c3a2c72e25b69aa101d48	108e9186e8c5677ae2cd0f247791ef84cb496ddab0c4b9629ac0c96615d6aa75b1a855b6f700191c	3150005765	1791471725	complete	970505
958	commit	4fa09ccc7b8e64cca16c02581ce9bfa191de6be605cc23bb6aeccf89ce5eddb1	e6c02925a5ad0f18a9ab0bbb7f97877b75b81a623c967f4e75aa336ca5c5dfa4	108e9186e8c5677acf7eeb6c8fcbace51d9e10066f020ba4da4e8b20a8009ea2c59ea5b7afd5704a	3150260419	1791475221	complete	970517
959	reveal	8aaef9a90ff16dee280b2cfee5f9119992c12c2d6b75f33004c294b84c13ed96	62e8b9f36d553e4e1ebcae748e3ee343504b22cb81aa66f7317016e439e21814	108e9186e8c5677a1bf5fe4ab3c2e6c39d8f9667599ed712e0443061f170ebe791f859c2d65de86c	3150261685	1791475301	complete	970517
960	commit	5cc8098a3781bc28cc592bd852c7ca8bfde639b2d89997a8b5568e7d403371f2	cbc646e270eac6519ffb9415c6a1f967d36cde5afcba79642c1f8e6cb71506bc	108e9186e8c5677aea945a64a346ea21521ae884258228e06606c150af932b227261604303e2a032	3150526733	1791478821	complete	970517
961	reveal	22e2a77887dda0890538da4c7c84f986f078dba597ff2edf438c52ea8f982cc3	2dacff754085d9e4f8df2999cce97c7603cc30495c631e74d21119e74336a561	108e9186e8c5677a26cb35479421b1539452d887f8fb91a60698fe09099ed58a347b88709ec515a2	3150540385	1791478904	complete	970517
962	commit	609437f3b09edd955ab8509f482ea8b4ffbe18e7c4000f80567bea46d93190fd	5477d0e035a6d703d5bdfb75e2d063d939a3a22f11f8ec6e3b58a24cccc3932a	108e9186e8c5677a746a2c39d1bab63dfe480aacd48436c594dd654497490c80775ec672ecf642c9	3150841168	1791482421	complete	970524
963	reveal	a204d12247cd1e3f2f6862d5ae90a30e6016314c19c9c3834989d54a64db3e2d	06f55a18d4000d5bbe9ea32a1cc89d28fca400e29222f6a98c990d26ca9b9cc5	108e9186e8c5677a82ff04379d549f4fcd2bc6eb7f28963721f5dbb09e4e83a6011f4ed306203ed6	3150847958	1791482508	complete	970524
964	commit	0f201c013f72430008622fed827f61488d39d9dc3837a94600bb43a33d2e830c	62c8978cc8bd9fd0ff726fe31843e3690324836c9af96f0c126762730afc1a3e	108e9186e8c5677a1c81a32dac18f0c6d8e4698b2ecdf5c7318b1f500fb8effdde82d815059361e5	3151099774	1791486022	complete	970524
965	reveal	5aad27847df2a686bf4c22b36da58b3a30e2d5a5f0425384ddf68f53242e86ff	5fad8d32ee1c572ec7be9ed32aa2f42fb7ec52094cfec00bb42acc7580beff4c	108e9186e8c5677a4bd2f361c8ad491e43e82e13ac57c7e45d8ef5b43738e3c6bd67ac413c77b323	3151101834	1791486133	complete	970524
966	commit	cf0b1034edce6570b015317ad2813e653804677974da54f536478357d7fb9848	88e7bf264bc837b0c0b9e34c4c6502d2fef094a544019074eba1cdbaf596b417	108e9186e8c5677aef5ca596e6585d6a0240f10bfa5ce91fca987da461f7c9b2436c9e112f93fdbf	3151671520	1791489621	complete	970529
967	reveal	3566b0b416b7d9146da9ec19da046700cd8b9f6e57c7dc047ea3e6cfdea60668	ec62b1db6c52b67e31d375400d440839dc7e08231ebf589ad6e7bbbb8e52ea31	108e9186e8c5677a0bd52a3ef09202425af47f0385f7236c7f1e2b0acc0507b99fa5952bfc6b4b0e	3151690308	1791489709	complete	970529
968	commit	40fdd8a2088e402150709dde47799166e6ee9c04eee3f2ba1181874fd0b1f0dc	f3b19e7c3c7afa6d67e6322e2685265b6103d96e3389fe867d84a87e05eba817	108e9186e8c5677a552386aedcb55068933b9a140b6c60a855e1de74463519a5281e4aeef3fcb437	3151968309	1791493221	complete	970534
969	reveal	fc30525f2aa3b1e98486a870d0aa653654d3d4f6e0cfd7fe15eedb2b50d3ba1e	1965896a7cb3ecc716698a130e9bc47bef2860c678563898781444b23c1a405d	108e9186e8c5677ab5bae9fe95499fdfddf01a15ff09ad00d9c199fe222f5cf35225764cb012b8a0	3151972231	1791493302	complete	970534
970	commit	c5cf208d9a5ac060921e29d6fb5e528b3f5926cf81d5a56a755003874bed2baf	17b4b2ae2da7d2ae0d5b4f9fd3664141d8e23a6ebd77d94e2ee0f7dc3fd87794	108e9186e8c5677a15406e50eee9603c6cfbabd14d4d0ad0ec0447370f694fd8ce35b401dd1945f2	3152354878	1791496821	complete	970540
971	reveal	fe7e099aa98bca38757a986111c1973eb669f1b7ba8ed6faeba1d345de6153b2	7ea6d39973f1310617acbac5b8e73a5663664c4e04acf4875368415496e053b1	108e9186e8c5677aa61aa9f2c934bb431dd469cfdb06b0681ca7733584c894d1bbcf82d81f0c1f2a	3152359631	1791496909	complete	970545
972	commit	a68792e150fae6ab1ec0db07aecf931fa5591693f0cf0832e2126574fdd5b86c	18294460ba77b10606020375928b64b7c6be9ebb7552a9f315eb7811102cf2d7	108e9186e8c5677a0bbe7ab572f5f2186c9911e79e929b4105553cfff01eefb45d03ca5be3a0e0a6	3152866146	1791500422	complete	970545
973	reveal	f8fe57b92bdc5188e8fb70e0db7a7d24ffa7617f51b772eb93e98a89c27f6939	661a27bf00a3f01e775b12ce20c62cb8de9737f68f34ed962665596f2e0629cd	108e9186e8c5677ad26c6c182745c31361567d43d74f90309d5640a1283e854b0e728a5977e4e43b	3152899260	1791500540	complete	970545
974	commit	7b8122e8840462a45e0073af547c854ab4b93e15ea76dd189397b951215ae696	f7d7b05fac4934fd9ef8942eb4358e068a70d6676a9e585a12b04c691980d149	108e9186e8c5677affe6ade0f3c304a65bcd5bdc5c7d79e29b739a098b7483da443a12ca55f560d1	3153757938	1791504040	complete	970550
975	reveal	69733c799855c22854a40bcca585103713d3aaaa8e7e8f3a67da3188c1146775	1096d206e12ac0ec004de75e3eb40e548f452e234a7b44c0a9b9e69cdd8c76aa	108e9186e8c5677aeba1490ac775ba1c05bafa3458b4f59c668aa5c94b769618249e233f7cb8c28c	3153768760	1791504103	complete	970550
976	commit	89d9f9d846137f4f20c1c266876e2dcd7c221d30fe778654c0f7448d9127a7f8	8d9f3d887145646fb46c98dca8d5d66ae5d63e758bf35ef0654f6f1ca0e9311f	108e9186e8c5677adc90c76ca6eff486f70537aaf0d9950c3c7112442cae24db4a3511112afc8261	3154181837	1791507621	complete	970562
977	failure	e4d41289a9f3aa0e847871e1c69eceff5fd1cdc165c79cabfce3ae858eb0f250	cf88df276c04a0e4e6790e644ae44a7940d127afe8ad964486303da3006773e3	108e9186e8c5677ab3ac88bcdd287e19546e734109ada489bb7ef460fe88b20dc9c17f30c46e944c	3154204070	1791507723	complete	970562
978	commit	8aac4a0e2b53620974dc7699d9888ac4a59733d07d3ecdc5861cecfb5b8d2d4a	f6709b09823fd64652d45b16a814787c2b72a757a684de5f0dd6bf28f13e6dd9	108e9186e8c5677a4e7f35892b56013172101b85665e1ba5d7b8e547260167ebc9a58149165b401d	3155082799	1791511222	complete	970570
979	reveal	db3bd77c6472c5c9e2bf2618ed818cea6f360c0a4f9313cc64dd447c714e7be8	e0d8058abc0bebf4d328eb48676a9dc4bb331b2382c7611235f4e1780ffa3e98	108e9186e8c5677ac48316518d7eacdcd7eb0f7849571da6dcb4e123162405ed20efc481ad504588	3155105949	1791511302	complete	970571
980	commit	4c074583145020dcd3ed4b8f8da33525c156a523630e2a72b4cb86b22d6b6a53	7a613e993ec99fe77a72f897c496ffaaf1013252645b6a3f8775c44a2b6372a2	108e9186e8c5677a04378fa0579e8ff625b184bf8ea881e595d63e480cda10a5cad922e79045c261	3155954818	1791514821	complete	970577
981	reveal	25095464a24539a2b2f6197b30d1a94392bc0cd260c9a6aa53bf70084101293b	2bd9d418e12fb87c1d4c79eab5e16b53313fec24cc9e78961479dfdf5e60deef	108e9186e8c5677a4c0daa21116a3f433ff7da5a986eb9efd76a0755d1c106cbd1c664b601663570	3155974981	1791514899	complete	970577
982	commit	f97c846bf281cefce3adfc2874512c0d6f729fdf16c208e2ece259e45a15fa2e	c83d57548435423c79d2c2f86fec18d2218433cec83f063d759247f8dabd8098	108e9186e8c5677a3eb2420c804536446e2e3c16db9f81fa509114cf1633830c7ed8bd750d1266f3	3156872485	1791518421	complete	970581
983	reveal	2140577d0aa8e955178932c7f9761196ae1709771e2935b559ab58ffb7fc513a	5b0ae8af282ce16a7f30bd3a2a19d6b866db7f3ba42ef349bd5fcfeb950b210c	108e9186e8c5677a26a42210f64bc1c6bc1a96a0b59fa13a9681871fbb7d4b349309a5b9dc43d67f	3156897532	1791518506	complete	970581
984	commit	5d91a008ff8be710a821434eb04cb4afe8ffa07c6803c989945179ef31b6264c	4dc58ef286157aa79920998f7e618735e6a9dfb26a9faf6ef33428f428892fc9	108e9186e8c5677a8ad9114ab962c499d72358d8b9ef7f91bd4ef8a1ec96e09edc901a32d7e23183	3157724062	1791522021	complete	970591
985	reveal	c74298a9e0dc8b411844bc6952153e3325a36705f1c39d522feb1956aaba488f	c86e478bdc5e818feaf8a7612ba1aff5dd5ac0094727924d0dedeeccf7e42ede	108e9186e8c5677a5dee9f73d94cd514cd56a4045d7e3121fe077f6c58cfe02aadb7f0e0d4aa8823	3157739119	1791522097	complete	970591
986	commit	21aa409db72e2590b020abbc9497c733adb81d5138137c34249bfa0525821037	aa0f3624e4c409a646d1c8eac5d77800296fbaf87a7b230b185f24ebfc48ba56	108e9186e8c5677a1f608fa55ad22436bbca90dc9adb6ef5d163ce0e9917e4cdc006ef56f60cb743	3158500855	1791525624	complete	970593
987	reveal	cbf13ae131f5487e3079e6f8b31058f20167940435152b043b2766344f2d2eec	03098b946a6a4b0309d922c39533496fe27e65b5a17f9313278c0d86cfe4c102	108e9186e8c5677a7fd0eca43866a99236d9c4ae645ba0d98dfea229be2fcaefc6bc546787d1c095	3158521637	1791525701	complete	970593
988	commit	8bcc52a80928275b40cebed3251d45ff1e1829c28fee0164c47ff9726bbe2dab	dd65c0767f19d259c083dd192f3e393e0e1d6da8afab09726ab214b44710ac5c	108e9186e8c5677a6023a71112e18441b058936b4f5e2fdcf404e26d6c632f73b9f02041a6d77b28	3159490718	1791529221	complete	970598
989	reveal	9d1742cd68e2bf4ede4f6d588aab5295663bdcfc357aa5c3580701e51b5232cd	ce08682209d3b5671e42681793d1407c3688bb48b48b9da1053782cd744b21c4	108e9186e8c5677a5935839827cc87821a1cde1d004dc4b6459bba8fbfb9e05b53fa74c01b255ac3	3159517528	1791529310	complete	970598
990	commit	46bd9d28e4b921573962f83dbad1cebbbf171f8a16b67f0adacc0becf4e30951	2731e8ee96076d8986e5ab355ab490048cafbe06e471ebed2b2b3bb3206793c4	108e9186e8c5677a3e81874fe29f95b32b6fe90de8a8ca9cc07c23e278a4b553db7ec7b52b0a2c8d	3160503605	1791532823	complete	970602
991	reveal	00c85957c8ad6798a29d8a334b1e056e29a00714de7b35d16dded3f37daa4e66	42d8f0a70f97f96b45652eca7f064f8fc028c2267ab5022bd9e93dac7fc3d777	108e9186e8c5677aae5ddb89fefab5fd5cae9d531312d5d1fb9bf9ab805990281558429203971f95	3160527704	1791532904	complete	970602
992	commit	a7a601d1d51c1fe8c405f3a86f5f593bcd6cdd52f31d19d028c5d5adefb8ec86	f60a9ae79aa21208bc4bc0dd8f117d667487f5709eeef9ad9f278a915b787078	108e9186e8c5677a7d947900b1ec43da483829305096a4f66553577728d1f994bf5aaebe8f94d023	3161507392	1791536421	complete	970605
993	reveal	3a45a3a23e6cce667fb98323c2b6ad68679042791aa827bf516c5a262a9135d9	67a9de1a5a90ddc8d8148aa1b50ef9084e6c0d743ccc462f3dde86dc8e971a03	108e9186e8c5677afc8658d820484f3bd5a7c099e62a92db97ee89f9d8007782db130e5f543feb21	3161530395	1791536504	complete	970605
994	commit	7b168c949b81789f181f21b624d29667d5f0854cd6dae0c988bacd1a773481f0	d375b5682bdb15062563131b2eecf906ddb2cfd614faa2f4299e1e93491d267b	108e9186e8c5677a542a484d146f9aa3497a669334de7f0ee5c409ed08e506e2d229d0ac58e12219	3162381919	1791540021	complete	970615
995	reveal	704d97eb7491ce80fbe0b7c48e5f6f974be0d44731fbfd267b1b3730ec6ca9ce	44ea85bb7493fd06316fb32d7de81caa2da059f69a3a05c818f84d417d40651e	108e9186e8c5677a6c79cc8a3f8334b840179f55941544b5b1c90fa9291352536e3c0876e8270745	3162404017	1791540108	complete	970615
996	commit	17a69e1cfdf7e8b57681a936b39e5f53af8fae616802c66623e70bf689fb09f7	39300a3ce6027e02ecb65075d0694957a09c5eab0de6e119edc65bdd38e5973e	108e9186e8c5677a28af38bfe7ce6e589532a89f7576d7dd5a0bae7448753c34768e191e78be5272	3163305208	1791543621	complete	970622
997	reveal	f09363e56910058e6d7a53f98717dfbc997b882ade0eae2cdd5a593b680c5295	c4443176966cbde1c9b6bd36b3ef40b72ed52ea669e406554559c1a7c42c7cf0	108e9186e8c5677ab7ec0e4b44b85a3e34e07be49321a67c8812d2ee6fa28be1f7787a7894f537c9	3163324250	1791543697	complete	970622
998	skip	c57c771387954cabb073abf3544f28db912aea1b17b7010d9088df707caa4c23	106d70cc25f8f605822d55628713970fc503cdc9f300ad9175eb89d7de5e4aef	108e9186e8c5677afc2d99c6b82f78592f63ba6c2da49686933d068affce18fa38c6e47e7d911c89	3163853659	1791547222	complete	970626
999	commit	8806d3e4a18bf23f2b8f14a1808ae17e107b434e3df72b6ba577d22f172a8687	51102ac15cd212a338cba130728a708fb8323e7a90d5737f2068e796a0035f32	108e9186e8c5677a346e9aaeb7c9c128640a352a9b311f0d1ff21bfbcc2d4abf479924257453df5f	3164727135	1791550821	complete	970635
1000	reveal	697eea35e470c68a8506c27dd9297a3de37db1c4c4431da38f25c2ac063fdff9	f4379c7081865a61c2bc5bcb2de36bfc002131a1939780c0a6b7f89871397b5b	108e9186e8c5677a046763b4e9d8d0ae3f2a0a1bc8dc041e3df205ba80e1554b2168d5213fb6f7cd	3164748949	1791550901	complete	970635
1001	commit	6b3e32f7d9f1f7ad46b942d31559168f62c58a13747fa869cbd0c6dcf691741d	f373201063e5b0b5839b902fde6e281b5d2c789b94f1228156d9d7401e6b11b2	108e9186e8c5677a417767257527313cd34ae2ff93247884e9ebd1fc37dad4ff77e739af941897ed	3165669709	1791554421	complete	970644
1002	reveal	bce4e502bee9aca5e55f7ce7aa534fc8228f63b07d91fb857f4c83551a5c098a	d2c6861a402511bab0a12afbf74390fee24d8b0c5d3183f3301011cc44c920e0	108e9186e8c5677ac09a2ccd00f30ed92d520800be5891c9b547a1f447809be23f1bbedb03a57462	3165691356	1791554498	complete	970644
1003	commit	fb5ce042c83a4a50ca472a75eeaa2dd6d039af9243c365a88e7e24378d9a744b	c9e54daee2a756607b0cb14fed6bb0a5976575b2360418ef8771c2dee3a6e6c9	108e9186e8c5677a6f3b2a9b4ae207ce95fa4232f45dc28173cfbb86a762cd2c84a3fcc001174a9a	3166449974	1791558021	complete	970648
1004	reveal	5bd38b2e79572138911a7edc5dce936037c690f4c36f2abd488ac4c277ef625d	3696b5fcfe98c6dec083fba44e4cd744c532e4298bf6e988d6701bc7afbb7f84	108e9186e8c5677af47033fe4502c7054affcd82b49d3df7ba5062035e2236d46803a08eee6d2ad6	3166467964	1791558100	complete	970651
1005	commit	7133205872ffc8cd3a65afc71594bf66474f01181574b54c005d9f73c5b4b3f4	042f1aacc7389dc9c0298c5837450c52fa77641e7db4eb454cc11a1eaa0f194c	108e9186e8c5677a9ee2540667a1a30aea72be9d411a5793e241254c132cac77abd97382bdcdb61e	3167362144	1791561621	complete	970662
1006	reveal	a5569b588fbbf568a757f644a7271de672d6f82d1c89bd43116d748795308b05	3a54a22766327da9d40a2d845d80c2ed654aa2276f8ee698ce62120b4f82ec9a	108e9186e8c5677add8f7d50300a76b5ec6f7e52fe4ecf4a82c5a2b20e0b59447b46aca867a32a3d	3167384431	1791561699	complete	970662
1007	commit	b0f71bf33e57d645f589ef1f3ec274c27b3a137d6ffb6706cfc45262245b5a69	92f16e436e081faea6addd6b839447984674994769b575e0d9ab3f9aa3ec7af0	108e9186e8c5677a1409b78e0e3da13b3d8eed7e22f12d77e0687492c02d001d312b05cc7e906563	3168159643	1791565221	complete	970662
1008	reveal	c2d40980418d7adcf6a6a83131f8570ac98618b72ab313e1f6a4325030404394	eb7660037af2faadffe9331c6873bd89afc718dc0a3fb359e8914e0dcaf48e7f	108e9186e8c5677ac24d83fd4fc6d195f1f3ade5eecfd9bf5c95aa332c915cf49e2fbd95cdaef8a8	3168182153	1791565308	complete	970662
1009	commit	3dec889950dc9e6e44f64b3e8e2f26f82de96169e3316e6d412a9f7f339b0769	fe9ec70afe81b8fe170d4436bb8040a0699785bd0f343ccd89590a6b0503ed4c	108e9186e8c5677a5a8484cf51968ef991ba5507ea122f55b93b2ee604a4390452207a19bbf761e9	3169035047	1791568821	pending	
1010	reveal	34801f0ab8c3a8724981c704340ce7530dbf51ef25ca9bcd2c0f059c26d7fd92	c4f5d0afc8a46bad98646f9c3f1eb0c726359398ad1eac5ec56c182fa29f0c89	108e9186e8c5677a80fd05525af5f29e635130b8c65f8857fa121e4f29c0a18c03a3ada1a3f7c4a8	3169053018	1791568901	pending	
1011	commit	107056a80d4670735b50bc2778c9caa1378228338983c8aadab15480ece439b8	3b5667b32209cf491a2bb0ae184ed20d2901d49b806cc2707fde0abaadbb89ae	108e9186e8c5677ad280c59338f729f052b402d7b1aa753108b0dba2ee357b774f10e754f9192608	3169950538	1791572421	pending	
1012	reveal	71372fb758171537091c863871196e5028a2ffb12c26118dc23c3c4f1d413279	9ee8c9e4367d54c8d23aae4a005378f25ea9f076542124e07f6946aa6ce55588	108e9186e8c5677a9f63ffceefbe3d49e3a419585daee3c784f861ef7ec7d4bd1ca73290eb570a5f	3169970998	1791572502	pending	
